[08:59:30.227] [Printer] RESOLVE_FEED starting original=rtsp://192.168.1.227/live
[08:59:30.229] RESOLVE starting original=rtsp://192.168.1.227/live
[08:59:30.228] [Nerdle] YOUTUBE_ROUTE browser original=https://www.youtube.com/watch
[08:59:30.229] [Rover 3] YOUTUBE_ROUTE browser original=https://www.youtube.com/watch
[08:59:30.231] [Rover1] YOUTUBE_ROUTE browser original=https://www.youtube.com/watch
[08:59:30.260] [Nerdle] YOUTUBE_EMBED video_id=B89oRmywnJo
[08:59:31.821] [Rover 3] YOUTUBE_EMBED video_id=TyXUaqscyiU
[08:59:32.118] [Printer] RESOLVE_FEED failed error=NoSupportingHandlers('Unable to handle request: Unsupported url scheme: "rtsp" (requests, urllib)')
[08:59:32.635] [Rover1] YOUTUBE_EMBED video_id=inCQ49QGmqQ
[08:59:33.479] YOUTUBE_EMBED attached hwnd=69610
[08:59:34.263] YOUTUBE_EMBED attached hwnd=69700
[08:59:35.052] YOUTUBE_EMBED attached hwnd=69736
[09:08:56.581] [Printer] RESOLVE_FEED starting original=rtsp://192.168.1.227/live
[09:08:56.581] RESOLVE starting original=rtsp://192.168.1.227/live
[09:08:56.582] [Nerdle] YOUTUBE_ROUTE browser original=https://www.youtube.com/watch
[09:08:56.584] [Rover 3] YOUTUBE_ROUTE browser original=https://www.youtube.com/watch
[09:08:56.585] [Rover1] YOUTUBE_ROUTE browser original=https://www.youtube.com/watch
[09:08:56.603] [Printer] STREAM_START original=rtsp://192.168.1.227/live
[09:08:57.022] [Printer] SET_MEDIA url=rtsp://192.168.1.227/live url_status=new
[09:08:57.025] [Printer] MEDIA_CREATED url=rtsp://192.168.1.227/live
[09:08:57.027] [Printer] STATE=State.NothingSpecial position=-0.0s
[09:08:57.030] [Nerdle] YOUTUBE_EMBED video_id=B89oRmywnJo
[09:08:57.712] [Rover 3] YOUTUBE_EMBED video_id=TyXUaqscyiU
[09:08:58.509] [Printer] PLAY requested runtime=1.5s
[09:08:58.511] [Printer] VLC_EVENT=EventType.MediaPlayerOpening
[09:08:58.512] [Printer] VLC_EVENT=EventType.MediaPlayerBuffering
[09:08:58.513] [Rover1] YOUTUBE_EMBED video_id=inCQ49QGmqQ
[09:08:59.332] YOUTUBE_EMBED attached hwnd=135310
[09:08:59.333] [Printer] STATE=State.Opening position=0.0s
[09:08:59.623] [Printer] VLC_EVENT=EventType.MediaPlayerPlaying
[09:08:59.657] [Printer] VLC_EVENT=EventType.MediaPlayerBuffering
[09:08:59.700] [Printer] VLC_EVENT=EventType.MediaPlayerBuffering
[09:08:59.742] [Printer] VLC_EVENT=EventType.MediaPlayerBuffering
[09:08:59.783] [Printer] VLC_EVENT=EventType.MediaPlayerBuffering
[09:08:59.823] [Printer] VLC_EVENT=EventType.MediaPlayerBuffering
[09:08:59.833] [Printer] STATE=State.Playing position=0.0s
[09:08:59.865] [Printer] VLC_EVENT=EventType.MediaPlayerBuffering
[09:08:59.906] [Printer] VLC_EVENT=EventType.MediaPlayerBuffering
[09:08:59.947] [Printer] VLC_EVENT=EventType.MediaPlayerBuffering
[09:08:59.988] [Printer] VLC_EVENT=EventType.MediaPlayerBuffering
[09:09:00.029] [Printer] VLC_EVENT=EventType.MediaPlayerBuffering
[09:09:00.070] [Printer] VLC_EVENT=EventType.MediaPlayerBuffering
[09:09:00.111] [Printer] VLC_EVENT=EventType.MediaPlayerBuffering
[09:09:00.120] YOUTUBE_EMBED attached hwnd=135378
[09:09:00.153] [Printer] VLC_EVENT=EventType.MediaPlayerBuffering
[09:09:00.194] [Printer] VLC_EVENT=EventType.MediaPlayerBuffering
[09:09:00.235] [Printer] VLC_EVENT=EventType.MediaPlayerBuffering
[09:09:00.276] [Printer] VLC_EVENT=EventType.MediaPlayerBuffering
[09:09:00.321] [Printer] VLC_EVENT=EventType.MediaPlayerBuffering
[09:09:00.362] [Printer] VLC_EVENT=EventType.MediaPlayerBuffering
[09:09:00.403] [Printer] VLC_EVENT=EventType.MediaPlayerBuffering
[09:09:00.445] [Printer] VLC_EVENT=EventType.MediaPlayerBuffering
[09:09:00.486] [Printer] VLC_EVENT=EventType.MediaPlayerBuffering
[09:09:00.527] [Printer] VLC_EVENT=EventType.MediaPlayerBuffering
[09:09:00.569] [Printer] VLC_EVENT=EventType.MediaPlayerBuffering
[09:09:00.610] [Printer] VLC_EVENT=EventType.MediaPlayerBuffering
[09:09:00.653] [Printer] VLC_EVENT=EventType.MediaPlayerBuffering
[09:09:00.695] [Printer] VLC_EVENT=EventType.MediaPlayerBuffering
[09:09:00.735] [Printer] VLC_EVENT=EventType.MediaPlayerBuffering
[09:09:00.776] [Printer] VLC_EVENT=EventType.MediaPlayerBuffering
[09:09:00.819] [Printer] VLC_EVENT=EventType.MediaPlayerBuffering
[09:09:00.862] [Printer] VLC_EVENT=EventType.MediaPlayerBuffering
[09:09:00.904] [Printer] VLC_EVENT=EventType.MediaPlayerBuffering
[09:09:00.946] [Printer] VLC_EVENT=EventType.MediaPlayerBuffering
[09:09:01.003] [Printer] VLC_EVENT=EventType.MediaPlayerBuffering
[09:09:01.029] [Printer] VLC_EVENT=EventType.MediaPlayerBuffering
[09:09:01.072] [Printer] VLC_EVENT=EventType.MediaPlayerBuffering
[09:09:01.108] YOUTUBE_EMBED attached hwnd=135330
[09:09:01.114] [Printer] VLC_EVENT=EventType.MediaPlayerBuffering
[09:09:01.155] [Printer] VLC_EVENT=EventType.MediaPlayerBuffering
[09:09:01.196] [Printer] VLC_EVENT=EventType.MediaPlayerBuffering
[09:09:01.237] [Printer] VLC_EVENT=EventType.MediaPlayerBuffering
[09:09:01.278] [Printer] VLC_EVENT=EventType.MediaPlayerBuffering
[09:09:01.320] [Printer] VLC_EVENT=EventType.MediaPlayerBuffering
[09:09:01.362] [Printer] VLC_EVENT=EventType.MediaPlayerBuffering
[09:09:01.403] [Printer] VLC_EVENT=EventType.MediaPlayerBuffering
[09:09:01.444] [Printer] VLC_EVENT=EventType.MediaPlayerBuffering
[09:09:01.486] [Printer] VLC_EVENT=EventType.MediaPlayerBuffering
[09:09:01.529] [Printer] VLC_EVENT=EventType.MediaPlayerBuffering
[09:09:01.572] [Printer] VLC_EVENT=EventType.MediaPlayerBuffering
[09:09:01.613] [Printer] VLC_EVENT=EventType.MediaPlayerBuffering
[09:09:01.655] [Printer] VLC_EVENT=EventType.MediaPlayerBuffering
[09:09:01.696] [Printer] VLC_EVENT=EventType.MediaPlayerBuffering
[09:09:01.737] [Printer] VLC_EVENT=EventType.MediaPlayerBuffering
[09:09:01.779] [Printer] VLC_EVENT=EventType.MediaPlayerBuffering
[09:09:01.821] [Printer] VLC_EVENT=EventType.MediaPlayerBuffering
[09:09:01.862] [Printer] VLC_EVENT=EventType.MediaPlayerBuffering
[09:09:01.904] [Printer] VLC_EVENT=EventType.MediaPlayerBuffering
[09:09:01.944] [Printer] VLC_EVENT=EventType.MediaPlayerBuffering
[09:09:01.986] [Printer] VLC_EVENT=EventType.MediaPlayerBuffering
[09:09:02.027] [Printer] VLC_EVENT=EventType.MediaPlayerBuffering
[09:09:02.068] [Printer] VLC_EVENT=EventType.MediaPlayerBuffering
[09:09:02.110] [Printer] VLC_EVENT=EventType.MediaPlayerBuffering
[09:09:02.154] [Printer] VLC_EVENT=EventType.MediaPlayerBuffering
[09:09:02.195] [Printer] VLC_EVENT=EventType.MediaPlayerBuffering
[09:09:02.237] [Printer] VLC_EVENT=EventType.MediaPlayerBuffering
[09:09:02.278] [Printer] VLC_EVENT=EventType.MediaPlayerBuffering
[09:09:02.322] [Printer] VLC_EVENT=EventType.MediaPlayerBuffering
[09:09:02.363] [Printer] VLC_EVENT=EventType.MediaPlayerBuffering
[09:09:02.406] [Printer] VLC_EVENT=EventType.MediaPlayerBuffering
[09:09:02.448] [Printer] VLC_EVENT=EventType.MediaPlayerBuffering
[09:09:02.501] [Printer] VLC_EVENT=EventType.MediaPlayerBuffering
[09:09:02.539] [Printer] VLC_EVENT=EventType.MediaPlayerBuffering
[09:09:03.837] [Printer] PLAYBACK_STALL duration=5.3s
[09:09:03.837] [Printer] RECONNECT reason=POSITION_TIMEOUT runtime=6.8s
[09:09:03.838] [Printer] LOCAL_RESTART requested
[09:09:04.880] [Printer] VLC_EVENT=EventType.MediaPlayerStopped
[09:09:04.929] [Printer] VLC_EVENT=EventType.MediaPlayerOpening
[09:09:04.929] [Printer] VLC_EVENT=EventType.MediaPlayerBuffering
[09:09:05.419] [Printer] VLC_EVENT=EventType.MediaPlayerPlaying
[09:09:05.457] [Printer] VLC_EVENT=EventType.MediaPlayerBuffering
[09:09:05.499] [Printer] VLC_EVENT=EventType.MediaPlayerBuffering
[09:09:05.540] [Printer] VLC_EVENT=EventType.MediaPlayerBuffering
[09:09:05.581] [Printer] VLC_EVENT=EventType.MediaPlayerBuffering
[09:09:05.622] [Printer] VLC_EVENT=EventType.MediaPlayerBuffering
[09:09:05.664] [Printer] VLC_EVENT=EventType.MediaPlayerBuffering
[09:09:05.705] [Printer] VLC_EVENT=EventType.MediaPlayerBuffering
[09:09:05.746] [Printer] VLC_EVENT=EventType.MediaPlayerBuffering
[09:09:05.788] [Printer] VLC_EVENT=EventType.MediaPlayerBuffering
[09:09:05.829] [Printer] VLC_EVENT=EventType.MediaPlayerBuffering
[09:09:05.884] [Printer] VLC_EVENT=EventType.MediaPlayerBuffering
[09:09:05.911] [Printer] VLC_EVENT=EventType.MediaPlayerBuffering
[09:09:05.953] [Printer] VLC_EVENT=EventType.MediaPlayerBuffering
[09:09:05.995] [Printer] VLC_EVENT=EventType.MediaPlayerBuffering
[09:09:06.040] [Printer] VLC_EVENT=EventType.MediaPlayerBuffering
[09:09:06.081] [Printer] VLC_EVENT=EventType.MediaPlayerBuffering
[09:09:06.122] [Printer] VLC_EVENT=EventType.MediaPlayerBuffering
[09:09:06.163] [Printer] VLC_EVENT=EventType.MediaPlayerBuffering
[09:09:06.204] [Printer] VLC_EVENT=EventType.MediaPlayerBuffering
[09:09:06.245] [Printer] VLC_EVENT=EventType.MediaPlayerBuffering
[09:09:06.287] [Printer] VLC_EVENT=EventType.MediaPlayerBuffering
[09:09:06.328] [Printer] VLC_EVENT=EventType.MediaPlayerBuffering
[09:09:06.369] [Printer] VLC_EVENT=EventType.MediaPlayerBuffering
[09:09:06.411] [Printer] VLC_EVENT=EventType.MediaPlayerBuffering
[09:09:06.455] [Printer] VLC_EVENT=EventType.MediaPlayerBuffering
[09:09:06.496] [Printer] VLC_EVENT=EventType.MediaPlayerBuffering
[09:09:06.537] [Printer] VLC_EVENT=EventType.MediaPlayerBuffering
[09:09:06.579] [Printer] VLC_EVENT=EventType.MediaPlayerBuffering
[09:09:06.619] [Printer] VLC_EVENT=EventType.MediaPlayerBuffering
[09:09:06.661] [Printer] VLC_EVENT=EventType.MediaPlayerBuffering
[09:09:06.703] [Printer] VLC_EVENT=EventType.MediaPlayerBuffering
[09:09:06.746] [Printer] VLC_EVENT=EventType.MediaPlayerBuffering
[09:09:06.786] [Printer] VLC_EVENT=EventType.MediaPlayerBuffering
[09:09:06.828] [Printer] VLC_EVENT=EventType.MediaPlayerBuffering
[09:09:06.877] [Printer] VLC_EVENT=EventType.MediaPlayerBuffering
[09:09:06.910] [Printer] VLC_EVENT=EventType.MediaPlayerBuffering
[09:09:06.954] [Printer] VLC_EVENT=EventType.MediaPlayerBuffering
[09:09:06.995] [Printer] VLC_EVENT=EventType.MediaPlayerBuffering
[09:09:07.036] [Printer] VLC_EVENT=EventType.MediaPlayerBuffering
[09:09:07.078] [Printer] VLC_EVENT=EventType.MediaPlayerBuffering
[09:09:07.120] [Printer] VLC_EVENT=EventType.MediaPlayerBuffering
[09:09:07.161] [Printer] VLC_EVENT=EventType.MediaPlayerBuffering
[09:09:07.202] [Printer] VLC_EVENT=EventType.MediaPlayerBuffering
[09:09:07.244] [Printer] VLC_EVENT=EventType.MediaPlayerBuffering
[09:09:07.286] [Printer] VLC_EVENT=EventType.MediaPlayerBuffering
[09:09:07.328] [Printer] VLC_EVENT=EventType.MediaPlayerBuffering
[09:09:07.369] [Printer] VLC_EVENT=EventType.MediaPlayerBuffering
[09:09:07.410] [Printer] VLC_EVENT=EventType.MediaPlayerBuffering
[09:09:07.456] [Printer] VLC_EVENT=EventType.MediaPlayerBuffering
[09:09:07.497] [Printer] VLC_EVENT=EventType.MediaPlayerBuffering
[09:09:07.543] [Printer] VLC_EVENT=EventType.MediaPlayerBuffering
[09:09:07.579] [Printer] VLC_EVENT=EventType.MediaPlayerBuffering
[09:09:07.621] [Printer] VLC_EVENT=EventType.MediaPlayerBuffering
[09:09:07.662] [Printer] VLC_EVENT=EventType.MediaPlayerBuffering
[09:09:07.703] [Printer] VLC_EVENT=EventType.MediaPlayerBuffering
[09:09:07.746] [Printer] VLC_EVENT=EventType.MediaPlayerBuffering
[09:09:07.786] [Printer] VLC_EVENT=EventType.MediaPlayerBuffering
[09:09:07.827] [Printer] VLC_EVENT=EventType.MediaPlayerBuffering
[09:09:07.890] [Printer] VLC_EVENT=EventType.MediaPlayerBuffering
[09:09:07.910] [Printer] VLC_EVENT=EventType.MediaPlayerBuffering
[09:09:07.955] [Printer] VLC_EVENT=EventType.MediaPlayerBuffering
[09:09:07.996] [Printer] VLC_EVENT=EventType.MediaPlayerBuffering
[09:09:08.037] [Printer] VLC_EVENT=EventType.MediaPlayerBuffering
[09:09:08.082] [Printer] VLC_EVENT=EventType.MediaPlayerBuffering
[09:09:08.124] [Printer] VLC_EVENT=EventType.MediaPlayerBuffering
[09:09:08.165] [Printer] VLC_EVENT=EventType.MediaPlayerBuffering
[09:09:08.206] [Printer] VLC_EVENT=EventType.MediaPlayerBuffering
[09:09:08.247] [Printer] VLC_EVENT=EventType.MediaPlayerBuffering
[09:09:08.288] [Printer] VLC_EVENT=EventType.MediaPlayerBuffering
[09:09:08.330] [Printer] VLC_EVENT=EventType.MediaPlayerBuffering
[09:09:09.929] [Printer] RESOLVE_RECONNECT starting original=rtsp://192.168.1.227/live
[09:09:09.930] RESOLVE starting original=rtsp://192.168.1.227/live
[09:09:09.931] [Printer] RECONNECT_APPLY url=rtsp://192.168.1.227/live
[09:09:09.931] [Printer] SET_MEDIA url=rtsp://192.168.1.227/live url_status=same
[09:09:09.965] [Printer] VLC_EVENT=EventType.MediaPlayerStopped
[09:09:10.006] [Printer] MEDIA_CREATED url=rtsp://192.168.1.227/live
[09:09:10.009] [Printer] VLC_EVENT=EventType.MediaPlayerOpening
[09:09:10.009] [Printer] VLC_EVENT=EventType.MediaPlayerBuffering
[09:09:10.430] [Printer] STATE=State.Opening position=0.0s
[09:09:10.434] [Printer] VLC_EVENT=EventType.MediaPlayerPlaying
[09:09:10.472] [Printer] VLC_EVENT=EventType.MediaPlayerBuffering
[09:09:10.513] [Printer] VLC_EVENT=EventType.MediaPlayerBuffering
[09:09:10.555] [Printer] VLC_EVENT=EventType.MediaPlayerBuffering
[09:09:10.595] [Printer] VLC_EVENT=EventType.MediaPlayerBuffering
[09:09:10.637] [Printer] VLC_EVENT=EventType.MediaPlayerBuffering
[09:09:10.678] [Printer] VLC_EVENT=EventType.MediaPlayerBuffering
[09:09:10.720] [Printer] VLC_EVENT=EventType.MediaPlayerBuffering
[09:09:10.761] [Printer] VLC_EVENT=EventType.MediaPlayerBuffering
[09:09:10.802] [Printer] VLC_EVENT=EventType.MediaPlayerBuffering
[09:09:10.843] [Printer] VLC_EVENT=EventType.MediaPlayerBuffering
[09:09:10.887] [Printer] VLC_EVENT=EventType.MediaPlayerBuffering
[09:09:10.928] [Printer] VLC_EVENT=EventType.MediaPlayerBuffering
[09:09:10.930] [Printer] STATE=State.Playing position=0.0s
[09:09:10.970] [Printer] VLC_EVENT=EventType.MediaPlayerBuffering
[09:09:11.012] [Printer] VLC_EVENT=EventType.MediaPlayerBuffering
[09:09:11.052] [Printer] VLC_EVENT=EventType.MediaPlayerBuffering
[09:09:11.093] [Printer] VLC_EVENT=EventType.MediaPlayerBuffering
[09:09:11.136] [Printer] VLC_EVENT=EventType.MediaPlayerBuffering
[09:09:11.176] [Printer] VLC_EVENT=EventType.MediaPlayerBuffering
[09:09:11.220] [Printer] VLC_EVENT=EventType.MediaPlayerBuffering
[09:09:11.261] [Printer] VLC_EVENT=EventType.MediaPlayerBuffering
[09:09:11.302] [Printer] VLC_EVENT=EventType.MediaPlayerBuffering
[09:09:11.344] [Printer] VLC_EVENT=EventType.MediaPlayerBuffering
[09:09:11.386] [Printer] VLC_EVENT=EventType.MediaPlayerBuffering
[09:09:11.427] [Printer] VLC_EVENT=EventType.MediaPlayerBuffering
[09:09:11.469] [Printer] VLC_EVENT=EventType.MediaPlayerBuffering
[09:09:11.510] [Printer] VLC_EVENT=EventType.MediaPlayerBuffering
[09:09:11.553] [Printer] VLC_EVENT=EventType.MediaPlayerBuffering
[09:09:11.595] [Printer] VLC_EVENT=EventType.MediaPlayerBuffering
[09:09:11.637] [Printer] VLC_EVENT=EventType.MediaPlayerBuffering
[09:09:11.678] [Printer] VLC_EVENT=EventType.MediaPlayerBuffering
[09:09:11.719] [Printer] VLC_EVENT=EventType.MediaPlayerBuffering
[09:09:11.764] [Printer] VLC_EVENT=EventType.MediaPlayerBuffering
[09:09:11.802] [Printer] VLC_EVENT=EventType.MediaPlayerBuffering
[09:09:11.844] [Printer] VLC_EVENT=EventType.MediaPlayerBuffering
[09:09:11.888] [Printer] VLC_EVENT=EventType.MediaPlayerBuffering
[09:09:11.929] [Printer] VLC_EVENT=EventType.MediaPlayerBuffering
[09:09:11.970] [Printer] VLC_EVENT=EventType.MediaPlayerBuffering
[09:09:12.011] [Printer] VLC_EVENT=EventType.MediaPlayerBuffering
[09:09:12.053] [Printer] VLC_EVENT=EventType.MediaPlayerBuffering
[09:09:12.094] [Printer] VLC_EVENT=EventType.MediaPlayerBuffering
[09:09:12.138] [Printer] VLC_EVENT=EventType.MediaPlayerBuffering
[09:09:12.177] [Printer] VLC_EVENT=EventType.MediaPlayerBuffering
[09:09:12.219] [Printer] VLC_EVENT=EventType.MediaPlayerBuffering
[09:09:12.261] [Printer] VLC_EVENT=EventType.MediaPlayerBuffering
[09:09:12.301] [Printer] VLC_EVENT=EventType.MediaPlayerBuffering
[09:09:12.342] [Printer] VLC_EVENT=EventType.MediaPlayerBuffering
[09:09:12.383] [Printer] VLC_EVENT=EventType.MediaPlayerBuffering
[09:09:12.428] [Printer] VLC_EVENT=EventType.MediaPlayerBuffering
[09:09:12.470] [Printer] VLC_EVENT=EventType.MediaPlayerBuffering
[09:09:12.514] [Printer] VLC_EVENT=EventType.MediaPlayerBuffering
[09:09:12.554] [Printer] VLC_EVENT=EventType.MediaPlayerBuffering
[09:09:12.596] [Printer] VLC_EVENT=EventType.MediaPlayerBuffering
[09:09:12.639] [Printer] VLC_EVENT=EventType.MediaPlayerBuffering
[09:09:12.681] [Printer] VLC_EVENT=EventType.MediaPlayerBuffering
[09:09:12.721] [Printer] VLC_EVENT=EventType.MediaPlayerBuffering
[09:09:12.764] [Printer] VLC_EVENT=EventType.MediaPlayerBuffering
[09:09:12.803] [Printer] VLC_EVENT=EventType.MediaPlayerBuffering
[09:09:12.845] [Printer] VLC_EVENT=EventType.MediaPlayerBuffering
[09:09:12.895] [Printer] VLC_EVENT=EventType.MediaPlayerBuffering
[09:09:12.927] [Printer] VLC_EVENT=EventType.MediaPlayerBuffering
[09:09:12.969] [Printer] VLC_EVENT=EventType.MediaPlayerBuffering
[09:09:13.010] [Printer] VLC_EVENT=EventType.MediaPlayerBuffering
[09:09:13.051] [Printer] VLC_EVENT=EventType.MediaPlayerBuffering
[09:09:13.093] [Printer] VLC_EVENT=EventType.MediaPlayerBuffering
[09:09:13.134] [Printer] VLC_EVENT=EventType.MediaPlayerBuffering
[09:09:13.175] [Printer] VLC_EVENT=EventType.MediaPlayerBuffering
[09:09:13.216] [Printer] VLC_EVENT=EventType.MediaPlayerBuffering
[09:09:13.257] [Printer] VLC_EVENT=EventType.MediaPlayerBuffering
[09:09:13.300] [Printer] VLC_EVENT=EventType.MediaPlayerBuffering
[09:09:13.340] [Printer] VLC_EVENT=EventType.MediaPlayerBuffering
[09:09:15.462] [Printer] PLAYBACK_STALL duration=5.0s
[09:09:15.462] [Printer] RECONNECT reason=POSITION_TIMEOUT runtime=18.4s
[09:09:15.463] [Printer] LOCAL_RESTART requested
[09:09:15.803] [Printer] VLC_EVENT=EventType.MediaPlayerStopped
[09:09:15.847] [Printer] VLC_EVENT=EventType.MediaPlayerOpening
[09:09:15.848] [Printer] VLC_EVENT=EventType.MediaPlayerBuffering
[09:09:16.292] [Printer] VLC_EVENT=EventType.MediaPlayerPlaying
[09:09:16.332] [Printer] VLC_EVENT=EventType.MediaPlayerBuffering
[09:09:16.374] [Printer] VLC_EVENT=EventType.MediaPlayerBuffering
[09:09:16.415] [Printer] VLC_EVENT=EventType.MediaPlayerBuffering
[09:09:16.456] [Printer] VLC_EVENT=EventType.MediaPlayerBuffering
[09:09:16.498] [Printer] VLC_EVENT=EventType.MediaPlayerBuffering
[09:09:16.538] [Printer] VLC_EVENT=EventType.MediaPlayerBuffering
[09:09:16.579] [Printer] VLC_EVENT=EventType.MediaPlayerBuffering
[09:09:16.621] [Printer] VLC_EVENT=EventType.MediaPlayerBuffering
[09:09:16.662] [Printer] VLC_EVENT=EventType.MediaPlayerBuffering
[09:09:16.703] [Printer] VLC_EVENT=EventType.MediaPlayerBuffering
[09:09:16.745] [Printer] VLC_EVENT=EventType.MediaPlayerBuffering
[09:09:16.789] [Printer] VLC_EVENT=EventType.MediaPlayerBuffering
[09:09:16.830] [Printer] VLC_EVENT=EventType.MediaPlayerBuffering
[09:09:16.872] [Printer] VLC_EVENT=EventType.MediaPlayerBuffering
[09:09:16.916] [Printer] VLC_EVENT=EventType.MediaPlayerBuffering
[09:09:16.958] [Printer] VLC_EVENT=EventType.MediaPlayerBuffering
[09:09:16.999] [Printer] VLC_EVENT=EventType.MediaPlayerBuffering
[09:09:17.040] [Printer] VLC_EVENT=EventType.MediaPlayerBuffering
[09:09:17.081] [Printer] VLC_EVENT=EventType.MediaPlayerBuffering
[09:09:17.122] [Printer] VLC_EVENT=EventType.MediaPlayerBuffering
[09:09:17.164] [Printer] VLC_EVENT=EventType.MediaPlayerBuffering
[09:09:17.204] [Printer] VLC_EVENT=EventType.MediaPlayerBuffering
[09:09:17.247] [Printer] VLC_EVENT=EventType.MediaPlayerBuffering
[09:09:17.287] [Printer] VLC_EVENT=EventType.MediaPlayerBuffering
[09:09:17.328] [Printer] VLC_EVENT=EventType.MediaPlayerBuffering
[09:09:17.369] [Printer] VLC_EVENT=EventType.MediaPlayerBuffering
[09:09:17.410] [Printer] VLC_EVENT=EventType.MediaPlayerBuffering
[09:09:17.451] [Printer] VLC_EVENT=EventType.MediaPlayerBuffering
[09:09:17.493] [Printer] VLC_EVENT=EventType.MediaPlayerBuffering
[09:09:17.539] [Printer] VLC_EVENT=EventType.MediaPlayerBuffering
[09:09:17.577] [Printer] VLC_EVENT=EventType.MediaPlayerBuffering
[09:09:17.620] [Printer] VLC_EVENT=EventType.MediaPlayerBuffering
[09:09:17.661] [Printer] VLC_EVENT=EventType.MediaPlayerBuffering
[09:09:17.702] [Printer] VLC_EVENT=EventType.MediaPlayerBuffering
[09:09:17.743] [Printer] VLC_EVENT=EventType.MediaPlayerBuffering
[09:09:17.789] [Printer] VLC_EVENT=EventType.MediaPlayerBuffering
[09:09:17.830] [Printer] VLC_EVENT=EventType.MediaPlayerBuffering
[09:09:17.872] [Printer] VLC_EVENT=EventType.MediaPlayerBuffering
[09:09:17.913] [Printer] VLC_EVENT=EventType.MediaPlayerBuffering
[09:09:17.955] [Printer] VLC_EVENT=EventType.MediaPlayerBuffering
[09:09:17.996] [Printer] VLC_EVENT=EventType.MediaPlayerBuffering
[09:09:18.037] [Printer] VLC_EVENT=EventType.MediaPlayerBuffering
[09:09:18.079] [Printer] VLC_EVENT=EventType.MediaPlayerBuffering
[09:09:18.119] [Printer] VLC_EVENT=EventType.MediaPlayerBuffering
[09:09:18.161] [Printer] VLC_EVENT=EventType.MediaPlayerBuffering
[09:09:18.202] [Printer] VLC_EVENT=EventType.MediaPlayerBuffering
[09:09:18.243] [Printer] VLC_EVENT=EventType.MediaPlayerBuffering
[09:09:18.288] [Printer] VLC_EVENT=EventType.MediaPlayerBuffering
[09:09:18.330] [Printer] VLC_EVENT=EventType.MediaPlayerBuffering
[09:09:18.371] [Printer] VLC_EVENT=EventType.MediaPlayerBuffering
[09:09:18.412] [Printer] VLC_EVENT=EventType.MediaPlayerBuffering
[09:09:18.454] [Printer] VLC_EVENT=EventType.MediaPlayerBuffering
[09:09:18.495] [Printer] VLC_EVENT=EventType.MediaPlayerBuffering
[09:09:18.537] [Printer] VLC_EVENT=EventType.MediaPlayerBuffering
[09:09:18.578] [Printer] VLC_EVENT=EventType.MediaPlayerBuffering
[09:09:18.620] [Printer] VLC_EVENT=EventType.MediaPlayerBuffering
[09:09:18.661] [Printer] VLC_EVENT=EventType.MediaPlayerBuffering
[09:09:18.702] [Printer] VLC_EVENT=EventType.MediaPlayerBuffering
[09:09:18.743] [Printer] VLC_EVENT=EventType.MediaPlayerBuffering
[09:09:18.786] [Printer] VLC_EVENT=EventType.MediaPlayerBuffering
[09:09:18.829] [Printer] VLC_EVENT=EventType.MediaPlayerBuffering
[09:09:18.868] [Printer] VLC_EVENT=EventType.MediaPlayerBuffering
[09:09:18.909] [Printer] VLC_EVENT=EventType.MediaPlayerBuffering
[09:09:18.957] [Printer] VLC_EVENT=EventType.MediaPlayerBuffering
[09:09:19.009] [Printer] VLC_EVENT=EventType.MediaPlayerBuffering
[09:09:19.050] [Printer] VLC_EVENT=EventType.MediaPlayerBuffering
[09:09:19.090] [Printer] VLC_EVENT=EventType.MediaPlayerBuffering
[09:09:19.132] [Printer] VLC_EVENT=EventType.MediaPlayerBuffering
[09:09:19.172] [Printer] VLC_EVENT=EventType.MediaPlayerBuffering
[09:09:19.214] [Printer] VLC_EVENT=EventType.MediaPlayerBuffering
[09:09:20.848] [Printer] RESOLVE_RECONNECT starting original=rtsp://192.168.1.227/live
[09:09:20.849] RESOLVE starting original=rtsp://192.168.1.227/live
[09:09:20.850] [Printer] RECONNECT_APPLY url=rtsp://192.168.1.227/live
[09:09:20.850] [Printer] SET_MEDIA url=rtsp://192.168.1.227/live url_status=same
[09:09:20.891] [Printer] VLC_EVENT=EventType.MediaPlayerStopped
[09:09:20.941] [Printer] MEDIA_CREATED url=rtsp://192.168.1.227/live
[09:09:20.943] [Printer] VLC_EVENT=EventType.MediaPlayerOpening
[09:09:20.944] [Printer] STATE=State.Opening position=0.0s
[09:09:20.944] [Printer] VLC_EVENT=EventType.MediaPlayerBuffering
[09:09:22.344] [Printer] VLC_EVENT=EventType.MediaPlayerPlaying
[09:09:22.383] [Printer] VLC_EVENT=EventType.MediaPlayerBuffering
[09:09:22.424] [Printer] VLC_EVENT=EventType.MediaPlayerBuffering
[09:09:22.425] [Printer] VLC_EVENT=EventType.MediaPlayerBuffering
[09:09:22.445] [Printer] STATE=State.Playing position=0.0s
[09:09:22.711] [Printer] VLC_EVENT=EventType.MediaPlayerBuffering
[09:09:22.753] [Printer] VLC_EVENT=EventType.MediaPlayerBuffering
[09:09:22.794] [Printer] VLC_EVENT=EventType.MediaPlayerBuffering
[09:09:22.835] [Printer] VLC_EVENT=EventType.MediaPlayerBuffering
[09:09:22.876] [Printer] VLC_EVENT=EventType.MediaPlayerBuffering
[09:09:22.921] [Printer] VLC_EVENT=EventType.MediaPlayerBuffering
[09:09:22.962] [Printer] VLC_EVENT=EventType.MediaPlayerBuffering
[09:09:23.004] [Printer] VLC_EVENT=EventType.MediaPlayerBuffering
[09:09:23.047] [Printer] VLC_EVENT=EventType.MediaPlayerBuffering
[09:09:23.089] [Printer] VLC_EVENT=EventType.MediaPlayerBuffering
[09:09:23.131] [Printer] VLC_EVENT=EventType.MediaPlayerBuffering
[09:09:23.171] [Printer] VLC_EVENT=EventType.MediaPlayerBuffering
[09:09:23.212] [Printer] VLC_EVENT=EventType.MediaPlayerBuffering
[09:09:23.253] [Printer] VLC_EVENT=EventType.MediaPlayerBuffering
[09:09:23.296] [Printer] VLC_EVENT=EventType.MediaPlayerBuffering
[09:09:23.337] [Printer] VLC_EVENT=EventType.MediaPlayerBuffering
[09:09:23.380] [Printer] VLC_EVENT=EventType.MediaPlayerBuffering
[09:09:23.422] [Printer] VLC_EVENT=EventType.MediaPlayerBuffering
[09:09:23.464] [Printer] VLC_EVENT=EventType.MediaPlayerBuffering
[09:09:23.505] [Printer] VLC_EVENT=EventType.MediaPlayerBuffering
[09:09:23.546] [Printer] VLC_EVENT=EventType.MediaPlayerBuffering
[09:09:23.587] [Printer] VLC_EVENT=EventType.MediaPlayerBuffering
[09:09:23.628] [Printer] VLC_EVENT=EventType.MediaPlayerBuffering
[09:09:23.669] [Printer] VLC_EVENT=EventType.MediaPlayerBuffering
[09:09:23.711] [Printer] VLC_EVENT=EventType.MediaPlayerBuffering
[09:09:23.755] [Printer] VLC_EVENT=EventType.MediaPlayerBuffering
[09:09:23.795] [Printer] VLC_EVENT=EventType.MediaPlayerBuffering
[09:09:23.835] [Printer] VLC_EVENT=EventType.MediaPlayerBuffering
[09:09:23.877] [Printer] VLC_EVENT=EventType.MediaPlayerBuffering
[09:09:23.920] [Printer] VLC_EVENT=EventType.MediaPlayerBuffering
[09:09:23.962] [Printer] VLC_EVENT=EventType.MediaPlayerBuffering
[09:09:24.003] [Printer] VLC_EVENT=EventType.MediaPlayerBuffering
[09:09:24.044] [Printer] VLC_EVENT=EventType.MediaPlayerBuffering
[09:09:24.086] [Printer] VLC_EVENT=EventType.MediaPlayerBuffering
[09:09:24.132] [Printer] VLC_EVENT=EventType.MediaPlayerBuffering
[09:09:24.169] [Printer] VLC_EVENT=EventType.MediaPlayerBuffering
[09:09:24.212] [Printer] VLC_EVENT=EventType.MediaPlayerBuffering
[09:09:24.327] [Printer] VLC_EVENT=EventType.MediaPlayerBuffering
[09:09:24.328] [Printer] VLC_EVENT=EventType.MediaPlayerBuffering
[09:09:24.359] [Printer] VLC_EVENT=EventType.MediaPlayerBuffering
[09:09:24.401] [Printer] VLC_EVENT=EventType.MediaPlayerBuffering
[09:09:24.442] [Printer] VLC_EVENT=EventType.MediaPlayerBuffering
[09:09:24.483] [Printer] VLC_EVENT=EventType.MediaPlayerBuffering
[09:09:24.526] [Printer] VLC_EVENT=EventType.MediaPlayerBuffering
[09:09:24.564] [Printer] VLC_EVENT=EventType.MediaPlayerBuffering
[09:09:24.606] [Printer] VLC_EVENT=EventType.MediaPlayerBuffering
[09:09:24.647] [Printer] VLC_EVENT=EventType.MediaPlayerBuffering
[09:09:24.688] [Printer] VLC_EVENT=EventType.MediaPlayerBuffering
[09:09:24.730] [Printer] VLC_EVENT=EventType.MediaPlayerBuffering
[09:09:24.770] [Printer] VLC_EVENT=EventType.MediaPlayerBuffering
[09:09:24.811] [Printer] VLC_EVENT=EventType.MediaPlayerBuffering
[09:09:24.854] [Printer] VLC_EVENT=EventType.MediaPlayerBuffering
[09:09:24.895] [Printer] VLC_EVENT=EventType.MediaPlayerBuffering
[09:09:24.937] [Printer] VLC_EVENT=EventType.MediaPlayerBuffering
[09:09:24.978] [Printer] VLC_EVENT=EventType.MediaPlayerBuffering
[09:09:25.021] [Printer] VLC_EVENT=EventType.MediaPlayerBuffering
[09:09:25.060] [Printer] VLC_EVENT=EventType.MediaPlayerBuffering
[09:09:25.102] [Printer] VLC_EVENT=EventType.MediaPlayerBuffering
[09:09:25.143] [Printer] VLC_EVENT=EventType.MediaPlayerBuffering
[09:09:25.188] [Printer] VLC_EVENT=EventType.MediaPlayerBuffering
[09:09:25.228] [Printer] VLC_EVENT=EventType.MediaPlayerBuffering
[09:09:25.269] [Printer] VLC_EVENT=EventType.MediaPlayerBuffering
[09:09:25.310] [Printer] VLC_EVENT=EventType.MediaPlayerBuffering
[09:09:25.353] [Printer] VLC_EVENT=EventType.MediaPlayerBuffering
[09:09:25.394] [Printer] VLC_EVENT=EventType.MediaPlayerBuffering
[09:09:25.437] [Printer] VLC_EVENT=EventType.MediaPlayerBuffering
[09:09:25.948] [Printer] PLAYBACK_STALL duration=5.0s
[09:09:25.949] [Printer] RECONNECT reason=POSITION_TIMEOUT runtime=28.9s
[09:09:25.949] [Printer] LOCAL_RESTART requested
[09:09:25.000] [Printer] VLC_EVENT=EventType.MediaPlayerStopped
[09:09:26.062] [Printer] VLC_EVENT=EventType.MediaPlayerOpening
[09:09:26.063] [Printer] VLC_EVENT=EventType.MediaPlayerBuffering
[09:09:26.563] [Printer] VLC_EVENT=EventType.MediaPlayerPlaying
[09:09:26.604] [Printer] VLC_EVENT=EventType.MediaPlayerBuffering
[09:09:26.645] [Printer] VLC_EVENT=EventType.MediaPlayerBuffering
[09:09:26.691] [Printer] VLC_EVENT=EventType.MediaPlayerBuffering
[09:09:26.731] [Printer] VLC_EVENT=EventType.MediaPlayerBuffering
[09:09:26.773] [Printer] VLC_EVENT=EventType.MediaPlayerBuffering
[09:09:26.823] [Printer] VLC_EVENT=EventType.MediaPlayerBuffering
[09:09:26.864] [Printer] VLC_EVENT=EventType.MediaPlayerBuffering
[09:09:26.905] [Printer] VLC_EVENT=EventType.MediaPlayerBuffering
[09:09:26.946] [Printer] VLC_EVENT=EventType.MediaPlayerBuffering
[09:09:26.988] [Printer] VLC_EVENT=EventType.MediaPlayerBuffering
[09:09:27.032] [Printer] VLC_EVENT=EventType.MediaPlayerBuffering
[09:09:27.073] [Printer] VLC_EVENT=EventType.MediaPlayerBuffering
[09:09:27.119] [Printer] VLC_EVENT=EventType.MediaPlayerBuffering
[09:09:27.157] [Printer] VLC_EVENT=EventType.MediaPlayerBuffering
[09:09:27.198] [Printer] VLC_EVENT=EventType.MediaPlayerBuffering
[09:09:27.239] [Printer] VLC_EVENT=EventType.MediaPlayerBuffering
[09:09:27.282] [Printer] VLC_EVENT=EventType.MediaPlayerBuffering
[09:09:27.323] [Printer] VLC_EVENT=EventType.MediaPlayerBuffering
[09:09:27.364] [Printer] VLC_EVENT=EventType.MediaPlayerBuffering
[09:09:27.407] [Printer] VLC_EVENT=EventType.MediaPlayerBuffering
[09:09:27.447] [Printer] VLC_EVENT=EventType.MediaPlayerBuffering
[09:09:27.488] [Printer] VLC_EVENT=EventType.MediaPlayerBuffering
[09:09:27.533] [Printer] VLC_EVENT=EventType.MediaPlayerBuffering
[09:09:27.570] [Printer] VLC_EVENT=EventType.MediaPlayerBuffering
[09:09:27.612] [Printer] VLC_EVENT=EventType.MediaPlayerBuffering
[09:09:27.653] [Printer] VLC_EVENT=EventType.MediaPlayerBuffering
[09:09:27.694] [Printer] VLC_EVENT=EventType.MediaPlayerBuffering
[09:09:27.738] [Printer] VLC_EVENT=EventType.MediaPlayerBuffering
[09:09:27.777] [Printer] VLC_EVENT=EventType.MediaPlayerBuffering
[09:09:27.820] [Printer] VLC_EVENT=EventType.MediaPlayerBuffering
[09:09:27.861] [Printer] VLC_EVENT=EventType.MediaPlayerBuffering
[09:09:27.905] [Printer] VLC_EVENT=EventType.MediaPlayerBuffering
[09:09:27.945] [Printer] VLC_EVENT=EventType.MediaPlayerBuffering
[09:09:27.987] [Printer] VLC_EVENT=EventType.MediaPlayerBuffering
[09:09:28.028] [Printer] VLC_EVENT=EventType.MediaPlayerBuffering
[09:09:28.069] [Printer] VLC_EVENT=EventType.MediaPlayerBuffering
[09:09:28.110] [Printer] VLC_EVENT=EventType.MediaPlayerBuffering
[09:09:28.153] [Printer] VLC_EVENT=EventType.MediaPlayerBuffering
[09:09:28.194] [Printer] VLC_EVENT=EventType.MediaPlayerBuffering
[09:09:28.235] [Printer] VLC_EVENT=EventType.MediaPlayerBuffering
[09:09:28.277] [Printer] VLC_EVENT=EventType.MediaPlayerBuffering
[09:09:28.323] [Printer] VLC_EVENT=EventType.MediaPlayerBuffering
[09:09:28.364] [Printer] VLC_EVENT=EventType.MediaPlayerBuffering
[09:09:28.405] [Printer] VLC_EVENT=EventType.MediaPlayerBuffering
[09:09:28.446] [Printer] VLC_EVENT=EventType.MediaPlayerBuffering
[09:09:28.488] [Printer] VLC_EVENT=EventType.MediaPlayerBuffering
[09:09:28.529] [Printer] VLC_EVENT=EventType.MediaPlayerBuffering
[09:09:28.570] [Printer] VLC_EVENT=EventType.MediaPlayerBuffering
[09:09:28.611] [Printer] VLC_EVENT=EventType.MediaPlayerBuffering
[09:09:28.653] [Printer] VLC_EVENT=EventType.MediaPlayerBuffering
[09:09:28.695] [Printer] VLC_EVENT=EventType.MediaPlayerBuffering
[09:09:28.738] [Printer] VLC_EVENT=EventType.MediaPlayerBuffering
[09:09:28.778] [Printer] VLC_EVENT=EventType.MediaPlayerBuffering
[09:09:28.819] [Printer] VLC_EVENT=EventType.MediaPlayerBuffering
[09:09:28.864] [Printer] VLC_EVENT=EventType.MediaPlayerBuffering
[09:09:28.907] [Printer] VLC_EVENT=EventType.MediaPlayerBuffering
[09:09:28.947] [Printer] VLC_EVENT=EventType.MediaPlayerBuffering
[09:09:28.989] [Printer] VLC_EVENT=EventType.MediaPlayerBuffering
[09:09:29.030] [Printer] VLC_EVENT=EventType.MediaPlayerBuffering
[09:09:29.072] [Printer] VLC_EVENT=EventType.MediaPlayerBuffering
[09:09:29.113] [Printer] VLC_EVENT=EventType.MediaPlayerBuffering
[09:09:29.155] [Printer] VLC_EVENT=EventType.MediaPlayerBuffering
[09:09:29.196] [Printer] VLC_EVENT=EventType.MediaPlayerBuffering
[09:09:29.237] [Printer] VLC_EVENT=EventType.MediaPlayerBuffering
[09:09:29.281] [Printer] VLC_EVENT=EventType.MediaPlayerBuffering
[09:09:29.322] [Printer] VLC_EVENT=EventType.MediaPlayerBuffering
[09:09:29.363] [Printer] VLC_EVENT=EventType.MediaPlayerBuffering
[09:09:29.404] [Printer] VLC_EVENT=EventType.MediaPlayerBuffering
[09:09:29.445] [Printer] VLC_EVENT=EventType.MediaPlayerBuffering
[09:09:29.486] [Printer] VLC_EVENT=EventType.MediaPlayerBuffering
[09:10:27.748] [Printer] RESOLVE_FEED starting original=rtsp://192.168.1.227/live
[09:10:27.749] RESOLVE starting original=rtsp://192.168.1.227/live
[09:10:27.749] [Nerdle] YOUTUBE_ROUTE browser original=https://www.youtube.com/watch
[09:10:27.750] [Rover 3] YOUTUBE_ROUTE browser original=https://www.youtube.com/watch
[09:10:27.751] [Rover1] YOUTUBE_ROUTE browser original=https://www.youtube.com/watch
[09:10:27.769] [Printer] STREAM_START original=rtsp://192.168.1.227/live
[09:10:27.929] [Printer] SET_MEDIA url=rtsp://192.168.1.227/live url_status=new
[09:10:27.933] [Printer] MEDIA_CREATED url=rtsp://192.168.1.227/live
[09:10:27.934] [Printer] STATE=State.NothingSpecial position=-0.0s
[09:10:27.937] [Nerdle] YOUTUBE_EMBED video_id=B89oRmywnJo
[09:10:28.645] [Printer] PLAY requested runtime=0.7s
[09:10:28.647] [Printer] VLC_EVENT=EventType.MediaPlayerOpening
[09:10:28.648] [Printer] VLC_EVENT=EventType.MediaPlayerBuffering
[09:10:28.650] [Rover 3] YOUTUBE_EMBED video_id=TyXUaqscyiU
[09:10:29.362] [Rover1] YOUTUBE_EMBED video_id=inCQ49QGmqQ
[09:10:29.572] [Printer] VLC_EVENT=EventType.MediaPlayerPlaying
[09:10:29.611] [Printer] VLC_EVENT=EventType.MediaPlayerBuffering
[09:10:29.654] [Printer] VLC_EVENT=EventType.MediaPlayerBuffering
[09:10:29.696] [Printer] VLC_EVENT=EventType.MediaPlayerBuffering
[09:10:29.737] [Printer] VLC_EVENT=EventType.MediaPlayerBuffering
[09:10:29.779] [Printer] VLC_EVENT=EventType.MediaPlayerBuffering
[09:10:29.824] [Printer] VLC_EVENT=EventType.MediaPlayerBuffering
[09:10:29.865] [Printer] VLC_EVENT=EventType.MediaPlayerBuffering
[09:10:29.906] [Printer] VLC_EVENT=EventType.MediaPlayerBuffering
[09:10:29.947] [Printer] VLC_EVENT=EventType.MediaPlayerBuffering
[09:10:29.988] [Printer] VLC_EVENT=EventType.MediaPlayerBuffering
[09:10:30.030] [Printer] VLC_EVENT=EventType.MediaPlayerBuffering
[09:10:30.071] [Printer] VLC_EVENT=EventType.MediaPlayerBuffering
[09:10:30.113] [Printer] VLC_EVENT=EventType.MediaPlayerBuffering
[09:10:30.154] [Printer] VLC_EVENT=EventType.MediaPlayerBuffering
[09:10:30.176] YOUTUBE_EMBED attached hwnd=200584
[09:10:30.178] [Printer] STATE=State.Playing position=0.0s
[09:10:30.195] [Printer] VLC_EVENT=EventType.MediaPlayerBuffering
[09:10:30.236] [Printer] VLC_EVENT=EventType.MediaPlayerBuffering
[09:10:30.282] [Printer] VLC_EVENT=EventType.MediaPlayerBuffering
[09:10:30.320] [Printer] VLC_EVENT=EventType.MediaPlayerBuffering
[09:10:30.362] [Printer] VLC_EVENT=EventType.MediaPlayerBuffering
[09:10:30.404] [Printer] VLC_EVENT=EventType.MediaPlayerBuffering
[09:10:30.445] [Printer] VLC_EVENT=EventType.MediaPlayerBuffering
[09:10:30.488] [Printer] VLC_EVENT=EventType.MediaPlayerBuffering
[09:10:30.529] [Printer] VLC_EVENT=EventType.MediaPlayerBuffering
[09:10:30.570] [Printer] VLC_EVENT=EventType.MediaPlayerBuffering
[09:10:30.612] [Printer] VLC_EVENT=EventType.MediaPlayerBuffering
[09:10:30.655] [Printer] VLC_EVENT=EventType.MediaPlayerBuffering
[09:10:30.696] [Printer] VLC_EVENT=EventType.MediaPlayerBuffering
[09:10:30.736] [Printer] VLC_EVENT=EventType.MediaPlayerBuffering
[09:10:30.777] [Printer] VLC_EVENT=EventType.MediaPlayerBuffering
[09:10:30.820] [Printer] VLC_EVENT=EventType.MediaPlayerBuffering
[09:10:30.862] [Printer] VLC_EVENT=EventType.MediaPlayerBuffering
[09:10:30.903] [Printer] VLC_EVENT=EventType.MediaPlayerBuffering
[09:10:30.944] [Printer] VLC_EVENT=EventType.MediaPlayerBuffering
[09:10:30.964] YOUTUBE_EMBED attached hwnd=462420
[09:10:30.987] [Printer] VLC_EVENT=EventType.MediaPlayerBuffering
[09:10:31.028] [Printer] VLC_EVENT=EventType.MediaPlayerBuffering
[09:10:31.070] [Printer] VLC_EVENT=EventType.MediaPlayerBuffering
[09:10:31.115] [Printer] VLC_EVENT=EventType.MediaPlayerBuffering
[09:10:31.156] [Printer] VLC_EVENT=EventType.MediaPlayerBuffering
[09:10:31.197] [Printer] VLC_EVENT=EventType.MediaPlayerBuffering
[09:10:31.238] [Printer] VLC_EVENT=EventType.MediaPlayerBuffering
[09:10:31.281] [Printer] VLC_EVENT=EventType.MediaPlayerBuffering
[09:10:31.322] [Printer] VLC_EVENT=EventType.MediaPlayerBuffering
[09:10:31.363] [Printer] VLC_EVENT=EventType.MediaPlayerBuffering
[09:10:31.406] [Printer] VLC_EVENT=EventType.MediaPlayerBuffering
[09:10:31.445] [Printer] VLC_EVENT=EventType.MediaPlayerBuffering
[09:10:31.488] [Printer] VLC_EVENT=EventType.MediaPlayerBuffering
[09:10:31.529] [Printer] VLC_EVENT=EventType.MediaPlayerBuffering
[09:10:31.569] [Printer] VLC_EVENT=EventType.MediaPlayerBuffering
[09:10:31.611] [Printer] VLC_EVENT=EventType.MediaPlayerBuffering
[09:10:31.654] [Printer] VLC_EVENT=EventType.MediaPlayerBuffering
[09:10:31.696] [Printer] VLC_EVENT=EventType.MediaPlayerBuffering
[09:10:31.736] YOUTUBE_EMBED attached hwnd=200536
[09:10:31.738] [Printer] VLC_EVENT=EventType.MediaPlayerBuffering
[09:10:31.779] [Printer] VLC_EVENT=EventType.MediaPlayerBuffering
[09:10:31.823] [Printer] VLC_EVENT=EventType.MediaPlayerBuffering
[09:10:31.864] [Printer] VLC_EVENT=EventType.MediaPlayerBuffering
[09:10:31.907] [Printer] VLC_EVENT=EventType.MediaPlayerBuffering
[09:10:31.947] [Printer] VLC_EVENT=EventType.MediaPlayerBuffering
[09:10:32.004] [Printer] VLC_EVENT=EventType.MediaPlayerBuffering
[09:10:32.029] [Printer] VLC_EVENT=EventType.MediaPlayerBuffering
[09:10:32.070] [Printer] VLC_EVENT=EventType.MediaPlayerBuffering
[09:10:32.112] [Printer] VLC_EVENT=EventType.MediaPlayerBuffering
[09:10:32.155] [Printer] VLC_EVENT=EventType.MediaPlayerBuffering
[09:10:32.196] [Printer] VLC_EVENT=EventType.MediaPlayerBuffering
[09:10:32.237] [Printer] VLC_EVENT=EventType.MediaPlayerBuffering
[09:10:32.278] [Printer] VLC_EVENT=EventType.MediaPlayerBuffering
[09:10:32.324] [Printer] VLC_EVENT=EventType.MediaPlayerBuffering
[09:10:32.364] [Printer] VLC_EVENT=EventType.MediaPlayerBuffering
[09:10:32.406] [Printer] VLC_EVENT=EventType.MediaPlayerBuffering
[09:10:32.462] [Printer] VLC_EVENT=EventType.MediaPlayerBuffering
[09:10:32.489] [Printer] VLC_EVENT=EventType.MediaPlayerBuffering
[09:10:33.738] [Printer] PLAYBACK_STALL duration=5.1s
[09:10:33.739] [Printer] RECONNECT reason=POSITION_TIMEOUT runtime=5.8s
[09:10:33.739] [Printer] LOCAL_RESTART requested
[09:10:34.422] [Printer] VLC_EVENT=EventType.MediaPlayerStopped
[09:10:34.469] [Printer] VLC_EVENT=EventType.MediaPlayerOpening
[09:10:34.469] [Printer] VLC_EVENT=EventType.MediaPlayerBuffering
[09:10:34.863] [Printer] VLC_EVENT=EventType.MediaPlayerPlaying
[09:10:34.902] [Printer] VLC_EVENT=EventType.MediaPlayerBuffering
[09:10:34.944] [Printer] VLC_EVENT=EventType.MediaPlayerBuffering
[09:10:34.987] [Printer] VLC_EVENT=EventType.MediaPlayerBuffering
[09:10:35.028] [Printer] VLC_EVENT=EventType.MediaPlayerBuffering
[09:10:35.070] [Printer] VLC_EVENT=EventType.MediaPlayerBuffering
[09:10:35.111] [Printer] VLC_EVENT=EventType.MediaPlayerBuffering
[09:10:35.154] [Printer] VLC_EVENT=EventType.MediaPlayerBuffering
[09:10:35.195] [Printer] VLC_EVENT=EventType.MediaPlayerBuffering
[09:10:35.236] [Printer] VLC_EVENT=EventType.MediaPlayerBuffering
[09:10:35.277] [Printer] VLC_EVENT=EventType.MediaPlayerBuffering
[09:10:35.322] [Printer] VLC_EVENT=EventType.MediaPlayerBuffering
[09:10:35.361] [Printer] VLC_EVENT=EventType.MediaPlayerBuffering
[09:10:35.404] [Printer] VLC_EVENT=EventType.MediaPlayerBuffering
[09:10:35.445] [Printer] VLC_EVENT=EventType.MediaPlayerBuffering
[09:10:35.489] [Printer] VLC_EVENT=EventType.MediaPlayerBuffering
[09:10:35.533] [Printer] VLC_EVENT=EventType.MediaPlayerBuffering
[09:10:35.573] [Printer] VLC_EVENT=EventType.MediaPlayerBuffering
[09:10:35.615] [Printer] VLC_EVENT=EventType.MediaPlayerBuffering
[09:10:35.657] [Printer] VLC_EVENT=EventType.MediaPlayerBuffering
[09:10:35.697] [Printer] VLC_EVENT=EventType.MediaPlayerBuffering
[09:10:35.738] [Printer] VLC_EVENT=EventType.MediaPlayerBuffering
[09:10:35.779] [Printer] VLC_EVENT=EventType.MediaPlayerBuffering
[09:10:35.820] [Printer] VLC_EVENT=EventType.MediaPlayerBuffering
[09:10:35.861] [Printer] VLC_EVENT=EventType.MediaPlayerBuffering
[09:10:35.905] [Printer] VLC_EVENT=EventType.MediaPlayerBuffering
[09:10:35.945] [Printer] VLC_EVENT=EventType.MediaPlayerBuffering
[09:10:35.988] [Printer] VLC_EVENT=EventType.MediaPlayerBuffering
[09:10:36.029] [Printer] VLC_EVENT=EventType.MediaPlayerBuffering
[09:10:36.070] [Printer] VLC_EVENT=EventType.MediaPlayerBuffering
[09:10:36.111] [Printer] VLC_EVENT=EventType.MediaPlayerBuffering
[09:10:36.154] [Printer] VLC_EVENT=EventType.MediaPlayerBuffering
[09:10:36.195] [Printer] VLC_EVENT=EventType.MediaPlayerBuffering
[09:10:36.237] [Printer] VLC_EVENT=EventType.MediaPlayerBuffering
[09:10:36.278] [Printer] VLC_EVENT=EventType.MediaPlayerBuffering
[09:10:36.324] [Printer] VLC_EVENT=EventType.MediaPlayerBuffering
[09:10:36.365] [Printer] VLC_EVENT=EventType.MediaPlayerBuffering
[09:10:36.407] [Printer] VLC_EVENT=EventType.MediaPlayerBuffering
[09:10:36.449] [Printer] VLC_EVENT=EventType.MediaPlayerBuffering
[09:10:36.490] [Printer] VLC_EVENT=EventType.MediaPlayerBuffering
[09:10:36.531] [Printer] VLC_EVENT=EventType.MediaPlayerBuffering
[09:10:36.572] [Printer] VLC_EVENT=EventType.MediaPlayerBuffering
[09:10:36.614] [Printer] VLC_EVENT=EventType.MediaPlayerBuffering
[09:10:36.656] [Printer] VLC_EVENT=EventType.MediaPlayerBuffering
[09:10:36.698] [Printer] VLC_EVENT=EventType.MediaPlayerBuffering
[09:10:36.739] [Printer] VLC_EVENT=EventType.MediaPlayerBuffering
[09:10:36.780] [Printer] VLC_EVENT=EventType.MediaPlayerBuffering
[09:10:36.822] [Printer] VLC_EVENT=EventType.MediaPlayerBuffering
[09:10:36.863] [Printer] VLC_EVENT=EventType.MediaPlayerBuffering
[09:10:36.905] [Printer] VLC_EVENT=EventType.MediaPlayerBuffering
[09:10:36.946] [Printer] VLC_EVENT=EventType.MediaPlayerBuffering
[09:10:36.987] [Printer] VLC_EVENT=EventType.MediaPlayerBuffering
[09:10:37.028] [Printer] VLC_EVENT=EventType.MediaPlayerBuffering
[09:10:37.070] [Printer] VLC_EVENT=EventType.MediaPlayerBuffering
[09:10:37.111] [Printer] VLC_EVENT=EventType.MediaPlayerBuffering
[09:10:37.154] [Printer] VLC_EVENT=EventType.MediaPlayerBuffering
[09:10:37.196] [Printer] VLC_EVENT=EventType.MediaPlayerBuffering
[09:10:37.237] [Printer] VLC_EVENT=EventType.MediaPlayerBuffering
[09:10:37.278] [Printer] VLC_EVENT=EventType.MediaPlayerBuffering
[09:10:37.321] [Printer] VLC_EVENT=EventType.MediaPlayerBuffering
[09:10:37.361] [Printer] VLC_EVENT=EventType.MediaPlayerBuffering
[09:10:37.402] [Printer] VLC_EVENT=EventType.MediaPlayerBuffering
[09:10:37.444] [Printer] VLC_EVENT=EventType.MediaPlayerBuffering
[09:10:37.489] [Printer] VLC_EVENT=EventType.MediaPlayerBuffering
[09:10:37.530] [Printer] VLC_EVENT=EventType.MediaPlayerBuffering
[09:10:37.574] [Printer] VLC_EVENT=EventType.MediaPlayerBuffering
[09:10:37.616] [Printer] VLC_EVENT=EventType.MediaPlayerBuffering
[09:10:37.657] [Printer] VLC_EVENT=EventType.MediaPlayerBuffering
[09:10:37.698] [Printer] VLC_EVENT=EventType.MediaPlayerBuffering
[09:10:37.739] [Printer] VLC_EVENT=EventType.MediaPlayerBuffering
[09:10:37.780] [Printer] VLC_EVENT=EventType.MediaPlayerBuffering
[09:10:39.469] [Printer] RESOLVE_RECONNECT starting original=rtsp://192.168.1.227/live
[09:10:39.470] RESOLVE starting original=rtsp://192.168.1.227/live
[09:10:39.471] [Printer] RECONNECT_APPLY url=rtsp://192.168.1.227/live
[09:10:39.471] [Printer] SET_MEDIA url=rtsp://192.168.1.227/live url_status=same
[09:10:39.499] [Printer] VLC_EVENT=EventType.MediaPlayerStopped
[09:10:39.540] [Printer] MEDIA_CREATED url=rtsp://192.168.1.227/live
[09:10:39.543] [Printer] VLC_EVENT=EventType.MediaPlayerOpening
[09:10:39.543] [Printer] VLC_EVENT=EventType.MediaPlayerBuffering
[09:10:39.970] [Printer] STATE=State.Opening position=0.0s
[09:10:40.977] [Printer] VLC_EVENT=EventType.MediaPlayerPlaying
[09:10:41.025] [Printer] VLC_EVENT=EventType.MediaPlayerBuffering
[09:10:41.066] [Printer] VLC_EVENT=EventType.MediaPlayerBuffering
[09:10:41.107] [Printer] VLC_EVENT=EventType.MediaPlayerBuffering
[09:10:41.148] [Printer] VLC_EVENT=EventType.MediaPlayerBuffering
[09:10:41.189] [Printer] VLC_EVENT=EventType.MediaPlayerBuffering
[09:10:41.231] [Printer] VLC_EVENT=EventType.MediaPlayerBuffering
[09:10:41.274] [Printer] VLC_EVENT=EventType.MediaPlayerBuffering
[09:10:41.314] [Printer] VLC_EVENT=EventType.MediaPlayerBuffering
[09:10:41.354] [Printer] VLC_EVENT=EventType.MediaPlayerBuffering
[09:10:41.395] [Printer] VLC_EVENT=EventType.MediaPlayerBuffering
[09:10:41.436] [Printer] VLC_EVENT=EventType.MediaPlayerBuffering
[09:10:41.472] [Printer] STATE=State.Playing position=0.0s
[09:10:41.477] [Printer] VLC_EVENT=EventType.MediaPlayerBuffering
[09:10:41.520] [Printer] VLC_EVENT=EventType.MediaPlayerBuffering
[09:10:41.562] [Printer] VLC_EVENT=EventType.MediaPlayerBuffering
[09:10:41.603] [Printer] VLC_EVENT=EventType.MediaPlayerBuffering
[09:10:41.647] [Printer] VLC_EVENT=EventType.MediaPlayerBuffering
[09:10:41.687] [Printer] VLC_EVENT=EventType.MediaPlayerBuffering
[09:10:41.729] [Printer] VLC_EVENT=EventType.MediaPlayerBuffering
[09:10:41.769] [Printer] VLC_EVENT=EventType.MediaPlayerBuffering
[09:10:41.810] [Printer] VLC_EVENT=EventType.MediaPlayerBuffering
[09:10:41.856] [Printer] VLC_EVENT=EventType.MediaPlayerBuffering
[09:10:41.897] [Printer] VLC_EVENT=EventType.MediaPlayerBuffering
[09:10:41.939] [Printer] VLC_EVENT=EventType.MediaPlayerBuffering
[09:10:41.981] [Printer] VLC_EVENT=EventType.MediaPlayerBuffering
[09:10:42.022] [Printer] VLC_EVENT=EventType.MediaPlayerBuffering
[09:10:42.063] [Printer] VLC_EVENT=EventType.MediaPlayerBuffering
[09:10:42.104] [Printer] VLC_EVENT=EventType.MediaPlayerBuffering
[09:10:42.145] [Printer] VLC_EVENT=EventType.MediaPlayerBuffering
[09:10:42.187] [Printer] VLC_EVENT=EventType.MediaPlayerBuffering
[09:10:42.228] [Printer] VLC_EVENT=EventType.MediaPlayerBuffering
[09:10:42.270] [Printer] VLC_EVENT=EventType.MediaPlayerBuffering
[09:10:42.313] [Printer] VLC_EVENT=EventType.MediaPlayerBuffering
[09:10:42.354] [Printer] VLC_EVENT=EventType.MediaPlayerBuffering
[09:10:42.396] [Printer] VLC_EVENT=EventType.MediaPlayerBuffering
[09:10:42.437] [Printer] VLC_EVENT=EventType.MediaPlayerBuffering
[09:10:42.478] [Printer] VLC_EVENT=EventType.MediaPlayerBuffering
[09:10:42.521] [Printer] VLC_EVENT=EventType.MediaPlayerBuffering
[09:10:42.562] [Printer] VLC_EVENT=EventType.MediaPlayerBuffering
[09:10:42.603] [Printer] VLC_EVENT=EventType.MediaPlayerBuffering
[09:10:42.644] [Printer] VLC_EVENT=EventType.MediaPlayerBuffering
[09:10:42.690] [Printer] VLC_EVENT=EventType.MediaPlayerBuffering
[09:10:42.731] [Printer] VLC_EVENT=EventType.MediaPlayerBuffering
[09:10:42.773] [Printer] VLC_EVENT=EventType.MediaPlayerBuffering
[09:10:42.813] [Printer] VLC_EVENT=EventType.MediaPlayerBuffering
[09:10:42.854] [Printer] VLC_EVENT=EventType.MediaPlayerBuffering
[09:10:42.895] [Printer] VLC_EVENT=EventType.MediaPlayerBuffering
[09:10:42.936] [Printer] VLC_EVENT=EventType.MediaPlayerBuffering
[09:10:42.978] [Printer] VLC_EVENT=EventType.MediaPlayerBuffering
[09:10:43.022] [Printer] VLC_EVENT=EventType.MediaPlayerBuffering
[09:10:43.064] [Printer] VLC_EVENT=EventType.MediaPlayerBuffering
[09:10:43.105] [Printer] VLC_EVENT=EventType.MediaPlayerBuffering
[09:10:43.147] [Printer] VLC_EVENT=EventType.MediaPlayerBuffering
[09:10:43.188] [Printer] VLC_EVENT=EventType.MediaPlayerBuffering
[09:10:43.228] [Printer] VLC_EVENT=EventType.MediaPlayerBuffering
[09:10:43.270] [Printer] VLC_EVENT=EventType.MediaPlayerBuffering
[09:10:43.311] [Printer] VLC_EVENT=EventType.MediaPlayerBuffering
[09:10:43.354] [Printer] VLC_EVENT=EventType.MediaPlayerBuffering
[09:10:43.395] [Printer] VLC_EVENT=EventType.MediaPlayerBuffering
[09:10:43.436] [Printer] VLC_EVENT=EventType.MediaPlayerBuffering
[09:10:43.477] [Printer] VLC_EVENT=EventType.MediaPlayerBuffering
[09:10:43.520] [Printer] VLC_EVENT=EventType.MediaPlayerBuffering
[09:10:43.562] [Printer] VLC_EVENT=EventType.MediaPlayerBuffering
[09:10:43.603] [Printer] VLC_EVENT=EventType.MediaPlayerBuffering
[09:10:43.644] [Printer] VLC_EVENT=EventType.MediaPlayerBuffering
[09:10:43.689] [Printer] VLC_EVENT=EventType.MediaPlayerBuffering
[09:10:43.731] [Printer] VLC_EVENT=EventType.MediaPlayerBuffering
[09:10:43.772] [Printer] VLC_EVENT=EventType.MediaPlayerBuffering
[09:10:43.813] [Printer] VLC_EVENT=EventType.MediaPlayerBuffering
[09:10:43.855] [Printer] VLC_EVENT=EventType.MediaPlayerBuffering
[09:10:43.895] [Printer] VLC_EVENT=EventType.MediaPlayerBuffering
[09:10:44.280] [Printer] STOP runtime=16.3s
[09:10:46.320] [Printer] VLC_EVENT=EventType.MediaPlayerStopped
[09:14:54.332] [Printer] RESOLVE_FEED starting original=rtsp://192.168.1.227/live
[09:14:54.332] RESOLVE starting original=rtsp://192.168.1.227/live
[09:14:54.332] [Nerdle] YOUTUBE_ROUTE browser original=https://www.youtube.com/watch
[09:14:54.334] [Rover 3] YOUTUBE_ROUTE browser original=https://www.youtube.com/watch
[09:14:54.336] [Rover1] YOUTUBE_ROUTE browser original=https://www.youtube.com/watch
[09:14:54.354] [Printer] STREAM_START original=rtsp://192.168.1.227/live
[09:14:54.515] [Printer] SET_MEDIA url=rtsp://192.168.1.227/live url_status=new
[09:14:54.519] [Printer] MEDIA_CREATED url=rtsp://192.168.1.227/live
[09:14:54.520] [Printer] STATE=State.NothingSpecial position=-0.0s
[09:14:54.522] [Rover 3] YOUTUBE_EMBED video_id=TyXUaqscyiU
[09:14:55.172] [Nerdle] YOUTUBE_EMBED video_id=B89oRmywnJo
[09:14:55.951] [Printer] PLAY requested runtime=1.4s
[09:14:55.953] [Printer] VLC_EVENT=EventType.MediaPlayerOpening
[09:14:55.953] [Printer] VLC_EVENT=EventType.MediaPlayerBuffering
[09:14:55.955] [Rover1] YOUTUBE_EMBED video_id=inCQ49QGmqQ
[09:14:56.751] YOUTUBE_EMBED attached hwnd=331530
[09:14:56.752] [Printer] STATE=State.Opening position=0.0s
[09:14:57.253] [Printer] VLC_EVENT=EventType.MediaPlayerPlaying
[09:14:57.295] [Printer] VLC_EVENT=EventType.MediaPlayerBuffering
[09:14:57.339] [Printer] VLC_EVENT=EventType.MediaPlayerBuffering
[09:14:57.378] [Printer] VLC_EVENT=EventType.MediaPlayerBuffering
[09:14:57.418] [Printer] VLC_EVENT=EventType.MediaPlayerBuffering
[09:14:57.460] [Printer] VLC_EVENT=EventType.MediaPlayerBuffering
[09:14:57.515] YOUTUBE_EMBED attached hwnd=266052
[09:14:57.528] [Printer] VLC_EVENT=EventType.MediaPlayerBuffering
[09:14:57.572] [Printer] VLC_EVENT=EventType.MediaPlayerBuffering
[09:14:57.619] [Printer] VLC_EVENT=EventType.MediaPlayerBuffering
[09:14:57.665] [Printer] VLC_EVENT=EventType.MediaPlayerBuffering
[09:14:57.712] [Printer] VLC_EVENT=EventType.MediaPlayerBuffering
[09:14:57.713] [Printer] VLC_EVENT=EventType.MediaPlayerBuffering
[09:14:57.751] [Printer] VLC_EVENT=EventType.MediaPlayerBuffering
[09:14:57.753] [Printer] STATE=State.Playing position=0.0s
[09:14:57.792] [Printer] VLC_EVENT=EventType.MediaPlayerBuffering
[09:14:57.836] [Printer] VLC_EVENT=EventType.MediaPlayerBuffering
[09:14:57.884] [Printer] VLC_EVENT=EventType.MediaPlayerBuffering
[09:14:57.929] [Printer] VLC_EVENT=EventType.MediaPlayerBuffering
[09:14:57.980] [Printer] VLC_EVENT=EventType.MediaPlayerBuffering
[09:14:58.000] [Printer] VLC_EVENT=EventType.MediaPlayerBuffering
[09:14:58.042] [Printer] VLC_EVENT=EventType.MediaPlayerBuffering
[09:14:58.083] [Printer] VLC_EVENT=EventType.MediaPlayerBuffering
[09:14:58.164] [Printer] VLC_EVENT=EventType.MediaPlayerBuffering
[09:14:58.167] [Printer] VLC_EVENT=EventType.MediaPlayerBuffering
[09:14:58.209] [Printer] VLC_EVENT=EventType.MediaPlayerBuffering
[09:14:58.292] [Printer] VLC_EVENT=EventType.MediaPlayerBuffering
[09:14:58.296] [Printer] VLC_EVENT=EventType.MediaPlayerBuffering
[09:14:58.317] YOUTUBE_EMBED attached hwnd=266194
[09:14:58.351] [Printer] VLC_EVENT=EventType.MediaPlayerBuffering
[09:14:58.377] [Printer] VLC_EVENT=EventType.MediaPlayerBuffering
[09:14:58.418] [Printer] VLC_EVENT=EventType.MediaPlayerBuffering
[09:14:58.459] [Printer] VLC_EVENT=EventType.MediaPlayerBuffering
[09:14:58.501] [Printer] VLC_EVENT=EventType.MediaPlayerBuffering
[09:14:58.543] [Printer] VLC_EVENT=EventType.MediaPlayerBuffering
[09:14:58.584] [Printer] VLC_EVENT=EventType.MediaPlayerBuffering
[09:14:58.629] [Printer] VLC_EVENT=EventType.MediaPlayerBuffering
[09:14:58.671] [Printer] VLC_EVENT=EventType.MediaPlayerBuffering
[09:14:58.709] [Printer] VLC_EVENT=EventType.MediaPlayerBuffering
[09:14:58.750] [Printer] VLC_EVENT=EventType.MediaPlayerBuffering
[09:14:58.797] [Printer] VLC_EVENT=EventType.MediaPlayerBuffering
[09:14:58.834] [Printer] VLC_EVENT=EventType.MediaPlayerBuffering
[09:14:58.878] [Printer] VLC_EVENT=EventType.MediaPlayerBuffering
[09:14:58.918] [Printer] VLC_EVENT=EventType.MediaPlayerBuffering
[09:14:58.959] [Printer] VLC_EVENT=EventType.MediaPlayerBuffering
[09:14:59.005] [Printer] VLC_EVENT=EventType.MediaPlayerBuffering
[09:14:59.080] [Printer] VLC_EVENT=EventType.MediaPlayerBuffering
[09:14:59.083] [Printer] VLC_EVENT=EventType.MediaPlayerBuffering
[09:14:59.127] [Printer] VLC_EVENT=EventType.MediaPlayerBuffering
[09:14:59.169] [Printer] VLC_EVENT=EventType.MediaPlayerBuffering
[09:14:59.210] [Printer] VLC_EVENT=EventType.MediaPlayerBuffering
[09:14:59.252] [Printer] VLC_EVENT=EventType.MediaPlayerBuffering
[09:14:59.293] [Printer] VLC_EVENT=EventType.MediaPlayerBuffering
[09:14:59.334] [Printer] VLC_EVENT=EventType.MediaPlayerBuffering
[09:14:59.376] [Printer] VLC_EVENT=EventType.MediaPlayerBuffering
[09:14:59.422] [Printer] VLC_EVENT=EventType.MediaPlayerBuffering
[09:14:59.460] [Printer] VLC_EVENT=EventType.MediaPlayerBuffering
[09:14:59.501] [Printer] VLC_EVENT=EventType.MediaPlayerBuffering
[09:14:59.546] [Printer] VLC_EVENT=EventType.MediaPlayerBuffering
[09:14:59.589] [Printer] VLC_EVENT=EventType.MediaPlayerBuffering
[09:14:59.645] [Printer] VLC_EVENT=EventType.MediaPlayerBuffering
[09:14:59.693] [Printer] VLC_EVENT=EventType.MediaPlayerBuffering
[09:14:59.711] [Printer] VLC_EVENT=EventType.MediaPlayerBuffering
[09:14:59.755] [Printer] VLC_EVENT=EventType.MediaPlayerBuffering
[09:14:59.796] [Printer] VLC_EVENT=EventType.MediaPlayerBuffering
[09:14:59.879] [Printer] VLC_EVENT=EventType.MediaPlayerBuffering
[09:14:59.879] [Printer] VLC_EVENT=EventType.MediaPlayerBuffering
[09:14:59.916] [Printer] VLC_EVENT=EventType.MediaPlayerBuffering
[09:14:59.963] [Printer] VLC_EVENT=EventType.MediaPlayerBuffering
[09:15:00.042] [Printer] VLC_EVENT=EventType.MediaPlayerBuffering
[09:15:00.046] [Printer] VLC_EVENT=EventType.MediaPlayerBuffering
[09:15:00.091] [Printer] VLC_EVENT=EventType.MediaPlayerBuffering
[09:15:00.130] [Printer] VLC_EVENT=EventType.MediaPlayerBuffering
[09:15:00.192] [Printer] VLC_EVENT=EventType.MediaPlayerBuffering
[09:15:00.208] [Printer] VLC_EVENT=EventType.MediaPlayerBuffering
[09:15:00.249] [Printer] VLC_EVENT=EventType.MediaPlayerBuffering
[09:15:00.296] [Printer] VLC_EVENT=EventType.MediaPlayerBuffering
[09:15:00.344] [Printer] VLC_EVENT=EventType.MediaPlayerBuffering
[09:15:00.378] [Printer] VLC_EVENT=EventType.MediaPlayerBuffering
[09:15:00.419] [Printer] VLC_EVENT=EventType.MediaPlayerBuffering
[09:15:00.460] [Printer] VLC_EVENT=EventType.MediaPlayerBuffering
[09:15:00.511] [Printer] VLC_EVENT=EventType.MediaPlayerBuffering
[09:15:00.545] [Printer] VLC_EVENT=EventType.MediaPlayerBuffering
[09:15:00.585] [Printer] VLC_EVENT=EventType.MediaPlayerBuffering
[09:15:00.628] [Printer] VLC_EVENT=EventType.MediaPlayerBuffering
[09:15:00.668] [Printer] VLC_EVENT=EventType.MediaPlayerBuffering
[09:15:00.710] [Printer] VLC_EVENT=EventType.MediaPlayerBuffering
[09:15:00.754] [Printer] VLC_EVENT=EventType.MediaPlayerBuffering
[09:15:00.794] [Printer] VLC_EVENT=EventType.MediaPlayerBuffering
[09:15:00.834] [Printer] VLC_EVENT=EventType.MediaPlayerBuffering
[09:15:00.875] [Printer] VLC_EVENT=EventType.MediaPlayerBuffering
[09:15:00.916] [Printer] VLC_EVENT=EventType.MediaPlayerBuffering
[09:15:00.966] [Printer] VLC_EVENT=EventType.MediaPlayerBuffering
[09:15:01.003] [Printer] VLC_EVENT=EventType.MediaPlayerBuffering
[09:15:01.052] [Printer] VLC_EVENT=EventType.MediaPlayerBuffering
[09:15:01.086] [Printer] VLC_EVENT=EventType.MediaPlayerBuffering
[09:15:01.130] [Printer] VLC_EVENT=EventType.MediaPlayerBuffering
[09:15:01.173] [Printer] VLC_EVENT=EventType.MediaPlayerBuffering
[09:15:01.210] [Printer] VLC_EVENT=EventType.MediaPlayerBuffering
[09:15:01.251] [Printer] VLC_EVENT=EventType.MediaPlayerBuffering
[09:15:01.296] [Printer] VLC_EVENT=EventType.MediaPlayerBuffering
[09:15:01.321] [Printer] PLAYBACK_STALL duration=5.4s
[09:15:01.321] [Printer] RECONNECT reason=POSITION_TIMEOUT runtime=6.8s
[09:15:01.322] [Printer] LOCAL_RESTART requested
[09:15:01.351] [Printer] VLC_EVENT=EventType.MediaPlayerStopped
[09:15:01.403] [Printer] VLC_EVENT=EventType.MediaPlayerOpening
[09:15:01.404] [Printer] VLC_EVENT=EventType.MediaPlayerBuffering
[09:15:01.806] [Printer] VLC_EVENT=EventType.MediaPlayerPlaying
[09:15:01.847] [Printer] VLC_EVENT=EventType.MediaPlayerBuffering
[09:15:01.894] [Printer] VLC_EVENT=EventType.MediaPlayerBuffering
[09:15:01.948] [Printer] VLC_EVENT=EventType.MediaPlayerBuffering
[09:15:01.977] [Printer] VLC_EVENT=EventType.MediaPlayerBuffering
[09:15:02.016] [Printer] VLC_EVENT=EventType.MediaPlayerBuffering
[09:15:02.059] [Printer] VLC_EVENT=EventType.MediaPlayerBuffering
[09:15:02.123] [Printer] VLC_EVENT=EventType.MediaPlayerBuffering
[09:15:02.141] [Printer] VLC_EVENT=EventType.MediaPlayerBuffering
[09:15:02.191] [Printer] VLC_EVENT=EventType.MediaPlayerBuffering
[09:15:02.223] [Printer] VLC_EVENT=EventType.MediaPlayerBuffering
[09:15:02.264] [Printer] VLC_EVENT=EventType.MediaPlayerBuffering
[09:15:02.343] [Printer] VLC_EVENT=EventType.MediaPlayerBuffering
[09:15:02.346] [Printer] VLC_EVENT=EventType.MediaPlayerBuffering
[09:15:02.387] [Printer] VLC_EVENT=EventType.MediaPlayerBuffering
[09:15:02.428] [Printer] VLC_EVENT=EventType.MediaPlayerBuffering
[09:15:02.470] [Printer] VLC_EVENT=EventType.MediaPlayerBuffering
[09:15:02.511] [Printer] VLC_EVENT=EventType.MediaPlayerBuffering
[09:15:02.591] [Printer] VLC_EVENT=EventType.MediaPlayerBuffering
[09:15:02.593] [Printer] VLC_EVENT=EventType.MediaPlayerBuffering
[09:15:02.634] [Printer] VLC_EVENT=EventType.MediaPlayerBuffering
[09:15:02.676] [Printer] VLC_EVENT=EventType.MediaPlayerBuffering
[09:15:02.717] [Printer] VLC_EVENT=EventType.MediaPlayerBuffering
[09:15:02.798] [Printer] VLC_EVENT=EventType.MediaPlayerBuffering
[09:15:02.800] [Printer] VLC_EVENT=EventType.MediaPlayerBuffering
[09:15:02.841] [Printer] VLC_EVENT=EventType.MediaPlayerBuffering
[09:15:02.882] [Printer] VLC_EVENT=EventType.MediaPlayerBuffering
[09:15:02.926] [Printer] VLC_EVENT=EventType.MediaPlayerBuffering
[09:15:02.973] [Printer] VLC_EVENT=EventType.MediaPlayerBuffering
[09:15:03.009] [Printer] VLC_EVENT=EventType.MediaPlayerBuffering
[09:15:03.051] [Printer] VLC_EVENT=EventType.MediaPlayerBuffering
[09:15:03.093] [Printer] VLC_EVENT=EventType.MediaPlayerBuffering
[09:15:03.137] [Printer] VLC_EVENT=EventType.MediaPlayerBuffering
[09:15:03.179] [Printer] VLC_EVENT=EventType.MediaPlayerBuffering
[09:15:03.222] [Printer] VLC_EVENT=EventType.MediaPlayerBuffering
[09:15:03.261] [Printer] VLC_EVENT=EventType.MediaPlayerBuffering
[09:15:03.306] [Printer] VLC_EVENT=EventType.MediaPlayerBuffering
[09:15:03.343] [Printer] VLC_EVENT=EventType.MediaPlayerBuffering
[09:15:03.388] [Printer] VLC_EVENT=EventType.MediaPlayerBuffering
[09:15:03.426] [Printer] VLC_EVENT=EventType.MediaPlayerBuffering
[09:15:03.468] [Printer] VLC_EVENT=EventType.MediaPlayerBuffering
[09:15:03.510] [Printer] VLC_EVENT=EventType.MediaPlayerBuffering
[09:15:03.550] [Printer] VLC_EVENT=EventType.MediaPlayerBuffering
[09:15:03.592] [Printer] VLC_EVENT=EventType.MediaPlayerBuffering
[09:15:03.634] [Printer] VLC_EVENT=EventType.MediaPlayerBuffering
[09:15:03.677] [Printer] VLC_EVENT=EventType.MediaPlayerBuffering
[09:15:03.716] [Printer] VLC_EVENT=EventType.MediaPlayerBuffering
[09:15:03.771] [Printer] VLC_EVENT=EventType.MediaPlayerBuffering
[09:15:03.817] [Printer] VLC_EVENT=EventType.MediaPlayerBuffering
[09:15:03.838] [Printer] VLC_EVENT=EventType.MediaPlayerBuffering
[09:15:03.900] [Printer] VLC_EVENT=EventType.MediaPlayerBuffering
[09:15:03.920] [Printer] VLC_EVENT=EventType.MediaPlayerBuffering
[09:15:03.973] [Printer] VLC_EVENT=EventType.MediaPlayerBuffering
[09:15:04.027] [Printer] VLC_EVENT=EventType.MediaPlayerBuffering
[09:15:04.055] [Printer] VLC_EVENT=EventType.MediaPlayerBuffering
[09:15:04.100] [Printer] VLC_EVENT=EventType.MediaPlayerBuffering
[09:15:04.138] [Printer] VLC_EVENT=EventType.MediaPlayerBuffering
[09:15:04.194] [Printer] VLC_EVENT=EventType.MediaPlayerBuffering
[09:15:04.228] [Printer] VLC_EVENT=EventType.MediaPlayerBuffering
[09:15:04.261] [Printer] VLC_EVENT=EventType.MediaPlayerBuffering
[09:15:04.304] [Printer] VLC_EVENT=EventType.MediaPlayerBuffering
[09:15:04.383] [Printer] VLC_EVENT=EventType.MediaPlayerBuffering
[09:15:04.387] [Printer] VLC_EVENT=EventType.MediaPlayerBuffering
[09:15:04.433] [Printer] VLC_EVENT=EventType.MediaPlayerBuffering
[09:15:04.471] [Printer] VLC_EVENT=EventType.MediaPlayerBuffering
[09:15:04.516] [Printer] VLC_EVENT=EventType.MediaPlayerBuffering
[09:15:04.552] [Printer] VLC_EVENT=EventType.MediaPlayerBuffering
[09:15:04.596] [Printer] VLC_EVENT=EventType.MediaPlayerBuffering
[09:15:04.640] [Printer] VLC_EVENT=EventType.MediaPlayerBuffering
[09:15:04.690] [Printer] VLC_EVENT=EventType.MediaPlayerBuffering
[09:15:04.717] [Printer] VLC_EVENT=EventType.MediaPlayerBuffering
[09:15:04.761] [Printer] VLC_EVENT=EventType.MediaPlayerBuffering
[09:15:04.801] [Printer] VLC_EVENT=EventType.MediaPlayerBuffering
[09:15:04.845] [Printer] VLC_EVENT=EventType.MediaPlayerBuffering
[09:15:04.899] [Printer] VLC_EVENT=EventType.MediaPlayerBuffering
[09:15:04.926] [Printer] VLC_EVENT=EventType.MediaPlayerBuffering
[09:15:04.968] [Printer] VLC_EVENT=EventType.MediaPlayerBuffering
[09:15:05.010] [Printer] VLC_EVENT=EventType.MediaPlayerBuffering
[09:15:05.049] [Printer] VLC_EVENT=EventType.MediaPlayerBuffering
[09:15:05.098] [Printer] VLC_EVENT=EventType.MediaPlayerBuffering
[09:15:05.137] [Printer] VLC_EVENT=EventType.MediaPlayerBuffering
[09:15:05.179] [Printer] VLC_EVENT=EventType.MediaPlayerBuffering
[09:15:05.222] [Printer] VLC_EVENT=EventType.MediaPlayerBuffering
[09:15:05.262] [Printer] VLC_EVENT=EventType.MediaPlayerBuffering
[09:15:05.303] [Printer] VLC_EVENT=EventType.MediaPlayerBuffering
[09:15:05.344] [Printer] VLC_EVENT=EventType.MediaPlayerBuffering
[09:15:05.386] [Printer] VLC_EVENT=EventType.MediaPlayerBuffering
[09:15:05.428] [Printer] VLC_EVENT=EventType.MediaPlayerBuffering
[09:15:05.468] [Printer] VLC_EVENT=EventType.MediaPlayerBuffering
[09:15:05.511] [Printer] VLC_EVENT=EventType.MediaPlayerBuffering
[09:15:05.561] [Printer] VLC_EVENT=EventType.MediaPlayerBuffering
[09:15:05.593] [Printer] VLC_EVENT=EventType.MediaPlayerBuffering
[09:15:05.636] [Printer] VLC_EVENT=EventType.MediaPlayerBuffering
[09:15:05.678] [Printer] VLC_EVENT=EventType.MediaPlayerBuffering
[09:15:05.716] [Printer] VLC_EVENT=EventType.MediaPlayerBuffering
[09:15:05.765] [Printer] VLC_EVENT=EventType.MediaPlayerBuffering
[09:15:05.806] [Printer] VLC_EVENT=EventType.MediaPlayerBuffering
[09:15:05.880] [Printer] VLC_EVENT=EventType.MediaPlayerBuffering
[09:15:05.890] [Printer] VLC_EVENT=EventType.MediaPlayerBuffering
[09:15:05.943] [Printer] VLC_EVENT=EventType.MediaPlayerBuffering
[09:15:05.969] [Printer] VLC_EVENT=EventType.MediaPlayerBuffering
[09:15:06.003] [Printer] VLC_EVENT=EventType.MediaPlayerBuffering
[09:15:06.052] [Printer] VLC_EVENT=EventType.MediaPlayerBuffering
[09:15:06.096] [Printer] VLC_EVENT=EventType.MediaPlayerBuffering
[09:15:06.135] [Printer] VLC_EVENT=EventType.MediaPlayerBuffering
[09:15:06.215] [Printer] VLC_EVENT=EventType.MediaPlayerBuffering
[09:15:06.218] [Printer] VLC_EVENT=EventType.MediaPlayerBuffering
[09:15:06.275] [Printer] VLC_EVENT=EventType.MediaPlayerBuffering
[09:15:06.301] [Printer] VLC_EVENT=EventType.MediaPlayerBuffering
[09:15:06.342] [Printer] VLC_EVENT=EventType.MediaPlayerBuffering
[09:15:06.403] [Printer] RESOLVE_RECONNECT starting original=rtsp://192.168.1.227/live
[09:15:06.404] RESOLVE starting original=rtsp://192.168.1.227/live
[09:15:06.405] [Printer] RECONNECT_APPLY url=rtsp://192.168.1.227/live
[09:15:06.405] [Printer] SET_MEDIA url=rtsp://192.168.1.227/live url_status=same
[09:15:06.405] [Printer] VLC_EVENT=EventType.MediaPlayerBuffering
[09:15:06.416] [Printer] VLC_EVENT=EventType.MediaPlayerStopped
[09:15:06.460] [Printer] MEDIA_CREATED url=rtsp://192.168.1.227/live
[09:15:06.462] [Printer] VLC_EVENT=EventType.MediaPlayerOpening
[09:15:06.463] [Printer] VLC_EVENT=EventType.MediaPlayerBuffering
[09:15:06.867] [Printer] VLC_EVENT=EventType.MediaPlayerPlaying
[09:15:06.926] [Printer] VLC_EVENT=EventType.MediaPlayerBuffering
[09:15:06.966] [Printer] VLC_EVENT=EventType.MediaPlayerBuffering
[09:15:06.994] [Printer] VLC_EVENT=EventType.MediaPlayerBuffering
[09:15:07.037] [Printer] VLC_EVENT=EventType.MediaPlayerBuffering
[09:15:07.075] [Printer] VLC_EVENT=EventType.MediaPlayerBuffering
[09:15:07.159] [Printer] VLC_EVENT=EventType.MediaPlayerBuffering
[09:15:07.206] [Printer] VLC_EVENT=EventType.MediaPlayerBuffering
[09:15:07.208] [Printer] VLC_EVENT=EventType.MediaPlayerBuffering
[09:15:07.245] [Printer] VLC_EVENT=EventType.MediaPlayerBuffering
[09:15:07.286] [Printer] VLC_EVENT=EventType.MediaPlayerBuffering
[09:15:07.330] [Printer] VLC_EVENT=EventType.MediaPlayerBuffering
[09:15:07.374] [Printer] VLC_EVENT=EventType.MediaPlayerBuffering
[09:15:07.413] [Printer] VLC_EVENT=EventType.MediaPlayerBuffering
[09:15:07.453] [Printer] VLC_EVENT=EventType.MediaPlayerBuffering
[09:15:07.494] [Printer] VLC_EVENT=EventType.MediaPlayerBuffering
[09:15:07.536] [Printer] VLC_EVENT=EventType.MediaPlayerBuffering
[09:15:07.582] [Printer] VLC_EVENT=EventType.MediaPlayerBuffering
[09:15:07.619] [Printer] VLC_EVENT=EventType.MediaPlayerBuffering
[09:15:07.661] [Printer] VLC_EVENT=EventType.MediaPlayerBuffering
[09:15:07.708] [Printer] VLC_EVENT=EventType.MediaPlayerBuffering
[09:15:07.743] [Printer] VLC_EVENT=EventType.MediaPlayerBuffering
[09:15:07.786] [Printer] VLC_EVENT=EventType.MediaPlayerBuffering
[09:15:07.827] [Printer] VLC_EVENT=EventType.MediaPlayerBuffering
[09:15:07.872] [Printer] VLC_EVENT=EventType.MediaPlayerBuffering
[09:15:07.913] [Printer] VLC_EVENT=EventType.MediaPlayerBuffering
[09:15:07.950] [Printer] VLC_EVENT=EventType.MediaPlayerBuffering
[09:15:07.992] [Printer] VLC_EVENT=EventType.MediaPlayerBuffering
[09:15:08.048] [Printer] VLC_EVENT=EventType.MediaPlayerBuffering
[09:15:08.076] [Printer] VLC_EVENT=EventType.MediaPlayerBuffering
[09:15:08.122] [Printer] VLC_EVENT=EventType.MediaPlayerBuffering
[09:15:08.159] [Printer] VLC_EVENT=EventType.MediaPlayerBuffering
[09:15:08.222] [Printer] VLC_EVENT=EventType.MediaPlayerBuffering
[09:15:08.279] [Printer] VLC_EVENT=EventType.MediaPlayerBuffering
[09:15:08.283] [Printer] VLC_EVENT=EventType.MediaPlayerBuffering
[09:15:08.326] [Printer] VLC_EVENT=EventType.MediaPlayerBuffering
[09:15:08.370] [Printer] VLC_EVENT=EventType.MediaPlayerBuffering
[09:15:08.411] [Printer] VLC_EVENT=EventType.MediaPlayerBuffering
[09:15:08.454] [Printer] VLC_EVENT=EventType.MediaPlayerBuffering
[09:15:08.496] [Printer] VLC_EVENT=EventType.MediaPlayerBuffering
[09:15:08.549] [Printer] VLC_EVENT=EventType.MediaPlayerBuffering
[09:15:08.577] [Printer] VLC_EVENT=EventType.MediaPlayerBuffering
[09:15:08.628] [Printer] VLC_EVENT=EventType.MediaPlayerBuffering
[09:15:08.660] [Printer] VLC_EVENT=EventType.MediaPlayerBuffering
[09:15:08.701] [Printer] VLC_EVENT=EventType.MediaPlayerBuffering
[09:15:08.780] [Printer] VLC_EVENT=EventType.MediaPlayerBuffering
[09:15:08.783] [Printer] VLC_EVENT=EventType.MediaPlayerBuffering
[09:15:08.832] [Printer] VLC_EVENT=EventType.MediaPlayerBuffering
[09:15:08.891] [Printer] VLC_EVENT=EventType.MediaPlayerBuffering
[09:15:08.912] [Printer] VLC_EVENT=EventType.MediaPlayerBuffering
[09:15:08.953] [Printer] VLC_EVENT=EventType.MediaPlayerBuffering
[09:15:09.032] [Printer] VLC_EVENT=EventType.MediaPlayerBuffering
[09:15:09.040] [Printer] VLC_EVENT=EventType.MediaPlayerBuffering
[09:15:09.076] [Printer] VLC_EVENT=EventType.MediaPlayerBuffering
[09:15:09.119] [Printer] VLC_EVENT=EventType.MediaPlayerBuffering
[09:15:09.165] [Printer] VLC_EVENT=EventType.MediaPlayerBuffering
[09:15:09.220] [Printer] VLC_EVENT=EventType.MediaPlayerBuffering
[09:15:09.249] [Printer] VLC_EVENT=EventType.MediaPlayerBuffering
[09:15:09.286] [Printer] VLC_EVENT=EventType.MediaPlayerBuffering
[09:15:09.330] [Printer] VLC_EVENT=EventType.MediaPlayerBuffering
[09:15:09.377] [Printer] VLC_EVENT=EventType.MediaPlayerBuffering
[09:15:09.411] [Printer] VLC_EVENT=EventType.MediaPlayerBuffering
[09:15:09.453] [Printer] VLC_EVENT=EventType.MediaPlayerBuffering
[09:15:09.498] [Printer] VLC_EVENT=EventType.MediaPlayerBuffering
[09:15:09.538] [Printer] VLC_EVENT=EventType.MediaPlayerBuffering
[09:15:09.579] [Printer] VLC_EVENT=EventType.MediaPlayerBuffering
[09:15:09.627] [Printer] VLC_EVENT=EventType.MediaPlayerBuffering
[09:15:09.663] [Printer] VLC_EVENT=EventType.MediaPlayerBuffering
[09:15:09.706] [Printer] VLC_EVENT=EventType.MediaPlayerBuffering
[09:15:09.745] [Printer] VLC_EVENT=EventType.MediaPlayerBuffering
[09:15:09.786] [Printer] VLC_EVENT=EventType.MediaPlayerBuffering
[09:15:09.827] [Printer] VLC_EVENT=EventType.MediaPlayerBuffering
[09:15:09.869] [Printer] VLC_EVENT=EventType.MediaPlayerBuffering
[09:15:09.922] [Printer] VLC_EVENT=EventType.MediaPlayerBuffering
[09:15:09.965] [Printer] VLC_EVENT=EventType.MediaPlayerBuffering
[09:15:10.002] [Printer] VLC_EVENT=EventType.MediaPlayerBuffering
[09:15:10.045] [Printer] VLC_EVENT=EventType.MediaPlayerBuffering
[09:15:10.085] [Printer] VLC_EVENT=EventType.MediaPlayerBuffering
[09:15:10.129] [Printer] VLC_EVENT=EventType.MediaPlayerBuffering
[09:15:10.174] [Printer] VLC_EVENT=EventType.MediaPlayerBuffering
[09:15:10.208] [Printer] VLC_EVENT=EventType.MediaPlayerBuffering
[09:15:10.249] [Printer] VLC_EVENT=EventType.MediaPlayerBuffering
[09:15:10.300] [Printer] VLC_EVENT=EventType.MediaPlayerBuffering
[09:15:10.346] [Printer] VLC_EVENT=EventType.MediaPlayerBuffering
[09:15:10.391] [Printer] VLC_EVENT=EventType.MediaPlayerBuffering
[09:15:10.417] [Printer] VLC_EVENT=EventType.MediaPlayerBuffering
[09:15:10.472] [Printer] VLC_EVENT=EventType.MediaPlayerBuffering
[09:15:10.535] [Printer] VLC_EVENT=EventType.MediaPlayerBuffering
[09:15:10.559] [Printer] VLC_EVENT=EventType.MediaPlayerBuffering
[09:15:10.595] [Printer] VLC_EVENT=EventType.MediaPlayerBuffering
[09:15:10.636] [Printer] VLC_EVENT=EventType.MediaPlayerBuffering
[09:15:10.679] [Printer] VLC_EVENT=EventType.MediaPlayerBuffering
[09:15:10.733] [Printer] VLC_EVENT=EventType.MediaPlayerBuffering
[09:15:10.778] [Printer] VLC_EVENT=EventType.MediaPlayerBuffering
[09:15:10.802] [Printer] VLC_EVENT=EventType.MediaPlayerBuffering
[09:15:10.842] [Printer] VLC_EVENT=EventType.MediaPlayerBuffering
[09:15:10.889] [Printer] VLC_EVENT=EventType.MediaPlayerBuffering
[09:15:10.926] [Printer] VLC_EVENT=EventType.MediaPlayerBuffering
[09:15:10.967] [Printer] VLC_EVENT=EventType.MediaPlayerBuffering
[09:15:11.010] [Printer] VLC_EVENT=EventType.MediaPlayerBuffering
[09:15:11.062] [Printer] VLC_EVENT=EventType.MediaPlayerBuffering
[09:15:11.094] [Printer] VLC_EVENT=EventType.MediaPlayerBuffering
[09:15:11.136] [Printer] VLC_EVENT=EventType.MediaPlayerBuffering
[09:15:11.177] [Printer] VLC_EVENT=EventType.MediaPlayerBuffering
[09:15:11.242] [Printer] VLC_EVENT=EventType.MediaPlayerBuffering
[09:15:11.259] [Printer] VLC_EVENT=EventType.MediaPlayerBuffering
[09:15:11.302] [Printer] VLC_EVENT=EventType.MediaPlayerBuffering
[09:15:11.356] [Printer] VLC_EVENT=EventType.MediaPlayerBuffering
[09:15:11.384] [Printer] VLC_EVENT=EventType.MediaPlayerBuffering
[09:15:11.435] [Printer] VLC_EVENT=EventType.MediaPlayerBuffering
[09:15:11.469] [Printer] VLC_EVENT=EventType.MediaPlayerBuffering
[09:15:11.508] [Printer] VLC_EVENT=EventType.MediaPlayerBuffering
[09:15:11.550] [Printer] VLC_EVENT=EventType.MediaPlayerBuffering
[09:15:11.603] [Printer] VLC_EVENT=EventType.MediaPlayerBuffering
[09:15:11.641] [Printer] VLC_EVENT=EventType.MediaPlayerBuffering
[09:15:11.702] [Printer] VLC_EVENT=EventType.MediaPlayerBuffering
[09:15:11.718] [Printer] VLC_EVENT=EventType.MediaPlayerBuffering
[09:15:11.761] [Printer] VLC_EVENT=EventType.MediaPlayerBuffering
[09:15:11.905] [Printer] PLAYBACK_STALL duration=5.0s
[09:15:11.906] [Printer] RECONNECT reason=POSITION_TIMEOUT runtime=17.4s
[09:15:11.906] [Printer] LOCAL_RESTART requested
[09:15:13.650] [Printer] VLC_EVENT=EventType.MediaPlayerStopped
[09:15:13.698] [Printer] VLC_EVENT=EventType.MediaPlayerOpening
[09:15:13.699] [Printer] VLC_EVENT=EventType.MediaPlayerBuffering
[09:15:14.129] [Printer] VLC_EVENT=EventType.MediaPlayerPlaying
[09:15:14.177] [Printer] VLC_EVENT=EventType.MediaPlayerBuffering
[09:15:14.183] [Printer] STOP runtime=19.7s
[09:15:14.221] [Printer] VLC_EVENT=EventType.MediaPlayerStopped
[12:32:04.609] [Printer] RESOLVE_FEED starting original=rtsp://192.168.1.227/live
[12:32:04.610] RESOLVE starting original=rtsp://192.168.1.227/live
[12:32:04.610] [Nerdle] YOUTUBE_ROUTE browser original=https://www.youtube.com/watch
[12:32:04.611] [Rover 3] YOUTUBE_ROUTE browser original=https://www.youtube.com/watch
[12:32:04.613] [Rover1] YOUTUBE_ROUTE browser original=https://www.youtube.com/watch
[12:32:04.633] [Nerdle] YOUTUBE_EMBED video_id=B89oRmywnJo
[12:32:05.302] [Printer] STREAM_START original=rtsp://192.168.1.227/live
[12:32:05.605] [Printer] SET_MEDIA url=rtsp://192.168.1.227/live url_status=new
[12:32:05.609] [Printer] MEDIA_CREATED url=rtsp://192.168.1.227/live
[12:32:05.610] [Printer] STATE=State.NothingSpecial position=-0.0s
[12:32:05.613] [Rover 3] YOUTUBE_EMBED video_id=TyXUaqscyiU
[12:32:06.387] [Printer] PLAY requested runtime=0.8s
[12:32:06.389] [Printer] VLC_EVENT=EventType.MediaPlayerOpening
[12:32:06.390] [Printer] VLC_EVENT=EventType.MediaPlayerBuffering
[12:32:06.391] [Rover1] YOUTUBE_EMBED video_id=inCQ49QGmqQ
[12:32:07.038] [Printer] VLC_EVENT=EventType.MediaPlayerPlaying
[12:32:07.065] [Printer] VLC_EVENT=EventType.MediaPlayerBuffering
[12:32:07.145] [Printer] VLC_EVENT=EventType.MediaPlayerBuffering
[12:32:07.149] [Printer] VLC_EVENT=EventType.MediaPlayerBuffering
[12:32:07.203] YOUTUBE_EMBED attached hwnd=142876
[12:32:07.203] [Printer] VLC_EVENT=EventType.MediaPlayerBuffering
[12:32:07.203] [Printer] STATE=State.Playing position=0.0s
[12:32:07.233] [Printer] VLC_EVENT=EventType.MediaPlayerBuffering
[12:32:07.270] [Printer] VLC_EVENT=EventType.MediaPlayerBuffering
[12:32:07.364] [Printer] VLC_EVENT=EventType.MediaPlayerBuffering
[12:32:07.364] [Printer] VLC_EVENT=EventType.MediaPlayerBuffering
[12:32:07.423] [Printer] VLC_EVENT=EventType.MediaPlayerBuffering
[12:32:07.467] [Printer] VLC_EVENT=EventType.MediaPlayerBuffering
[12:32:07.518] [Printer] VLC_EVENT=EventType.MediaPlayerBuffering
[12:32:07.519] [Printer] VLC_EVENT=EventType.MediaPlayerBuffering
[12:32:07.565] [Printer] VLC_EVENT=EventType.MediaPlayerBuffering
[12:32:07.622] [Printer] VLC_EVENT=EventType.MediaPlayerBuffering
[12:32:07.643] [Printer] VLC_EVENT=EventType.MediaPlayerBuffering
[12:32:07.684] [Printer] VLC_EVENT=EventType.MediaPlayerBuffering
[12:32:07.724] [Printer] VLC_EVENT=EventType.MediaPlayerBuffering
[12:32:07.768] [Printer] VLC_EVENT=EventType.MediaPlayerBuffering
[12:32:07.826] [Printer] VLC_EVENT=EventType.MediaPlayerBuffering
[12:32:07.848] [Printer] VLC_EVENT=EventType.MediaPlayerBuffering
[12:32:07.890] [Printer] VLC_EVENT=EventType.MediaPlayerBuffering
[12:32:07.933] [Printer] VLC_EVENT=EventType.MediaPlayerBuffering
[12:32:07.962] YOUTUBE_EMBED attached hwnd=208320
[12:32:07.980] [Printer] VLC_EVENT=EventType.MediaPlayerBuffering
[12:32:08.014] [Printer] VLC_EVENT=EventType.MediaPlayerBuffering
[12:32:08.055] [Printer] VLC_EVENT=EventType.MediaPlayerBuffering
[12:32:08.108] [Printer] VLC_EVENT=EventType.MediaPlayerBuffering
[12:32:08.135] [Printer] VLC_EVENT=EventType.MediaPlayerBuffering
[12:32:08.180] [Printer] VLC_EVENT=EventType.MediaPlayerBuffering
[12:32:08.221] [Printer] VLC_EVENT=EventType.MediaPlayerBuffering
[12:32:08.301] [Printer] VLC_EVENT=EventType.MediaPlayerBuffering
[12:32:08.304] [Printer] VLC_EVENT=EventType.MediaPlayerBuffering
[12:32:08.366] [Printer] VLC_EVENT=EventType.MediaPlayerBuffering
[12:32:08.387] [Printer] VLC_EVENT=EventType.MediaPlayerBuffering
[12:32:08.428] [Printer] VLC_EVENT=EventType.MediaPlayerBuffering
[12:32:08.470] [Printer] VLC_EVENT=EventType.MediaPlayerBuffering
[12:32:08.515] [Printer] VLC_EVENT=EventType.MediaPlayerBuffering
[12:32:08.553] [Printer] VLC_EVENT=EventType.MediaPlayerBuffering
[12:32:08.594] [Printer] VLC_EVENT=EventType.MediaPlayerBuffering
[12:32:08.636] [Printer] VLC_EVENT=EventType.MediaPlayerBuffering
[12:32:08.679] [Printer] VLC_EVENT=EventType.MediaPlayerBuffering
[12:32:08.729] [Printer] VLC_EVENT=EventType.MediaPlayerBuffering
[12:32:08.764] [Printer] VLC_EVENT=EventType.MediaPlayerBuffering
[12:32:08.777] YOUTUBE_EMBED attached hwnd=142762
[12:32:08.805] [Printer] VLC_EVENT=EventType.MediaPlayerBuffering
[12:32:08.845] [Printer] VLC_EVENT=EventType.MediaPlayerBuffering
[12:32:08.887] [Printer] VLC_EVENT=EventType.MediaPlayerBuffering
[12:32:08.930] [Printer] VLC_EVENT=EventType.MediaPlayerBuffering
[12:32:08.973] [Printer] VLC_EVENT=EventType.MediaPlayerBuffering
[12:32:09.014] [Printer] VLC_EVENT=EventType.MediaPlayerBuffering
[12:32:09.056] [Printer] VLC_EVENT=EventType.MediaPlayerBuffering
[12:32:09.098] [Printer] VLC_EVENT=EventType.MediaPlayerBuffering
[12:32:09.142] [Printer] VLC_EVENT=EventType.MediaPlayerBuffering
[12:32:09.184] [Printer] VLC_EVENT=EventType.MediaPlayerBuffering
[12:32:09.225] [Printer] VLC_EVENT=EventType.MediaPlayerBuffering
[12:32:09.264] [Printer] VLC_EVENT=EventType.MediaPlayerBuffering
[12:32:09.305] [Printer] VLC_EVENT=EventType.MediaPlayerBuffering
[12:32:09.347] [Printer] VLC_EVENT=EventType.MediaPlayerBuffering
[12:32:09.438] [Printer] VLC_EVENT=EventType.MediaPlayerBuffering
[12:32:09.446] [Printer] VLC_EVENT=EventType.MediaPlayerBuffering
[12:32:09.504] [Printer] VLC_EVENT=EventType.MediaPlayerBuffering
[12:32:09.521] [Printer] VLC_EVENT=EventType.MediaPlayerBuffering
[12:32:09.561] [Printer] VLC_EVENT=EventType.MediaPlayerBuffering
[12:32:09.602] [Printer] VLC_EVENT=EventType.MediaPlayerBuffering
[12:32:09.646] [Printer] VLC_EVENT=EventType.MediaPlayerBuffering
[12:32:09.705] [Printer] VLC_EVENT=EventType.MediaPlayerBuffering
[12:32:09.766] [Printer] VLC_EVENT=EventType.MediaPlayerBuffering
[12:32:09.771] [Printer] VLC_EVENT=EventType.MediaPlayerBuffering
[12:32:09.813] [Printer] VLC_EVENT=EventType.MediaPlayerBuffering
[12:32:09.856] [Printer] VLC_EVENT=EventType.MediaPlayerBuffering
[12:32:09.898] [Printer] VLC_EVENT=EventType.MediaPlayerBuffering
[12:32:09.937] [Printer] VLC_EVENT=EventType.MediaPlayerBuffering
[12:32:09.978] [Printer] VLC_EVENT=EventType.MediaPlayerBuffering
[12:32:10.020] [Printer] VLC_EVENT=EventType.MediaPlayerBuffering
[12:32:10.061] [Printer] VLC_EVENT=EventType.MediaPlayerBuffering
[12:32:10.105] [Printer] VLC_EVENT=EventType.MediaPlayerBuffering
[12:32:10.153] [Printer] VLC_EVENT=EventType.MediaPlayerBuffering
[12:32:10.187] [Printer] VLC_EVENT=EventType.MediaPlayerBuffering
[12:32:10.228] [Printer] VLC_EVENT=EventType.MediaPlayerBuffering
[12:32:10.277] [Printer] VLC_EVENT=EventType.MediaPlayerBuffering
[12:32:10.335] [Printer] VLC_EVENT=EventType.MediaPlayerBuffering
[12:32:10.355] [Printer] VLC_EVENT=EventType.MediaPlayerBuffering
[12:32:10.394] [Printer] VLC_EVENT=EventType.MediaPlayerBuffering
[12:32:10.436] [Printer] VLC_EVENT=EventType.MediaPlayerBuffering
[12:32:10.480] [Printer] VLC_EVENT=EventType.MediaPlayerBuffering
[12:32:10.521] [Printer] VLC_EVENT=EventType.MediaPlayerBuffering
[12:32:10.563] [Printer] VLC_EVENT=EventType.MediaPlayerBuffering
[12:32:10.607] [Printer] VLC_EVENT=EventType.MediaPlayerBuffering
[12:32:10.648] [Printer] VLC_EVENT=EventType.MediaPlayerBuffering
[12:32:10.686] [Printer] VLC_EVENT=EventType.MediaPlayerBuffering
[12:32:10.727] [Printer] VLC_EVENT=EventType.MediaPlayerBuffering
[12:32:10.775] [Printer] VLC_EVENT=EventType.MediaPlayerBuffering
[12:32:10.816] [Printer] VLC_EVENT=EventType.MediaPlayerBuffering
[12:32:10.857] [Printer] VLC_EVENT=EventType.MediaPlayerBuffering
[12:32:10.899] [Printer] VLC_EVENT=EventType.MediaPlayerBuffering
[12:32:10.940] [Printer] VLC_EVENT=EventType.MediaPlayerBuffering
[12:32:10.984] [Printer] VLC_EVENT=EventType.MediaPlayerBuffering
[12:32:11.021] [Printer] VLC_EVENT=EventType.MediaPlayerBuffering
[12:32:11.064] [Printer] VLC_EVENT=EventType.MediaPlayerBuffering
[12:32:11.104] [Printer] VLC_EVENT=EventType.MediaPlayerBuffering
[12:32:11.150] [Printer] VLC_EVENT=EventType.MediaPlayerBuffering
[12:32:11.189] [Printer] VLC_EVENT=EventType.MediaPlayerBuffering
[12:32:11.243] [Printer] VLC_EVENT=EventType.MediaPlayerBuffering
[12:32:11.289] [Printer] VLC_EVENT=EventType.MediaPlayerBuffering
[12:32:11.344] [Printer] VLC_EVENT=EventType.MediaPlayerBuffering
[12:32:11.390] [Printer] VLC_EVENT=EventType.MediaPlayerBuffering
[12:32:11.392] [Printer] VLC_EVENT=EventType.MediaPlayerBuffering
[12:32:11.432] [Printer] VLC_EVENT=EventType.MediaPlayerBuffering
[12:32:11.484] [Printer] VLC_EVENT=EventType.MediaPlayerBuffering
[12:32:11.522] [Printer] VLC_EVENT=EventType.MediaPlayerBuffering
[12:32:11.564] [Printer] VLC_EVENT=EventType.MediaPlayerBuffering
[12:32:11.606] [Printer] VLC_EVENT=EventType.MediaPlayerBuffering
[12:32:11.653] [Printer] VLC_EVENT=EventType.MediaPlayerBuffering
[12:32:11.693] [Printer] VLC_EVENT=EventType.MediaPlayerBuffering
[12:32:11.766] [Printer] VLC_EVENT=EventType.MediaPlayerBuffering
[12:32:11.785] [Printer] VLC_EVENT=EventType.MediaPlayerBuffering
[12:32:11.815] [Printer] VLC_EVENT=EventType.MediaPlayerBuffering
[12:32:11.894] [Printer] VLC_EVENT=EventType.MediaPlayerBuffering
[12:32:11.897] [Printer] VLC_EVENT=EventType.MediaPlayerBuffering
[12:32:11.940] [Printer] VLC_EVENT=EventType.MediaPlayerBuffering
[12:38:16.958] [Printer] RESOLVE_FEED starting original=rtsp://192.168.1.227/live
[12:38:16.959] RESOLVE starting original=rtsp://192.168.1.227/live
[12:38:16.959] [Nerdle] YOUTUBE_ROUTE browser original=https://www.youtube.com/watch
[12:38:16.960] [Rover 3] YOUTUBE_ROUTE browser original=https://www.youtube.com/watch
[12:38:16.961] [Rover1] YOUTUBE_ROUTE browser original=https://www.youtube.com/watch
[12:38:16.980] [Printer] STREAM_START original=rtsp://192.168.1.227/live
[12:38:17.136] [Printer] SET_MEDIA url=rtsp://192.168.1.227/live url_status=new
[12:38:17.139] [Printer] MEDIA_CREATED url=rtsp://192.168.1.227/live
[12:38:17.140] [Printer] STATE=State.NothingSpecial position=-0.0s
[12:38:17.142] [Nerdle] YOUTUBE_EMBED video_id=B89oRmywnJo
[12:38:17.801] [Rover 3] YOUTUBE_EMBED video_id=TyXUaqscyiU
[12:38:18.561] [Printer] PLAY requested runtime=1.4s
[12:38:18.563] [Printer] VLC_EVENT=EventType.MediaPlayerOpening
[12:38:18.564] [Printer] VLC_EVENT=EventType.MediaPlayerBuffering
[12:38:18.565] [Rover1] YOUTUBE_EMBED video_id=inCQ49QGmqQ
[12:38:19.391] YOUTUBE_EMBED attached hwnd=273946
[12:38:19.392] [Printer] STATE=State.Opening position=0.0s
[12:38:19.822] [Printer] VLC_EVENT=EventType.MediaPlayerPlaying
[12:38:19.873] [Printer] VLC_EVENT=EventType.MediaPlayerBuffering
[12:38:19.895] [Printer] STATE=State.Playing position=0.0s
[12:38:19.904] [Printer] VLC_EVENT=EventType.MediaPlayerBuffering
[12:38:19.945] [Printer] VLC_EVENT=EventType.MediaPlayerBuffering
[12:38:19.990] [Printer] VLC_EVENT=EventType.MediaPlayerBuffering
[12:38:20.027] [Printer] VLC_EVENT=EventType.MediaPlayerBuffering
[12:38:20.070] [Printer] VLC_EVENT=EventType.MediaPlayerBuffering
[12:38:20.121] [Printer] VLC_EVENT=EventType.MediaPlayerBuffering
[12:38:20.152] [Printer] VLC_EVENT=EventType.MediaPlayerBuffering
[12:38:20.160] YOUTUBE_EMBED attached hwnd=208512
[12:38:20.193] [Printer] VLC_EVENT=EventType.MediaPlayerBuffering
[12:38:20.235] [Printer] VLC_EVENT=EventType.MediaPlayerBuffering
[12:38:20.315] [Printer] VLC_EVENT=EventType.MediaPlayerBuffering
[12:38:20.320] [Printer] VLC_EVENT=EventType.MediaPlayerBuffering
[12:38:20.398] [Printer] VLC_EVENT=EventType.MediaPlayerBuffering
[12:38:20.406] [Printer] VLC_EVENT=EventType.MediaPlayerBuffering
[12:38:20.447] [Printer] VLC_EVENT=EventType.MediaPlayerBuffering
[12:38:20.485] [Printer] VLC_EVENT=EventType.MediaPlayerBuffering
[12:38:20.526] [Printer] VLC_EVENT=EventType.MediaPlayerBuffering
[12:38:20.572] [Printer] VLC_EVENT=EventType.MediaPlayerBuffering
[12:38:20.608] [Printer] VLC_EVENT=EventType.MediaPlayerBuffering
[12:38:20.649] [Printer] VLC_EVENT=EventType.MediaPlayerBuffering
[12:38:20.691] [Printer] VLC_EVENT=EventType.MediaPlayerBuffering
[12:38:20.732] [Printer] VLC_EVENT=EventType.MediaPlayerBuffering
[12:38:20.773] [Printer] VLC_EVENT=EventType.MediaPlayerBuffering
[12:38:20.828] [Printer] VLC_EVENT=EventType.MediaPlayerBuffering
[12:38:20.856] [Printer] VLC_EVENT=EventType.MediaPlayerBuffering
[12:38:20.896] YOUTUBE_EMBED attached hwnd=405150
[12:38:20.897] [Printer] VLC_EVENT=EventType.MediaPlayerBuffering
[12:38:20.939] [Printer] VLC_EVENT=EventType.MediaPlayerBuffering
[12:38:20.980] [Printer] VLC_EVENT=EventType.MediaPlayerBuffering
[12:38:21.021] [Printer] VLC_EVENT=EventType.MediaPlayerBuffering
[12:38:21.062] [Printer] VLC_EVENT=EventType.MediaPlayerBuffering
[12:38:21.108] [Printer] VLC_EVENT=EventType.MediaPlayerBuffering
[12:38:21.145] [Printer] VLC_EVENT=EventType.MediaPlayerBuffering
[12:38:21.187] [Printer] VLC_EVENT=EventType.MediaPlayerBuffering
[12:38:21.235] [Printer] VLC_EVENT=EventType.MediaPlayerBuffering
[12:38:21.275] [Printer] VLC_EVENT=EventType.MediaPlayerBuffering
[12:38:21.320] [Printer] VLC_EVENT=EventType.MediaPlayerBuffering
[12:38:21.358] [Printer] VLC_EVENT=EventType.MediaPlayerBuffering
[12:38:21.404] [Printer] VLC_EVENT=EventType.MediaPlayerBuffering
[12:38:21.447] [Printer] VLC_EVENT=EventType.MediaPlayerBuffering
[12:38:21.482] [Printer] VLC_EVENT=EventType.MediaPlayerBuffering
[12:38:21.532] [Printer] VLC_EVENT=EventType.MediaPlayerBuffering
[12:38:21.569] [Printer] VLC_EVENT=EventType.MediaPlayerBuffering
[12:38:21.612] [Printer] VLC_EVENT=EventType.MediaPlayerBuffering
[12:38:21.653] [Printer] VLC_EVENT=EventType.MediaPlayerBuffering
[12:38:21.710] [Printer] VLC_EVENT=EventType.MediaPlayerBuffering
[12:38:21.757] [Printer] VLC_EVENT=EventType.MediaPlayerBuffering
[12:38:21.801] [Printer] VLC_EVENT=EventType.MediaPlayerBuffering
[12:38:21.849] [Printer] VLC_EVENT=EventType.MediaPlayerBuffering
[12:38:21.895] [Printer] VLC_EVENT=EventType.MediaPlayerBuffering
[12:38:21.899] [Printer] VLC_EVENT=EventType.MediaPlayerBuffering
[12:38:21.944] [Printer] VLC_EVENT=EventType.MediaPlayerBuffering
[12:38:21.990] [Printer] VLC_EVENT=EventType.MediaPlayerBuffering
[12:38:22.027] [Printer] VLC_EVENT=EventType.MediaPlayerBuffering
[12:38:22.070] [Printer] VLC_EVENT=EventType.MediaPlayerBuffering
[12:38:22.122] [Printer] VLC_EVENT=EventType.MediaPlayerBuffering
[12:38:22.153] [Printer] VLC_EVENT=EventType.MediaPlayerBuffering
[12:38:22.205] [Printer] VLC_EVENT=EventType.MediaPlayerBuffering
[12:38:22.235] [Printer] VLC_EVENT=EventType.MediaPlayerBuffering
[12:38:22.288] [Printer] VLC_EVENT=EventType.MediaPlayerBuffering
[12:38:22.335] [Printer] VLC_EVENT=EventType.MediaPlayerBuffering
[12:38:22.360] [Printer] VLC_EVENT=EventType.MediaPlayerBuffering
[12:38:22.408] [Printer] VLC_EVENT=EventType.MediaPlayerBuffering
[12:38:22.441] [Printer] VLC_EVENT=EventType.MediaPlayerBuffering
[12:38:22.486] [Printer] VLC_EVENT=EventType.MediaPlayerBuffering
[12:38:22.528] [Printer] VLC_EVENT=EventType.MediaPlayerBuffering
[12:38:22.608] [Printer] VLC_EVENT=EventType.MediaPlayerBuffering
[12:38:22.611] [Printer] VLC_EVENT=EventType.MediaPlayerBuffering
[12:38:22.652] [Printer] VLC_EVENT=EventType.MediaPlayerBuffering
[12:38:22.694] [Printer] VLC_EVENT=EventType.MediaPlayerBuffering
[12:38:22.739] [Printer] VLC_EVENT=EventType.MediaPlayerBuffering
[12:38:22.779] [Printer] VLC_EVENT=EventType.MediaPlayerBuffering
[12:38:22.823] [Printer] VLC_EVENT=EventType.MediaPlayerBuffering
[12:38:22.861] [Printer] VLC_EVENT=EventType.MediaPlayerBuffering
[12:38:22.902] [Printer] VLC_EVENT=EventType.MediaPlayerBuffering
[12:38:22.945] [Printer] VLC_EVENT=EventType.MediaPlayerBuffering
[12:38:22.985] [Printer] VLC_EVENT=EventType.MediaPlayerBuffering
[12:38:23.036] [Printer] VLC_EVENT=EventType.MediaPlayerBuffering
[12:38:23.069] [Printer] VLC_EVENT=EventType.MediaPlayerBuffering
[12:38:23.110] [Printer] VLC_EVENT=EventType.MediaPlayerBuffering
[12:38:23.152] [Printer] VLC_EVENT=EventType.MediaPlayerBuffering
[12:38:23.193] [Printer] VLC_EVENT=EventType.MediaPlayerBuffering
[12:38:23.234] [Printer] VLC_EVENT=EventType.MediaPlayerBuffering
[12:38:23.276] [Printer] VLC_EVENT=EventType.MediaPlayerBuffering
[12:38:23.318] [Printer] VLC_EVENT=EventType.MediaPlayerBuffering
[12:38:23.360] [Printer] VLC_EVENT=EventType.MediaPlayerBuffering
[12:38:23.406] [Printer] VLC_EVENT=EventType.MediaPlayerBuffering
[12:38:23.442] [Printer] VLC_EVENT=EventType.MediaPlayerBuffering
[12:38:23.485] [Printer] VLC_EVENT=EventType.MediaPlayerBuffering
[12:38:23.526] [Printer] VLC_EVENT=EventType.MediaPlayerBuffering
[12:38:23.568] [Printer] VLC_EVENT=EventType.MediaPlayerBuffering
[12:38:23.609] [Printer] VLC_EVENT=EventType.MediaPlayerBuffering
[12:38:23.654] [Printer] VLC_EVENT=EventType.MediaPlayerBuffering
[12:38:23.695] [Printer] VLC_EVENT=EventType.MediaPlayerBuffering
[12:38:23.736] [Printer] VLC_EVENT=EventType.MediaPlayerBuffering
[12:38:23.777] [Printer] VLC_EVENT=EventType.MediaPlayerBuffering
[12:38:23.820] [Printer] VLC_EVENT=EventType.MediaPlayerBuffering
[12:38:23.870] [Printer] VLC_EVENT=EventType.MediaPlayerBuffering
[12:38:23.916] [Printer] VLC_EVENT=EventType.MediaPlayerBuffering
[12:38:23.962] [Printer] VLC_EVENT=EventType.MediaPlayerBuffering
[12:38:23.993] [Printer] VLC_EVENT=EventType.MediaPlayerBuffering
[12:38:24.032] [Printer] VLC_EVENT=EventType.MediaPlayerBuffering
[12:38:24.086] [Printer] VLC_EVENT=EventType.MediaPlayerBuffering
[12:38:24.115] [Printer] VLC_EVENT=EventType.MediaPlayerBuffering
[12:38:24.156] [Printer] VLC_EVENT=EventType.MediaPlayerBuffering
[12:38:24.197] [Printer] VLC_EVENT=EventType.MediaPlayerBuffering
[12:38:24.239] [Printer] VLC_EVENT=EventType.MediaPlayerBuffering
[12:38:24.286] [Printer] VLC_EVENT=EventType.MediaPlayerBuffering
[12:38:24.323] [Printer] VLC_EVENT=EventType.MediaPlayerBuffering
[12:38:24.361] [Printer] VLC_EVENT=EventType.MediaPlayerBuffering
[12:38:24.413] [Printer] VLC_EVENT=EventType.MediaPlayerBuffering
[12:38:24.443] [Printer] VLC_EVENT=EventType.MediaPlayerBuffering
[12:38:24.485] [Printer] VLC_EVENT=EventType.MediaPlayerBuffering
[12:38:24.537] [Printer] VLC_EVENT=EventType.MediaPlayerBuffering
[12:38:24.567] [Printer] VLC_EVENT=EventType.MediaPlayerBuffering
[12:38:24.608] [Printer] VLC_EVENT=EventType.MediaPlayerBuffering
[12:38:24.654] [Printer] VLC_EVENT=EventType.MediaPlayerBuffering
[12:38:24.708] [Printer] VLC_EVENT=EventType.MediaPlayerBuffering
[12:38:24.735] [Printer] VLC_EVENT=EventType.MediaPlayerBuffering
[12:38:54.129] [Printer] STOP runtime=37.0s
[12:38:54.155] [Printer] VLC_EVENT=EventType.MediaPlayerStopped
[12:42:12.508] [Printer] RESOLVE_FEED starting original=rtsp://192.168.1.227/live
[12:42:12.508] RESOLVE starting original=rtsp://192.168.1.227/live
[12:42:12.509] [Nerdle] YOUTUBE_ROUTE browser original=https://www.youtube.com/watch
[12:42:12.510] [Rover 3] YOUTUBE_ROUTE browser original=https://www.youtube.com/watch
[12:42:12.512] [Rover1] YOUTUBE_ROUTE browser original=https://www.youtube.com/watch
[12:42:12.536] [Printer] STREAM_START original=rtsp://192.168.1.227/live
[12:42:12.698] [Printer] SET_MEDIA url=rtsp://192.168.1.227/live url_status=new
[12:42:12.702] [Printer] MEDIA_CREATED url=rtsp://192.168.1.227/live
[12:42:12.703] [Printer] STATE=State.NothingSpecial position=-0.0s
[12:42:12.706] [Rover 3] YOUTUBE_EMBED video_id=TyXUaqscyiU
[12:42:13.370] [Nerdle] YOUTUBE_EMBED video_id=B89oRmywnJo
[12:42:14.174] [Printer] PLAY requested runtime=1.5s
[12:42:14.176] [Printer] VLC_EVENT=EventType.MediaPlayerOpening
[12:42:14.177] [Printer] VLC_EVENT=EventType.MediaPlayerBuffering
[12:42:14.178] [Rover1] YOUTUBE_EMBED video_id=inCQ49QGmqQ
[12:42:15.000] YOUTUBE_EMBED attached hwnd=339602
[12:42:15.001] [Printer] STATE=State.Opening position=0.0s
[12:42:15.379] [Printer] VLC_EVENT=EventType.MediaPlayerPlaying
[12:42:15.425] [Printer] VLC_EVENT=EventType.MediaPlayerBuffering
[12:42:15.466] [Printer] VLC_EVENT=EventType.MediaPlayerBuffering
[12:42:15.502] [Printer] STATE=State.Playing position=0.0s
[12:42:15.512] [Printer] VLC_EVENT=EventType.MediaPlayerBuffering
[12:42:15.548] [Printer] VLC_EVENT=EventType.MediaPlayerBuffering
[12:42:15.589] [Printer] VLC_EVENT=EventType.MediaPlayerBuffering
[12:42:15.630] [Printer] VLC_EVENT=EventType.MediaPlayerBuffering
[12:42:15.679] [Printer] VLC_EVENT=EventType.MediaPlayerBuffering
[12:42:15.711] [Printer] VLC_EVENT=EventType.MediaPlayerBuffering
[12:42:15.761] YOUTUBE_EMBED attached hwnd=1968192
[12:42:15.763] [Printer] VLC_EVENT=EventType.MediaPlayerBuffering
[12:42:15.807] [Printer] VLC_EVENT=EventType.MediaPlayerBuffering
[12:42:15.841] [Printer] VLC_EVENT=EventType.MediaPlayerBuffering
[12:42:15.880] [Printer] VLC_EVENT=EventType.MediaPlayerBuffering
[12:42:15.929] [Printer] VLC_EVENT=EventType.MediaPlayerBuffering
[12:42:15.964] [Printer] VLC_EVENT=EventType.MediaPlayerBuffering
[12:42:16.010] [Printer] VLC_EVENT=EventType.MediaPlayerBuffering
[12:42:16.047] [Printer] VLC_EVENT=EventType.MediaPlayerBuffering
[12:42:16.090] [Printer] VLC_EVENT=EventType.MediaPlayerBuffering
[12:42:16.169] [Printer] VLC_EVENT=EventType.MediaPlayerBuffering
[12:42:16.196] [Printer] VLC_EVENT=EventType.MediaPlayerBuffering
[12:42:16.213] [Printer] VLC_EVENT=EventType.MediaPlayerBuffering
[12:42:16.262] [Printer] VLC_EVENT=EventType.MediaPlayerBuffering
[12:42:16.312] [Printer] VLC_EVENT=EventType.MediaPlayerBuffering
[12:42:16.339] [Printer] VLC_EVENT=EventType.MediaPlayerBuffering
[12:42:16.381] [Printer] VLC_EVENT=EventType.MediaPlayerBuffering
[12:42:16.426] [Printer] VLC_EVENT=EventType.MediaPlayerBuffering
[12:42:16.474] [Printer] VLC_EVENT=EventType.MediaPlayerBuffering
[12:42:16.508] [Printer] VLC_EVENT=EventType.MediaPlayerBuffering
[12:42:16.548] [Printer] VLC_EVENT=EventType.MediaPlayerBuffering
[12:42:16.569] YOUTUBE_EMBED attached hwnd=405036
[12:42:16.596] [Printer] VLC_EVENT=EventType.MediaPlayerBuffering
[12:42:16.630] [Printer] VLC_EVENT=EventType.MediaPlayerBuffering
[12:42:16.690] [Printer] VLC_EVENT=EventType.MediaPlayerBuffering
[12:42:16.727] [Printer] VLC_EVENT=EventType.MediaPlayerBuffering
[12:42:16.775] [Printer] VLC_EVENT=EventType.MediaPlayerBuffering
[12:42:16.796] [Printer] VLC_EVENT=EventType.MediaPlayerBuffering
[12:42:16.838] [Printer] VLC_EVENT=EventType.MediaPlayerBuffering
[12:42:16.878] [Printer] VLC_EVENT=EventType.MediaPlayerBuffering
[12:42:16.922] [Printer] VLC_EVENT=EventType.MediaPlayerBuffering
[12:42:16.963] [Printer] VLC_EVENT=EventType.MediaPlayerBuffering
[12:42:17.005] [Printer] VLC_EVENT=EventType.MediaPlayerBuffering
[12:42:17.055] [Printer] VLC_EVENT=EventType.MediaPlayerBuffering
[12:42:17.091] [Printer] VLC_EVENT=EventType.MediaPlayerBuffering
[12:42:17.133] [Printer] VLC_EVENT=EventType.MediaPlayerBuffering
[12:42:17.175] [Printer] VLC_EVENT=EventType.MediaPlayerBuffering
[12:42:17.215] [Printer] VLC_EVENT=EventType.MediaPlayerBuffering
[12:42:17.258] [Printer] VLC_EVENT=EventType.MediaPlayerBuffering
[12:42:17.298] [Printer] VLC_EVENT=EventType.MediaPlayerBuffering
[12:42:17.341] [Printer] VLC_EVENT=EventType.MediaPlayerBuffering
[12:42:17.381] [Printer] VLC_EVENT=EventType.MediaPlayerBuffering
[12:42:17.422] [Printer] VLC_EVENT=EventType.MediaPlayerBuffering
[12:42:17.465] [Printer] VLC_EVENT=EventType.MediaPlayerBuffering
[12:42:17.506] [Printer] VLC_EVENT=EventType.MediaPlayerBuffering
[12:42:17.549] [Printer] VLC_EVENT=EventType.MediaPlayerBuffering
[12:42:17.592] [Printer] VLC_EVENT=EventType.MediaPlayerBuffering
[12:42:17.629] [Printer] VLC_EVENT=EventType.MediaPlayerBuffering
[12:42:17.672] [Printer] VLC_EVENT=EventType.MediaPlayerBuffering
[12:42:17.723] [Printer] VLC_EVENT=EventType.MediaPlayerBuffering
[12:42:17.770] [Printer] VLC_EVENT=EventType.MediaPlayerBuffering
[12:42:17.802] [Printer] VLC_EVENT=EventType.MediaPlayerBuffering
[12:42:17.845] [Printer] VLC_EVENT=EventType.MediaPlayerBuffering
[12:42:17.880] [Printer] VLC_EVENT=EventType.MediaPlayerBuffering
[12:42:17.922] [Printer] VLC_EVENT=EventType.MediaPlayerBuffering
[12:42:17.964] [Printer] VLC_EVENT=EventType.MediaPlayerBuffering
[12:42:18.019] [Printer] VLC_EVENT=EventType.MediaPlayerBuffering
[12:42:18.053] [Printer] VLC_EVENT=EventType.MediaPlayerBuffering
[12:42:18.095] [Printer] VLC_EVENT=EventType.MediaPlayerBuffering
[12:42:18.173] [Printer] VLC_EVENT=EventType.MediaPlayerBuffering
[12:42:18.175] [Printer] VLC_EVENT=EventType.MediaPlayerBuffering
[12:42:18.221] [Printer] VLC_EVENT=EventType.MediaPlayerBuffering
[12:42:18.260] [Printer] VLC_EVENT=EventType.MediaPlayerBuffering
[12:42:18.307] [Printer] VLC_EVENT=EventType.MediaPlayerBuffering
[12:42:18.363] [Printer] VLC_EVENT=EventType.MediaPlayerBuffering
[12:42:18.381] [Printer] VLC_EVENT=EventType.MediaPlayerBuffering
[12:42:18.422] [Printer] VLC_EVENT=EventType.MediaPlayerBuffering
[12:42:18.464] [Printer] VLC_EVENT=EventType.MediaPlayerBuffering
[12:42:18.504] [Printer] VLC_EVENT=EventType.MediaPlayerBuffering
[12:42:18.546] [Printer] VLC_EVENT=EventType.MediaPlayerBuffering
[12:42:18.589] [Printer] VLC_EVENT=EventType.MediaPlayerBuffering
[12:42:18.633] [Printer] VLC_EVENT=EventType.MediaPlayerBuffering
[12:42:18.672] [Printer] VLC_EVENT=EventType.MediaPlayerBuffering
[12:42:18.717] [Printer] VLC_EVENT=EventType.MediaPlayerBuffering
[12:42:18.757] [Printer] VLC_EVENT=EventType.MediaPlayerBuffering
[12:42:18.797] [Printer] VLC_EVENT=EventType.MediaPlayerBuffering
[12:42:18.838] [Printer] VLC_EVENT=EventType.MediaPlayerBuffering
[12:42:18.879] [Printer] VLC_EVENT=EventType.MediaPlayerBuffering
[12:42:18.925] [Printer] VLC_EVENT=EventType.MediaPlayerBuffering
[12:42:18.966] [Printer] VLC_EVENT=EventType.MediaPlayerBuffering
[12:42:19.006] [Printer] VLC_EVENT=EventType.MediaPlayerBuffering
[12:42:19.046] [Printer] VLC_EVENT=EventType.MediaPlayerBuffering
[12:42:19.102] [Printer] VLC_EVENT=EventType.MediaPlayerBuffering
[12:42:19.130] [Printer] VLC_EVENT=EventType.MediaPlayerBuffering
[12:42:19.182] [Printer] VLC_EVENT=EventType.MediaPlayerBuffering
[12:42:19.222] [Printer] VLC_EVENT=EventType.MediaPlayerBuffering
[12:42:19.260] [Printer] VLC_EVENT=EventType.MediaPlayerBuffering
[12:42:19.301] [Printer] VLC_EVENT=EventType.MediaPlayerBuffering
[12:42:19.343] [Printer] VLC_EVENT=EventType.MediaPlayerBuffering
[12:42:19.386] [Printer] VLC_EVENT=EventType.MediaPlayerBuffering
[12:42:19.428] [Printer] VLC_EVENT=EventType.MediaPlayerBuffering
[12:42:19.470] [Printer] VLC_EVENT=EventType.MediaPlayerBuffering
[12:42:19.513] [Printer] VLC_EVENT=EventType.MediaPlayerBuffering
[12:42:19.560] [Printer] VLC_EVENT=EventType.MediaPlayerBuffering
[12:42:19.616] [Printer] VLC_EVENT=EventType.MediaPlayerBuffering
[12:42:19.667] [Printer] VLC_EVENT=EventType.MediaPlayerBuffering
[12:42:19.682] [Printer] VLC_EVENT=EventType.MediaPlayerBuffering
[12:42:19.749] [Printer] VLC_EVENT=EventType.MediaPlayerBuffering
[12:42:19.785] [Printer] VLC_EVENT=EventType.MediaPlayerBuffering
[12:42:19.832] [Printer] VLC_EVENT=EventType.MediaPlayerBuffering
[12:42:19.834] [Printer] VLC_EVENT=EventType.MediaPlayerBuffering
[12:42:19.874] [Printer] VLC_EVENT=EventType.MediaPlayerBuffering
[12:42:19.934] [Printer] VLC_EVENT=EventType.MediaPlayerBuffering
[12:42:19.971] [Printer] VLC_EVENT=EventType.MediaPlayerBuffering
[12:42:20.038] [Printer] VLC_EVENT=EventType.MediaPlayerBuffering
[12:42:20.075] [Printer] VLC_EVENT=EventType.MediaPlayerBuffering
[12:42:20.105] [Printer] VLC_EVENT=EventType.MediaPlayerBuffering
[12:42:20.137] [Printer] VLC_EVENT=EventType.MediaPlayerBuffering
[12:42:20.191] [Printer] VLC_EVENT=EventType.MediaPlayerBuffering
[12:42:20.231] [Printer] VLC_EVENT=EventType.MediaPlayerBuffering
[12:42:20.293] [Printer] VLC_EVENT=EventType.MediaPlayerBuffering
[12:42:20.313] [Printer] VLC_EVENT=EventType.MediaPlayerBuffering
[12:42:39.842] [Printer] STOP runtime=27.1s
[12:42:39.881] [Printer] VLC_EVENT=EventType.MediaPlayerStopped
[12:51:33.867] [Nerdle] YOUTUBE_ROUTE browser original=https://www.youtube.com/watch
[12:51:33.868] [Rover 3] YOUTUBE_ROUTE browser original=https://www.youtube.com/watch
[12:51:33.869] [Rover1] YOUTUBE_ROUTE browser original=https://www.youtube.com/watch
[12:51:33.870] [Printer] RESOLVE_FEED starting original=rtsp://192.168.1.227/live
[12:51:33.871] RESOLVE starting original=rtsp://192.168.1.227/live
[12:51:33.895] [Nerdle] YOUTUBE_EMBED video_id=B89oRmywnJo
[12:51:34.762] [Rover 3] YOUTUBE_EMBED video_id=TyXUaqscyiU
[12:51:35.524] [Rover1] YOUTUBE_EMBED video_id=inCQ49QGmqQ
[12:51:36.363] YOUTUBE_EMBED attached hwnd=339162
[12:51:36.369] [Printer] STREAM_START original=rtsp://192.168.1.227/live
[12:51:36.542] [Printer] SET_MEDIA url=rtsp://192.168.1.227/live url_status=new
[12:51:36.545] [Printer] MEDIA_CREATED url=rtsp://192.168.1.227/live
[12:51:36.547] [Printer] STATE=State.NothingSpecial position=-0.0s
[12:51:36.750] [Printer] PLAY requested runtime=0.2s
[12:51:36.752] [Printer] VLC_EVENT=EventType.MediaPlayerOpening
[12:51:36.753] [Printer] VLC_EVENT=EventType.MediaPlayerBuffering
[12:51:37.048] [Printer] STATE=State.Opening position=0.0s
[12:51:37.167] YOUTUBE_EMBED attached hwnd=470582
[12:51:37.436] [Printer] VLC_EVENT=EventType.MediaPlayerPlaying
[12:51:37.477] [Printer] VLC_EVENT=EventType.MediaPlayerBuffering
[12:51:37.521] [Printer] VLC_EVENT=EventType.MediaPlayerBuffering
[12:51:37.549] [Printer] STATE=State.Playing position=0.0s
[12:51:37.563] [Printer] VLC_EVENT=EventType.MediaPlayerBuffering
[12:51:37.602] [Printer] VLC_EVENT=EventType.MediaPlayerBuffering
[12:51:37.642] [Printer] VLC_EVENT=EventType.MediaPlayerBuffering
[12:51:37.684] [Printer] VLC_EVENT=EventType.MediaPlayerBuffering
[12:51:37.727] [Printer] VLC_EVENT=EventType.MediaPlayerBuffering
[12:51:37.768] [Printer] VLC_EVENT=EventType.MediaPlayerBuffering
[12:51:37.810] [Printer] VLC_EVENT=EventType.MediaPlayerBuffering
[12:51:37.850] [Printer] VLC_EVENT=EventType.MediaPlayerBuffering
[12:51:37.894] [Printer] VLC_EVENT=EventType.MediaPlayerBuffering
[12:51:37.941] [Printer] VLC_EVENT=EventType.MediaPlayerBuffering
[12:51:37.986] [Printer] VLC_EVENT=EventType.MediaPlayerBuffering
[12:51:38.036] [Printer] VLC_EVENT=EventType.MediaPlayerBuffering
[12:51:38.052] [Printer] VLC_EVENT=EventType.MediaPlayerBuffering
[12:51:38.108] [Printer] VLC_EVENT=EventType.MediaPlayerBuffering
[12:51:38.153] YOUTUBE_EMBED attached hwnd=404760
[12:51:38.157] [Printer] VLC_EVENT=EventType.MediaPlayerBuffering
[12:51:38.188] [Printer] VLC_EVENT=EventType.MediaPlayerBuffering
[12:51:38.232] [Printer] VLC_EVENT=EventType.MediaPlayerBuffering
[12:51:38.275] [Printer] VLC_EVENT=EventType.MediaPlayerBuffering
[12:51:38.314] [Printer] VLC_EVENT=EventType.MediaPlayerBuffering
[12:51:38.355] [Printer] VLC_EVENT=EventType.MediaPlayerBuffering
[12:51:38.417] [Printer] VLC_EVENT=EventType.MediaPlayerBuffering
[12:51:38.439] [Printer] VLC_EVENT=EventType.MediaPlayerBuffering
[12:51:38.483] [Printer] VLC_EVENT=EventType.MediaPlayerBuffering
[12:51:38.533] [Printer] VLC_EVENT=EventType.MediaPlayerBuffering
[12:51:38.566] [Printer] VLC_EVENT=EventType.MediaPlayerBuffering
[12:51:38.608] [Printer] VLC_EVENT=EventType.MediaPlayerBuffering
[12:51:38.648] [Printer] VLC_EVENT=EventType.MediaPlayerBuffering
[12:51:38.694] [Printer] VLC_EVENT=EventType.MediaPlayerBuffering
[12:51:38.741] [Printer] VLC_EVENT=EventType.MediaPlayerBuffering
[12:51:38.773] [Printer] VLC_EVENT=EventType.MediaPlayerBuffering
[12:51:38.816] [Printer] VLC_EVENT=EventType.MediaPlayerBuffering
[12:51:38.856] [Printer] VLC_EVENT=EventType.MediaPlayerBuffering
[12:51:38.908] [Printer] VLC_EVENT=EventType.MediaPlayerBuffering
[12:51:38.942] [Printer] VLC_EVENT=EventType.MediaPlayerBuffering
[12:51:38.982] [Printer] VLC_EVENT=EventType.MediaPlayerBuffering
[12:51:39.026] [Printer] VLC_EVENT=EventType.MediaPlayerBuffering
[12:51:39.079] [Printer] VLC_EVENT=EventType.MediaPlayerBuffering
[12:51:39.105] [Printer] VLC_EVENT=EventType.MediaPlayerBuffering
[12:51:39.148] [Printer] VLC_EVENT=EventType.MediaPlayerBuffering
[12:51:39.189] [Printer] VLC_EVENT=EventType.MediaPlayerBuffering
[12:51:39.232] [Printer] VLC_EVENT=EventType.MediaPlayerBuffering
[12:51:39.273] [Printer] VLC_EVENT=EventType.MediaPlayerBuffering
[12:51:39.315] [Printer] VLC_EVENT=EventType.MediaPlayerBuffering
[12:51:39.358] [Printer] VLC_EVENT=EventType.MediaPlayerBuffering
[12:51:39.420] [Printer] VLC_EVENT=EventType.MediaPlayerBuffering
[12:51:39.441] [Printer] VLC_EVENT=EventType.MediaPlayerBuffering
[12:51:39.481] [Printer] VLC_EVENT=EventType.MediaPlayerBuffering
[12:51:39.523] [Printer] VLC_EVENT=EventType.MediaPlayerBuffering
[12:51:39.564] [Printer] VLC_EVENT=EventType.MediaPlayerBuffering
[12:51:39.610] [Printer] VLC_EVENT=EventType.MediaPlayerBuffering
[12:51:39.667] [Printer] VLC_EVENT=EventType.MediaPlayerBuffering
[12:51:39.688] [Printer] VLC_EVENT=EventType.MediaPlayerBuffering
[12:51:39.735] [Printer] VLC_EVENT=EventType.MediaPlayerBuffering
[12:51:39.775] [Printer] VLC_EVENT=EventType.MediaPlayerBuffering
[12:51:39.817] [Printer] VLC_EVENT=EventType.MediaPlayerBuffering
[12:51:39.859] [Printer] VLC_EVENT=EventType.MediaPlayerBuffering
[12:51:39.918] [Printer] VLC_EVENT=EventType.MediaPlayerBuffering
[12:51:39.977] [Printer] VLC_EVENT=EventType.MediaPlayerBuffering
[12:51:39.979] [Printer] VLC_EVENT=EventType.MediaPlayerBuffering
[12:51:40.062] [Printer] VLC_EVENT=EventType.MediaPlayerBuffering
[12:51:40.065] [Printer] VLC_EVENT=EventType.MediaPlayerBuffering
[12:51:40.118] [Printer] VLC_EVENT=EventType.MediaPlayerBuffering
[12:51:40.146] [Printer] VLC_EVENT=EventType.MediaPlayerBuffering
[12:51:40.211] [Printer] VLC_EVENT=EventType.MediaPlayerBuffering
[12:51:40.255] [Printer] VLC_EVENT=EventType.MediaPlayerBuffering
[12:51:40.294] [Printer] VLC_EVENT=EventType.MediaPlayerBuffering
[12:51:40.335] [Printer] VLC_EVENT=EventType.MediaPlayerBuffering
[12:51:40.376] [Printer] VLC_EVENT=EventType.MediaPlayerBuffering
[12:51:40.430] [Printer] VLC_EVENT=EventType.MediaPlayerBuffering
[12:51:40.459] [Printer] VLC_EVENT=EventType.MediaPlayerBuffering
[12:51:40.501] [Printer] VLC_EVENT=EventType.MediaPlayerBuffering
[12:51:40.580] [Printer] VLC_EVENT=EventType.MediaPlayerBuffering
[12:51:40.584] [Printer] VLC_EVENT=EventType.MediaPlayerBuffering
[12:51:40.623] [Printer] VLC_EVENT=EventType.MediaPlayerBuffering
[12:51:40.666] [Printer] VLC_EVENT=EventType.MediaPlayerBuffering
[12:51:40.706] [Printer] VLC_EVENT=EventType.MediaPlayerBuffering
[12:51:40.785] [Printer] VLC_EVENT=EventType.MediaPlayerBuffering
[12:51:40.791] [Printer] VLC_EVENT=EventType.MediaPlayerBuffering
[12:51:40.835] [Printer] VLC_EVENT=EventType.MediaPlayerBuffering
[12:51:40.872] [Printer] VLC_EVENT=EventType.MediaPlayerBuffering
[12:51:40.914] [Printer] VLC_EVENT=EventType.MediaPlayerBuffering
[12:51:40.995] [Printer] VLC_EVENT=EventType.MediaPlayerBuffering
[12:51:40.998] [Printer] VLC_EVENT=EventType.MediaPlayerBuffering
[12:51:41.047] [Printer] VLC_EVENT=EventType.MediaPlayerBuffering
[12:51:41.080] [Printer] VLC_EVENT=EventType.MediaPlayerBuffering
[12:51:41.121] [Printer] VLC_EVENT=EventType.MediaPlayerBuffering
[12:51:41.165] [Printer] VLC_EVENT=EventType.MediaPlayerBuffering
[12:51:41.206] [Printer] VLC_EVENT=EventType.MediaPlayerBuffering
[12:51:41.250] [Printer] VLC_EVENT=EventType.MediaPlayerBuffering
[12:51:41.291] [Printer] VLC_EVENT=EventType.MediaPlayerBuffering
[12:51:41.331] [Printer] VLC_EVENT=EventType.MediaPlayerBuffering
[12:51:41.372] [Printer] VLC_EVENT=EventType.MediaPlayerBuffering
[12:51:41.414] [Printer] VLC_EVENT=EventType.MediaPlayerBuffering
[12:51:41.458] [Printer] VLC_EVENT=EventType.MediaPlayerBuffering
[12:51:41.499] [Printer] VLC_EVENT=EventType.MediaPlayerBuffering
[12:51:41.539] [Printer] VLC_EVENT=EventType.MediaPlayerBuffering
[12:51:41.580] [Printer] VLC_EVENT=EventType.MediaPlayerBuffering
[12:51:41.621] [Printer] VLC_EVENT=EventType.MediaPlayerBuffering
[12:51:41.666] [Printer] VLC_EVENT=EventType.MediaPlayerBuffering
[12:51:41.706] [Printer] VLC_EVENT=EventType.MediaPlayerBuffering
[12:51:41.748] [Printer] VLC_EVENT=EventType.MediaPlayerBuffering
[12:51:41.790] [Printer] VLC_EVENT=EventType.MediaPlayerBuffering
[12:51:41.831] [Printer] VLC_EVENT=EventType.MediaPlayerBuffering
[12:51:41.872] [Printer] VLC_EVENT=EventType.MediaPlayerBuffering
[12:51:41.915] [Printer] VLC_EVENT=EventType.MediaPlayerBuffering
[12:51:41.953] [Printer] VLC_EVENT=EventType.MediaPlayerBuffering
[12:51:41.996] [Printer] VLC_EVENT=EventType.MediaPlayerBuffering
[12:51:42.056] [Printer] VLC_EVENT=EventType.MediaPlayerBuffering
[12:51:42.115] [Printer] VLC_EVENT=EventType.MediaPlayerBuffering
[12:51:42.115] [Printer] VLC_EVENT=EventType.MediaPlayerBuffering
[12:51:42.196] [Printer] VLC_EVENT=EventType.MediaPlayerBuffering
[12:51:42.202] [Printer] VLC_EVENT=EventType.MediaPlayerBuffering
[12:51:42.239] [Printer] VLC_EVENT=EventType.MediaPlayerBuffering
[12:51:42.287] [Printer] VLC_EVENT=EventType.MediaPlayerBuffering
[12:51:42.344] [Printer] VLC_EVENT=EventType.MediaPlayerBuffering
[12:51:46.473] [Printer] STOP runtime=9.9s
[12:51:46.516] [Printer] VLC_EVENT=EventType.MediaPlayerStopped
[21:58:02.045] [Nerdle] YOUTUBE_ROUTE browser original=https://www.youtube.com/watch
[21:58:02.047] [Rover 3] YOUTUBE_ROUTE browser original=https://www.youtube.com/watch
[21:58:02.048] [Rover1] YOUTUBE_ROUTE browser original=https://www.youtube.com/watch
[21:58:02.050] [Printer] RESOLVE_FEED starting original=rtsp://192.168.1.227/live
[21:58:02.050] RESOLVE starting original=rtsp://192.168.1.227/live
[21:58:02.075] [Nerdle] YOUTUBE_EMBED video_id=B89oRmywnJo
[21:58:02.790] [Rover1] YOUTUBE_EMBED video_id=inCQ49QGmqQ
[21:58:03.539] [Rover 3] YOUTUBE_EMBED video_id=TyXUaqscyiU
[21:58:04.371] [Printer] STREAM_START original=rtsp://192.168.1.227/live
[21:58:04.547] [Printer] SET_MEDIA url=rtsp://192.168.1.227/live url_status=new
[21:58:04.550] [Printer] MEDIA_CREATED url=rtsp://192.168.1.227/live
[21:58:04.551] [Printer] STATE=State.NothingSpecial position=-0.0s
[21:58:04.674] YOUTUBE_EMBED attached hwnd=208066
[21:58:04.720] [Printer] PLAY requested runtime=0.2s
[21:58:04.723] [Printer] VLC_EVENT=EventType.MediaPlayerOpening
[21:58:04.723] [Printer] VLC_EVENT=EventType.MediaPlayerBuffering
[21:58:05.052] [Printer] STATE=State.Opening position=0.0s
[21:58:05.202] YOUTUBE_EMBED attached hwnd=470592
[21:58:05.536] [Printer] VLC_EVENT=EventType.MediaPlayerPlaying
[21:58:05.553] [Printer] STATE=State.Playing position=0.0s
[21:58:05.576] [Printer] VLC_EVENT=EventType.MediaPlayerBuffering
[21:58:05.619] [Printer] VLC_EVENT=EventType.MediaPlayerBuffering
[21:58:05.662] [Printer] VLC_EVENT=EventType.MediaPlayerBuffering
[21:58:05.702] [Printer] VLC_EVENT=EventType.MediaPlayerBuffering
[21:58:05.743] [Printer] VLC_EVENT=EventType.MediaPlayerBuffering
[21:58:05.785] [Printer] VLC_EVENT=EventType.MediaPlayerBuffering
[21:58:05.826] [Printer] VLC_EVENT=EventType.MediaPlayerBuffering
[21:58:05.868] [Printer] VLC_EVENT=EventType.MediaPlayerBuffering
[21:58:05.909] [Printer] VLC_EVENT=EventType.MediaPlayerBuffering
[21:58:05.948] [Printer] VLC_EVENT=EventType.MediaPlayerBuffering
[21:58:05.997] [Printer] VLC_EVENT=EventType.MediaPlayerBuffering
[21:58:06.033] [Printer] VLC_EVENT=EventType.MediaPlayerBuffering
[21:58:06.076] [Printer] VLC_EVENT=EventType.MediaPlayerBuffering
[21:58:06.118] [Printer] VLC_EVENT=EventType.MediaPlayerBuffering
[21:58:06.130] YOUTUBE_EMBED attached hwnd=142448
[21:58:06.159] [Printer] VLC_EVENT=EventType.MediaPlayerBuffering
[21:58:06.200] [Printer] VLC_EVENT=EventType.MediaPlayerBuffering
[21:58:06.245] [Printer] VLC_EVENT=EventType.MediaPlayerBuffering
[21:58:06.283] [Printer] VLC_EVENT=EventType.MediaPlayerBuffering
[21:58:06.334] [Printer] VLC_EVENT=EventType.MediaPlayerBuffering
[21:58:06.384] [Printer] VLC_EVENT=EventType.MediaPlayerBuffering
[21:58:06.405] [Printer] VLC_EVENT=EventType.MediaPlayerBuffering
[21:58:06.450] [Printer] VLC_EVENT=EventType.MediaPlayerBuffering
[21:58:06.507] [Printer] VLC_EVENT=EventType.MediaPlayerBuffering
[21:58:06.533] [Printer] VLC_EVENT=EventType.MediaPlayerBuffering
[21:58:06.575] [Printer] VLC_EVENT=EventType.MediaPlayerBuffering
[21:58:06.616] [Printer] VLC_EVENT=EventType.MediaPlayerBuffering
[21:58:06.660] [Printer] VLC_EVENT=EventType.MediaPlayerBuffering
[21:58:06.737] [Printer] VLC_EVENT=EventType.MediaPlayerBuffering
[21:58:06.742] [Printer] VLC_EVENT=EventType.MediaPlayerBuffering
[21:58:06.781] [Printer] VLC_EVENT=EventType.MediaPlayerBuffering
[21:58:06.831] [Printer] VLC_EVENT=EventType.MediaPlayerBuffering
[21:58:06.865] [Printer] VLC_EVENT=EventType.MediaPlayerBuffering
[21:58:06.907] [Printer] VLC_EVENT=EventType.MediaPlayerBuffering
[21:58:06.946] [Printer] VLC_EVENT=EventType.MediaPlayerBuffering
[21:58:07.026] [Printer] VLC_EVENT=EventType.MediaPlayerBuffering
[21:58:07.029] [Printer] VLC_EVENT=EventType.MediaPlayerBuffering
[21:58:07.108] [Printer] VLC_EVENT=EventType.MediaPlayerBuffering
[21:58:07.114] [Printer] VLC_EVENT=EventType.MediaPlayerBuffering
[21:58:07.152] [Printer] VLC_EVENT=EventType.MediaPlayerBuffering
[21:58:07.194] [Printer] VLC_EVENT=EventType.MediaPlayerBuffering
[21:58:07.235] [Printer] VLC_EVENT=EventType.MediaPlayerBuffering
[21:58:07.279] [Printer] VLC_EVENT=EventType.MediaPlayerBuffering
[21:58:07.356] [Printer] VLC_EVENT=EventType.MediaPlayerBuffering
[21:58:07.359] [Printer] VLC_EVENT=EventType.MediaPlayerBuffering
[21:58:07.417] [Printer] VLC_EVENT=EventType.MediaPlayerBuffering
[21:58:07.442] [Printer] VLC_EVENT=EventType.MediaPlayerBuffering
[21:58:07.483] [Printer] VLC_EVENT=EventType.MediaPlayerBuffering
[21:58:07.526] [Printer] VLC_EVENT=EventType.MediaPlayerBuffering
[21:58:07.567] [Printer] VLC_EVENT=EventType.MediaPlayerBuffering
[21:58:07.608] [Printer] VLC_EVENT=EventType.MediaPlayerBuffering
[21:58:07.662] [Printer] VLC_EVENT=EventType.MediaPlayerBuffering
[21:58:07.697] [Printer] VLC_EVENT=EventType.MediaPlayerBuffering
[21:58:07.732] [Printer] VLC_EVENT=EventType.MediaPlayerBuffering
[21:58:07.773] [Printer] VLC_EVENT=EventType.MediaPlayerBuffering
[21:58:07.819] [Printer] VLC_EVENT=EventType.MediaPlayerBuffering
[21:58:07.859] [Printer] VLC_EVENT=EventType.MediaPlayerBuffering
[21:58:07.901] [Printer] VLC_EVENT=EventType.MediaPlayerBuffering
[21:58:07.942] [Printer] VLC_EVENT=EventType.MediaPlayerBuffering
[21:58:07.990] [Printer] VLC_EVENT=EventType.MediaPlayerBuffering
[21:58:08.026] [Printer] VLC_EVENT=EventType.MediaPlayerBuffering
[21:58:08.067] [Printer] VLC_EVENT=EventType.MediaPlayerBuffering
[21:58:08.108] [Printer] VLC_EVENT=EventType.MediaPlayerBuffering
[21:58:08.149] [Printer] VLC_EVENT=EventType.MediaPlayerBuffering
[21:58:08.191] [Printer] VLC_EVENT=EventType.MediaPlayerBuffering
[21:58:08.251] [Printer] VLC_EVENT=EventType.MediaPlayerBuffering
[21:58:08.307] [Printer] VLC_EVENT=EventType.MediaPlayerBuffering
[21:58:08.354] [Printer] VLC_EVENT=EventType.MediaPlayerBuffering
[21:58:08.354] [Printer] VLC_EVENT=EventType.MediaPlayerBuffering
[21:58:08.449] [Printer] VLC_EVENT=EventType.MediaPlayerBuffering
[21:58:08.450] [Printer] VLC_EVENT=EventType.MediaPlayerBuffering
[21:58:08.483] [Printer] VLC_EVENT=EventType.MediaPlayerBuffering
[21:58:08.539] [Printer] VLC_EVENT=EventType.MediaPlayerBuffering
[21:58:08.580] [Printer] VLC_EVENT=EventType.MediaPlayerBuffering
[21:58:08.619] [Printer] VLC_EVENT=EventType.MediaPlayerBuffering
[21:58:08.669] [Printer] VLC_EVENT=EventType.MediaPlayerBuffering
[21:58:08.707] [Printer] VLC_EVENT=EventType.MediaPlayerBuffering
[21:58:08.781] [Printer] VLC_EVENT=EventType.MediaPlayerBuffering
[21:58:08.785] [Printer] VLC_EVENT=EventType.MediaPlayerBuffering
[21:58:08.827] [Printer] VLC_EVENT=EventType.MediaPlayerBuffering
[21:58:08.866] [Printer] VLC_EVENT=EventType.MediaPlayerBuffering
[21:58:08.908] [Printer] VLC_EVENT=EventType.MediaPlayerBuffering
[21:58:08.949] [Printer] VLC_EVENT=EventType.MediaPlayerBuffering
[21:58:08.995] [Printer] VLC_EVENT=EventType.MediaPlayerBuffering
[21:58:09.038] [Printer] VLC_EVENT=EventType.MediaPlayerBuffering
[21:58:09.074] [Printer] VLC_EVENT=EventType.MediaPlayerBuffering
[21:58:09.121] [Printer] VLC_EVENT=EventType.MediaPlayerBuffering
[21:58:09.158] [Printer] VLC_EVENT=EventType.MediaPlayerBuffering
[21:58:09.200] [Printer] VLC_EVENT=EventType.MediaPlayerBuffering
[21:58:09.253] [Printer] VLC_EVENT=EventType.MediaPlayerBuffering
[21:58:09.288] [Printer] VLC_EVENT=EventType.MediaPlayerBuffering
[21:58:09.328] [Printer] VLC_EVENT=EventType.MediaPlayerBuffering
[21:58:09.370] [Printer] VLC_EVENT=EventType.MediaPlayerBuffering
[21:58:09.426] [Printer] VLC_EVENT=EventType.MediaPlayerBuffering
[21:58:09.451] [Printer] VLC_EVENT=EventType.MediaPlayerBuffering
[21:58:09.506] [Printer] VLC_EVENT=EventType.MediaPlayerBuffering
[21:58:09.536] [Printer] VLC_EVENT=EventType.MediaPlayerBuffering
[21:58:09.576] [Printer] VLC_EVENT=EventType.MediaPlayerBuffering
[21:58:09.617] [Printer] VLC_EVENT=EventType.MediaPlayerBuffering
[21:58:09.662] [Printer] VLC_EVENT=EventType.MediaPlayerBuffering
[21:58:09.700] [Printer] VLC_EVENT=EventType.MediaPlayerBuffering
[21:58:09.741] [Printer] VLC_EVENT=EventType.MediaPlayerBuffering
[21:58:09.782] [Printer] VLC_EVENT=EventType.MediaPlayerBuffering
[21:58:09.828] [Printer] VLC_EVENT=EventType.MediaPlayerBuffering
[21:58:09.867] [Printer] VLC_EVENT=EventType.MediaPlayerBuffering
[21:58:09.910] [Printer] VLC_EVENT=EventType.MediaPlayerBuffering
[21:58:09.950] [Printer] VLC_EVENT=EventType.MediaPlayerBuffering
[21:58:09.996] [Printer] VLC_EVENT=EventType.MediaPlayerBuffering
[21:58:10.034] [Printer] VLC_EVENT=EventType.MediaPlayerBuffering
[21:58:10.075] [Printer] VLC_EVENT=EventType.MediaPlayerBuffering
[21:58:10.118] [Printer] VLC_EVENT=EventType.MediaPlayerBuffering
[21:58:10.173] [Printer] VLC_EVENT=EventType.MediaPlayerBuffering
[21:58:10.220] [Printer] VLC_EVENT=EventType.MediaPlayerBuffering
[21:58:10.269] [Printer] VLC_EVENT=EventType.MediaPlayerBuffering
[21:58:10.312] [Printer] VLC_EVENT=EventType.MediaPlayerBuffering
[21:58:10.359] [Printer] VLC_EVENT=EventType.MediaPlayerBuffering
[21:58:10.360] [Printer] VLC_EVENT=EventType.MediaPlayerBuffering
[21:58:10.442] [Printer] VLC_EVENT=EventType.MediaPlayerBuffering
[21:58:10.446] [Printer] VLC_EVENT=EventType.MediaPlayerBuffering
[21:58:12.848] [Printer] STOP runtime=8.3s
[21:58:12.892] [Printer] VLC_EVENT=EventType.MediaPlayerStopped
[22:16:20.070] [Nerdle] YOUTUBE_ROUTE browser original=https://www.youtube.com/watch
[22:16:20.071] [Nerdle] YOUTUBE_ROUTE browser original=https://www.youtube.com/watch
[22:16:20.073] [Rover 3] YOUTUBE_ROUTE browser original=https://www.youtube.com/watch
[22:16:20.097] [Nerdle] YOUTUBE_EMBED video_id=B89oRmywnJo
[22:16:20.769] [Nerdle] YOUTUBE_EMBED video_id=B89oRmywnJo
[22:16:21.499] [Rover 3] YOUTUBE_EMBED video_id=TyXUaqscyiU
[22:16:22.316] YOUTUBE_EMBED attached hwnd=1060608
[22:16:23.088] YOUTUBE_EMBED attached hwnd=208028
[22:16:23.899] YOUTUBE_EMBED attached hwnd=536090
[22:18:27.454] [Nerdle] YOUTUBE_ROUTE browser original=https://www.youtube.com/watch
[22:18:27.456] [Nerdle] YOUTUBE_ROUTE browser original=https://www.youtube.com/watch
[22:18:27.457] [Rover 3] YOUTUBE_ROUTE browser original=https://www.youtube.com/watch
[22:18:27.481] [Nerdle] YOUTUBE_EMBED video_id=B89oRmywnJo
[22:18:28.169] [Nerdle] YOUTUBE_EMBED video_id=B89oRmywnJo
[22:18:28.949] [Rover 3] YOUTUBE_EMBED video_id=TyXUaqscyiU
[22:18:29.794] YOUTUBE_EMBED attached hwnd=1518894
[22:18:30.551] YOUTUBE_EMBED attached hwnd=1650292
[22:18:31.310] YOUTUBE_EMBED attached hwnd=1388194
[22:20:28.109] [Nerdle] YOUTUBE_ROUTE browser original=https://www.youtube.com/watch
[22:20:28.110] [Nerdle] YOUTUBE_ROUTE browser original=https://www.youtube.com/watch
[22:20:28.112] [Rover 3] YOUTUBE_ROUTE browser original=https://www.youtube.com/watch
[22:20:28.147] [Nerdle] YOUTUBE_EMBED video_id=B89oRmywnJo
[22:20:28.166] [Nerdle] YOUTUBE_EMBED video_id=B89oRmywnJo
[22:20:28.217] [Rover 3] YOUTUBE_EMBED video_id=TyXUaqscyiU
[22:20:29.844] YOUTUBE_EMBED attached hwnd=863942
[22:20:29.932] YOUTUBE_EMBED attached hwnd=667332
[22:20:30.080] YOUTUBE_EMBED attached hwnd=1519284
[22:22:39.302] [Nerdle] YOUTUBE_ROUTE browser original=https://www.youtube.com/watch
[22:22:39.302] [Nerdle] YOUTUBE_ROUTE browser original=https://www.youtube.com/watch
[22:22:39.304] [Rover 3] YOUTUBE_ROUTE browser original=https://www.youtube.com/watch
[22:22:39.326] [Nerdle] YOUTUBE_EMBED video_id=B89oRmywnJo
[22:22:39.344] [Nerdle] YOUTUBE_EMBED video_id=B89oRmywnJo
[22:22:39.373] [Rover 3] YOUTUBE_EMBED video_id=TyXUaqscyiU
[22:22:40.931] YOUTUBE_EMBED attached hwnd=404618
[22:22:40.973] YOUTUBE_EMBED attached hwnd=928810
[22:22:41.015] YOUTUBE_EMBED attached hwnd=1642446
[22:22:54.056] [Nerdle] YOUTUBE_ROUTE browser original=https://www.youtube.com/watch
[22:22:54.057] [Nerdle] YOUTUBE_ROUTE browser original=https://www.youtube.com/watch
[22:22:54.059] [Rover 3] YOUTUBE_ROUTE browser original=https://www.youtube.com/watch
[22:22:54.084] [Nerdle] YOUTUBE_EMBED video_id=B89oRmywnJo
[22:22:54.100] [Nerdle] YOUTUBE_EMBED video_id=B89oRmywnJo
[22:22:54.143] [Rover 3] YOUTUBE_EMBED video_id=TyXUaqscyiU
[22:22:55.723] YOUTUBE_EMBED attached hwnd=798326
[22:22:55.776] YOUTUBE_EMBED attached hwnd=666902
[22:22:55.821] YOUTUBE_EMBED attached hwnd=732722
[22:23:40.266] [Nerdle] YOUTUBE_ROUTE browser original=https://www.youtube.com/watch
[22:23:40.267] [Nerdle] YOUTUBE_ROUTE browser original=https://www.youtube.com/watch
[22:23:40.269] [Rover 3] YOUTUBE_ROUTE browser original=https://www.youtube.com/watch
[22:23:40.271] [Rover 3] YOUTUBE_ROUTE browser original=https://www.youtube.com/watch
[22:23:40.272] [Rover1] YOUTUBE_ROUTE browser original=https://www.youtube.com/watch
[22:23:40.273] [Printer] RESOLVE_FEED starting original=rtsp://192.168.1.227/live
[22:23:40.273] RESOLVE starting original=rtsp://192.168.1.227/live
[22:23:40.274] [Nerdle] YOUTUBE_ROUTE browser original=https://www.youtube.com/watch
[22:23:40.275] [Rover 3] YOUTUBE_ROUTE browser original=https://www.youtube.com/watch
[22:23:40.276] [Nerdle] YOUTUBE_ROUTE browser original=https://www.youtube.com/watch
[22:23:40.297] [Nerdle] YOUTUBE_EMBED video_id=B89oRmywnJo
[22:23:40.310] [Rover 3] YOUTUBE_EMBED video_id=TyXUaqscyiU
[22:23:40.334] [Nerdle] YOUTUBE_EMBED video_id=B89oRmywnJo
[22:23:40.346] [Rover 3] YOUTUBE_EMBED video_id=TyXUaqscyiU
[22:23:40.384] [Rover1] YOUTUBE_EMBED video_id=inCQ49QGmqQ
[22:23:40.432] [Printer] STREAM_START original=rtsp://192.168.1.227/live
[22:23:40.609] [Printer] SET_MEDIA url=rtsp://192.168.1.227/live url_status=new
[22:23:40.612] [Printer] MEDIA_CREATED url=rtsp://192.168.1.227/live
[22:23:40.613] [Printer] STATE=State.NothingSpecial position=-0.0s
[22:23:40.667] [Nerdle] YOUTUBE_EMBED video_id=B89oRmywnJo
[22:23:40.698] [Rover 3] YOUTUBE_EMBED video_id=TyXUaqscyiU
[22:23:40.725] [Nerdle] YOUTUBE_EMBED video_id=B89oRmywnJo
[22:23:40.767] [Printer] PLAY requested runtime=0.2s
[22:23:40.769] [Printer] VLC_EVENT=EventType.MediaPlayerOpening
[22:23:40.770] [Printer] VLC_EVENT=EventType.MediaPlayerBuffering
[22:23:41.114] [Printer] STATE=State.Opening position=0.0s
[22:23:41.493] [Printer] VLC_EVENT=EventType.MediaPlayerPlaying
[22:23:41.546] [Printer] VLC_EVENT=EventType.MediaPlayerBuffering
[22:23:41.570] [Printer] VLC_EVENT=EventType.MediaPlayerBuffering
[22:23:41.615] [Printer] STATE=State.Playing position=0.0s
[22:23:41.615] [Printer] VLC_EVENT=EventType.MediaPlayerBuffering
[22:23:41.654] [Printer] VLC_EVENT=EventType.MediaPlayerBuffering
[22:23:41.694] [Printer] VLC_EVENT=EventType.MediaPlayerBuffering
[22:23:41.737] [Printer] VLC_EVENT=EventType.MediaPlayerBuffering
[22:23:41.790] [Printer] VLC_EVENT=EventType.MediaPlayerBuffering
[22:23:41.820] [Printer] VLC_EVENT=EventType.MediaPlayerBuffering
[22:23:41.861] [Printer] VLC_EVENT=EventType.MediaPlayerBuffering
[22:23:41.902] [Printer] VLC_EVENT=EventType.MediaPlayerBuffering
[22:23:41.948] [Printer] VLC_EVENT=EventType.MediaPlayerBuffering
[22:23:41.986] [Printer] VLC_EVENT=EventType.MediaPlayerBuffering
[22:23:42.031] [Printer] VLC_EVENT=EventType.MediaPlayerBuffering
[22:23:42.099] [Printer] VLC_EVENT=EventType.MediaPlayerBuffering
[22:23:42.109] [Printer] VLC_EVENT=EventType.MediaPlayerBuffering
[22:23:42.153] [Printer] VLC_EVENT=EventType.MediaPlayerBuffering
[22:23:42.193] [Printer] VLC_EVENT=EventType.MediaPlayerBuffering
[22:23:42.197] YOUTUBE_EMBED attached hwnd=994608
[22:23:42.236] [Printer] VLC_EVENT=EventType.MediaPlayerBuffering
[22:23:42.289] [Printer] VLC_EVENT=EventType.MediaPlayerBuffering
[22:23:42.297] YOUTUBE_EMBED attached hwnd=1387994
[22:23:42.338] [Printer] VLC_EVENT=EventType.MediaPlayerBuffering
[22:23:42.384] [Printer] VLC_EVENT=EventType.MediaPlayerBuffering
[22:23:42.431] [Printer] VLC_EVENT=EventType.MediaPlayerBuffering
[22:23:42.433] YOUTUBE_EMBED attached hwnd=1518828
[22:23:42.480] [Printer] VLC_EVENT=EventType.MediaPlayerBuffering
[22:23:42.481] [Printer] VLC_EVENT=EventType.MediaPlayerBuffering
[22:23:42.559] [Printer] VLC_EVENT=EventType.MediaPlayerBuffering
[22:23:42.566] [Printer] VLC_EVENT=EventType.MediaPlayerBuffering
[22:23:42.602] [Printer] VLC_EVENT=EventType.MediaPlayerBuffering
[22:23:42.655] [Printer] VLC_EVENT=EventType.MediaPlayerBuffering
[22:23:42.657] YOUTUBE_EMBED attached hwnd=798356
[22:23:42.692] [Printer] VLC_EVENT=EventType.MediaPlayerBuffering
[22:23:42.736] [Printer] VLC_EVENT=EventType.MediaPlayerBuffering
[22:23:42.774] [Printer] VLC_EVENT=EventType.MediaPlayerBuffering
[22:23:42.824] [Printer] VLC_EVENT=EventType.MediaPlayerBuffering
[22:23:42.830] YOUTUBE_EMBED attached hwnd=929328
[22:23:42.872] [Printer] VLC_EVENT=EventType.MediaPlayerBuffering
[22:23:42.901] [Printer] VLC_EVENT=EventType.MediaPlayerBuffering
[22:23:42.939] [Printer] VLC_EVENT=EventType.MediaPlayerBuffering
[22:23:43.023] [Printer] VLC_EVENT=EventType.MediaPlayerBuffering
[22:23:43.028] [Printer] VLC_EVENT=EventType.MediaPlayerBuffering
[22:23:43.070] [Printer] VLC_EVENT=EventType.MediaPlayerBuffering
[22:23:43.108] [Printer] VLC_EVENT=EventType.MediaPlayerBuffering
[22:23:43.152] [Printer] VLC_EVENT=EventType.MediaPlayerBuffering
[22:23:43.193] [Printer] VLC_EVENT=EventType.MediaPlayerBuffering
[22:23:43.238] [Printer] VLC_EVENT=EventType.MediaPlayerBuffering
[22:23:43.276] [Printer] VLC_EVENT=EventType.MediaPlayerBuffering
[22:23:43.319] [Printer] VLC_EVENT=EventType.MediaPlayerBuffering
[22:23:43.358] [Printer] VLC_EVENT=EventType.MediaPlayerBuffering
[22:23:43.401] [Printer] VLC_EVENT=EventType.MediaPlayerBuffering
[22:23:43.433] YOUTUBE_EMBED attached hwnd=142252
[22:23:43.441] [Printer] VLC_EVENT=EventType.MediaPlayerBuffering
[22:23:43.494] [Printer] VLC_EVENT=EventType.MediaPlayerBuffering
[22:23:43.525] [Printer] VLC_EVENT=EventType.MediaPlayerBuffering
[22:23:43.566] [Printer] VLC_EVENT=EventType.MediaPlayerBuffering
[22:23:43.610] [Printer] VLC_EVENT=EventType.MediaPlayerBuffering
[22:23:43.649] [Printer] VLC_EVENT=EventType.MediaPlayerBuffering
[22:23:43.692] [Printer] VLC_EVENT=EventType.MediaPlayerBuffering
[22:23:43.736] [Printer] VLC_EVENT=EventType.MediaPlayerBuffering
[22:23:43.775] [Printer] VLC_EVENT=EventType.MediaPlayerBuffering
[22:23:43.818] [Printer] VLC_EVENT=EventType.MediaPlayerBuffering
[22:23:43.831] YOUTUBE_EMBED attached hwnd=207810
[22:23:43.860] [Printer] VLC_EVENT=EventType.MediaPlayerBuffering
[22:23:43.900] [Printer] VLC_EVENT=EventType.MediaPlayerBuffering
[22:23:43.941] [Printer] VLC_EVENT=EventType.MediaPlayerBuffering
[22:23:43.990] [Printer] VLC_EVENT=EventType.MediaPlayerBuffering
[22:23:44.015] YOUTUBE_EMBED attached hwnd=207776
[22:23:44.028] [Printer] VLC_EVENT=EventType.MediaPlayerBuffering
[22:23:44.072] [Printer] VLC_EVENT=EventType.MediaPlayerBuffering
[22:23:44.109] [Printer] VLC_EVENT=EventType.MediaPlayerBuffering
[22:23:44.150] [Printer] VLC_EVENT=EventType.MediaPlayerBuffering
[22:23:44.204] [Printer] VLC_EVENT=EventType.MediaPlayerBuffering
[22:23:44.244] [Printer] VLC_EVENT=EventType.MediaPlayerBuffering
[22:23:44.274] [Printer] VLC_EVENT=EventType.MediaPlayerBuffering
[22:23:44.316] [Printer] VLC_EVENT=EventType.MediaPlayerBuffering
[22:23:44.398] [Printer] VLC_EVENT=EventType.MediaPlayerBuffering
[22:23:44.400] [Printer] VLC_EVENT=EventType.MediaPlayerBuffering
[22:23:44.464] [Printer] VLC_EVENT=EventType.MediaPlayerBuffering
[22:23:44.518] [Printer] VLC_EVENT=EventType.MediaPlayerBuffering
[22:23:44.520] [Printer] VLC_EVENT=EventType.MediaPlayerBuffering
[22:23:44.605] [Printer] VLC_EVENT=EventType.MediaPlayerBuffering
[22:23:44.607] [Printer] VLC_EVENT=EventType.MediaPlayerBuffering
[22:23:44.664] [Printer] VLC_EVENT=EventType.MediaPlayerBuffering
[22:23:44.684] [Printer] VLC_EVENT=EventType.MediaPlayerBuffering
[22:23:44.735] [Printer] VLC_EVENT=EventType.MediaPlayerBuffering
[22:23:44.789] [Printer] VLC_EVENT=EventType.MediaPlayerBuffering
[22:23:44.817] [Printer] VLC_EVENT=EventType.MediaPlayerBuffering
[22:23:44.860] [Printer] VLC_EVENT=EventType.MediaPlayerBuffering
[22:23:44.900] [Printer] VLC_EVENT=EventType.MediaPlayerBuffering
[22:23:44.961] [Printer] VLC_EVENT=EventType.MediaPlayerBuffering
[22:23:44.984] [Printer] VLC_EVENT=EventType.MediaPlayerBuffering
[22:23:45.027] [Printer] VLC_EVENT=EventType.MediaPlayerBuffering
[22:23:45.105] [Printer] VLC_EVENT=EventType.MediaPlayerBuffering
[22:23:45.115] [Printer] VLC_EVENT=EventType.MediaPlayerBuffering
[22:23:45.150] [Printer] VLC_EVENT=EventType.MediaPlayerBuffering
[22:23:45.191] [Printer] VLC_EVENT=EventType.MediaPlayerBuffering
[22:23:45.237] [Printer] VLC_EVENT=EventType.MediaPlayerBuffering
[22:23:45.285] [Printer] VLC_EVENT=EventType.MediaPlayerBuffering
[22:23:45.322] [Printer] VLC_EVENT=EventType.MediaPlayerBuffering
[22:23:45.356] [Printer] VLC_EVENT=EventType.MediaPlayerBuffering
[22:23:45.397] [Printer] VLC_EVENT=EventType.MediaPlayerBuffering
[22:23:45.438] [Printer] VLC_EVENT=EventType.MediaPlayerBuffering
[22:23:45.486] [Printer] VLC_EVENT=EventType.MediaPlayerBuffering
[22:23:45.534] [Printer] VLC_EVENT=EventType.MediaPlayerBuffering
[22:23:45.565] [Printer] VLC_EVENT=EventType.MediaPlayerBuffering
[22:23:45.609] [Printer] VLC_EVENT=EventType.MediaPlayerBuffering
[22:23:45.644] [Printer] VLC_EVENT=EventType.MediaPlayerBuffering
[22:23:45.691] [Printer] VLC_EVENT=EventType.MediaPlayerBuffering
[22:23:45.741] [Printer] VLC_EVENT=EventType.MediaPlayerBuffering
[22:23:45.783] [Printer] VLC_EVENT=EventType.MediaPlayerBuffering
[22:23:45.809] [Printer] VLC_EVENT=EventType.MediaPlayerBuffering
[22:23:45.856] [Printer] VLC_EVENT=EventType.MediaPlayerBuffering
[22:23:45.904] [Printer] VLC_EVENT=EventType.MediaPlayerBuffering
[22:23:45.938] [Printer] VLC_EVENT=EventType.MediaPlayerBuffering
[22:23:45.992] [Printer] VLC_EVENT=EventType.MediaPlayerBuffering
[22:23:46.020] [Printer] VLC_EVENT=EventType.MediaPlayerBuffering
[22:23:46.084] [Printer] VLC_EVENT=EventType.MediaPlayerBuffering
[22:23:46.102] [Printer] VLC_EVENT=EventType.MediaPlayerBuffering
[22:23:46.144] [Printer] VLC_EVENT=EventType.MediaPlayerBuffering
[22:23:46.184] [Printer] VLC_EVENT=EventType.MediaPlayerBuffering
[22:23:46.226] [Printer] VLC_EVENT=EventType.MediaPlayerBuffering
[22:23:46.267] [Printer] VLC_EVENT=EventType.MediaPlayerBuffering
[22:23:46.309] [Printer] VLC_EVENT=EventType.MediaPlayerBuffering
[22:23:46.350] [Printer] VLC_EVENT=EventType.MediaPlayerBuffering
[22:23:46.391] [Printer] VLC_EVENT=EventType.MediaPlayerBuffering
[22:23:53.499] [Printer] STOP runtime=12.9s
[22:23:53.545] [Printer] VLC_EVENT=EventType.MediaPlayerStopped
[22:23:56.243] [Nerdle] YOUTUBE_ROUTE browser original=https://www.youtube.com/watch
[22:23:56.245] [Nerdle] YOUTUBE_ROUTE browser original=https://www.youtube.com/watch
[22:23:56.246] [Rover 3] YOUTUBE_ROUTE browser original=https://www.youtube.com/watch
[22:23:56.247] [Rover 3] YOUTUBE_ROUTE browser original=https://www.youtube.com/watch
[22:23:56.248] [Rover1] YOUTUBE_ROUTE browser original=https://www.youtube.com/watch
[22:23:56.249] [Printer] RESOLVE_FEED starting original=rtsp://192.168.1.227/live
[22:23:56.250] RESOLVE starting original=rtsp://192.168.1.227/live
[22:23:56.250] [Nerdle] YOUTUBE_ROUTE browser original=https://www.youtube.com/watch
[22:23:56.251] [Rover 3] YOUTUBE_ROUTE browser original=https://www.youtube.com/watch
[22:23:56.252] [Nerdle] YOUTUBE_ROUTE browser original=https://www.youtube.com/watch
[22:23:56.290] [Nerdle] YOUTUBE_EMBED video_id=B89oRmywnJo
[22:23:56.303] [Nerdle] YOUTUBE_EMBED video_id=B89oRmywnJo
[22:23:56.332] [Rover 3] YOUTUBE_EMBED video_id=TyXUaqscyiU
[22:23:56.343] [Rover1] YOUTUBE_EMBED video_id=inCQ49QGmqQ
[22:23:56.382] [Printer] STREAM_START original=rtsp://192.168.1.227/live
[22:23:56.407] [Printer] SET_MEDIA url=rtsp://192.168.1.227/live url_status=new
[22:23:56.410] [Printer] MEDIA_CREATED url=rtsp://192.168.1.227/live
[22:23:56.411] [Printer] STATE=State.NothingSpecial position=-0.0s
[22:23:56.446] [Rover 3] YOUTUBE_EMBED video_id=TyXUaqscyiU
[22:23:56.527] [Rover 3] YOUTUBE_EMBED video_id=TyXUaqscyiU
[22:23:56.553] [Nerdle] YOUTUBE_EMBED video_id=B89oRmywnJo
[22:23:56.580] [Printer] PLAY requested runtime=0.2s
[22:23:56.583] [Printer] VLC_EVENT=EventType.MediaPlayerOpening
[22:23:56.583] [Printer] VLC_EVENT=EventType.MediaPlayerBuffering
[22:23:56.585] [Nerdle] YOUTUBE_EMBED video_id=B89oRmywnJo
[22:23:56.912] [Printer] STATE=State.Opening position=0.0s
[22:23:57.021] [Printer] VLC_EVENT=EventType.MediaPlayerPlaying
[22:23:57.065] [Printer] VLC_EVENT=EventType.MediaPlayerBuffering
[22:23:57.108] [Printer] VLC_EVENT=EventType.MediaPlayerBuffering
[22:23:57.148] [Printer] VLC_EVENT=EventType.MediaPlayerBuffering
[22:23:57.219] [Printer] VLC_EVENT=EventType.MediaPlayerBuffering
[22:23:57.265] [Printer] VLC_EVENT=EventType.MediaPlayerBuffering
[22:23:57.269] [Printer] VLC_EVENT=EventType.MediaPlayerBuffering
[22:23:57.326] [Printer] VLC_EVENT=EventType.MediaPlayerBuffering
[22:23:57.384] [Printer] VLC_EVENT=EventType.MediaPlayerBuffering
[22:23:57.389] [Printer] VLC_EVENT=EventType.MediaPlayerBuffering
[22:23:57.413] [Printer] STATE=State.Playing position=0.0s
[22:23:57.434] [Printer] VLC_EVENT=EventType.MediaPlayerBuffering
[22:23:57.491] [Printer] VLC_EVENT=EventType.MediaPlayerBuffering
[22:23:57.517] [Printer] VLC_EVENT=EventType.MediaPlayerBuffering
[22:23:57.559] [Printer] VLC_EVENT=EventType.MediaPlayerBuffering
[22:23:57.600] [Printer] VLC_EVENT=EventType.MediaPlayerBuffering
[22:23:57.647] [Printer] VLC_EVENT=EventType.MediaPlayerBuffering
[22:23:57.692] [Printer] VLC_EVENT=EventType.MediaPlayerBuffering
[22:23:57.726] [Printer] VLC_EVENT=EventType.MediaPlayerBuffering
[22:23:57.779] [Printer] VLC_EVENT=EventType.MediaPlayerBuffering
[22:23:57.831] [Printer] VLC_EVENT=EventType.MediaPlayerBuffering
[22:23:57.879] [Printer] VLC_EVENT=EventType.MediaPlayerBuffering
[22:23:57.934] [Printer] VLC_EVENT=EventType.MediaPlayerBuffering
[22:23:57.953] [Printer] VLC_EVENT=EventType.MediaPlayerBuffering
[22:23:58.029] [Printer] VLC_EVENT=EventType.MediaPlayerBuffering
[22:23:58.030] [Printer] VLC_EVENT=EventType.MediaPlayerBuffering
[22:23:58.060] [Printer] VLC_EVENT=EventType.MediaPlayerBuffering
[22:23:58.101] [Printer] VLC_EVENT=EventType.MediaPlayerBuffering
[22:23:58.142] [Printer] VLC_EVENT=EventType.MediaPlayerBuffering
[22:23:58.202] [Printer] VLC_EVENT=EventType.MediaPlayerBuffering
[22:23:58.206] YOUTUBE_EMBED attached hwnd=272950
[22:23:58.232] [Printer] VLC_EVENT=EventType.MediaPlayerBuffering
[22:23:58.268] [Printer] VLC_EVENT=EventType.MediaPlayerBuffering
[22:23:58.308] [Printer] VLC_EVENT=EventType.MediaPlayerBuffering
[22:23:58.316] YOUTUBE_EMBED attached hwnd=207572
[22:23:58.350] [Printer] VLC_EVENT=EventType.MediaPlayerBuffering
[22:23:58.398] [Printer] VLC_EVENT=EventType.MediaPlayerBuffering
[22:23:58.433] [Printer] VLC_EVENT=EventType.MediaPlayerBuffering
[22:23:58.475] [Printer] VLC_EVENT=EventType.MediaPlayerBuffering
[22:23:58.520] [Printer] VLC_EVENT=EventType.MediaPlayerBuffering
[22:23:58.560] [Printer] VLC_EVENT=EventType.MediaPlayerBuffering
[22:23:58.604] [Printer] VLC_EVENT=EventType.MediaPlayerBuffering
[22:23:58.643] [Printer] VLC_EVENT=EventType.MediaPlayerBuffering
[22:23:58.706] [Printer] VLC_EVENT=EventType.MediaPlayerBuffering
[22:23:58.736] [Printer] VLC_EVENT=EventType.MediaPlayerBuffering
[22:23:58.770] [Printer] VLC_EVENT=EventType.MediaPlayerBuffering
[22:23:58.813] [Printer] VLC_EVENT=EventType.MediaPlayerBuffering
[22:23:58.854] [Printer] VLC_EVENT=EventType.MediaPlayerBuffering
[22:23:58.900] [Printer] VLC_EVENT=EventType.MediaPlayerBuffering
[22:23:58.974] [Printer] VLC_EVENT=EventType.MediaPlayerBuffering
[22:23:58.979] [Printer] VLC_EVENT=EventType.MediaPlayerBuffering
[22:23:58.994] YOUTUBE_EMBED attached hwnd=273078
[22:23:59.018] [Printer] VLC_EVENT=EventType.MediaPlayerBuffering
[22:23:59.063] [Printer] VLC_EVENT=EventType.MediaPlayerBuffering
[22:23:59.101] [Printer] VLC_EVENT=EventType.MediaPlayerBuffering
[22:23:59.154] [Printer] VLC_EVENT=EventType.MediaPlayerBuffering
[22:23:59.200] [Printer] VLC_EVENT=EventType.MediaPlayerBuffering
[22:23:59.201] YOUTUBE_EMBED attached hwnd=273030
[22:23:59.247] [Printer] VLC_EVENT=EventType.MediaPlayerBuffering
[22:23:59.299] [Printer] VLC_EVENT=EventType.MediaPlayerBuffering
[22:23:59.349] [Printer] VLC_EVENT=EventType.MediaPlayerBuffering
[22:23:59.351] [Printer] VLC_EVENT=EventType.MediaPlayerBuffering
[22:23:59.405] YOUTUBE_EMBED attached hwnd=273396
[22:23:59.406] [Printer] VLC_EVENT=EventType.MediaPlayerBuffering
[22:23:59.453] [Printer] VLC_EVENT=EventType.MediaPlayerBuffering
[22:23:59.467] [Printer] VLC_EVENT=EventType.MediaPlayerBuffering
[22:23:59.519] [Printer] VLC_EVENT=EventType.MediaPlayerBuffering
[22:23:59.578] [Printer] VLC_EVENT=EventType.MediaPlayerBuffering
[22:23:59.601] [Printer] VLC_EVENT=EventType.MediaPlayerBuffering
[22:23:59.646] [Printer] VLC_EVENT=EventType.MediaPlayerBuffering
[22:23:59.647] YOUTUBE_EMBED attached hwnd=10825072
[22:23:59.686] [Printer] VLC_EVENT=EventType.MediaPlayerBuffering
[22:23:59.746] [Printer] VLC_EVENT=EventType.MediaPlayerBuffering
[22:23:59.766] [Printer] VLC_EVENT=EventType.MediaPlayerBuffering
[22:23:59.806] [Printer] VLC_EVENT=EventType.MediaPlayerBuffering
[22:23:59.890] [Printer] VLC_EVENT=EventType.MediaPlayerBuffering
[22:23:59.894] [Printer] VLC_EVENT=EventType.MediaPlayerBuffering
[22:23:59.935] [Printer] VLC_EVENT=EventType.MediaPlayerBuffering
[22:23:59.975] [Printer] VLC_EVENT=EventType.MediaPlayerBuffering
[22:24:00.018] YOUTUBE_EMBED attached hwnd=207426
[22:24:00.021] [Printer] VLC_EVENT=EventType.MediaPlayerBuffering
[22:24:00.066] [Printer] VLC_EVENT=EventType.MediaPlayerBuffering
[22:24:00.115] [Printer] VLC_EVENT=EventType.MediaPlayerBuffering
[22:24:00.130] YOUTUBE_EMBED attached hwnd=207468
[22:24:00.142] [Printer] VLC_EVENT=EventType.MediaPlayerBuffering
[22:24:00.184] [Printer] VLC_EVENT=EventType.MediaPlayerBuffering
[22:24:00.225] [Printer] VLC_EVENT=EventType.MediaPlayerBuffering
[22:24:00.275] [Printer] VLC_EVENT=EventType.MediaPlayerBuffering
[22:24:00.335] [Printer] VLC_EVENT=EventType.MediaPlayerBuffering
[22:24:00.350] [Printer] VLC_EVENT=EventType.MediaPlayerBuffering
[22:24:00.391] [Printer] VLC_EVENT=EventType.MediaPlayerBuffering
[22:24:00.433] [Printer] VLC_EVENT=EventType.MediaPlayerBuffering
[22:24:00.476] [Printer] VLC_EVENT=EventType.MediaPlayerBuffering
[22:24:00.517] [Printer] VLC_EVENT=EventType.MediaPlayerBuffering
[22:24:00.563] [Printer] VLC_EVENT=EventType.MediaPlayerBuffering
[22:24:00.608] [Printer] VLC_EVENT=EventType.MediaPlayerBuffering
[22:24:00.647] [Printer] VLC_EVENT=EventType.MediaPlayerBuffering
[22:24:00.689] [Printer] VLC_EVENT=EventType.MediaPlayerBuffering
[22:24:00.725] [Printer] VLC_EVENT=EventType.MediaPlayerBuffering
[22:24:00.767] [Printer] VLC_EVENT=EventType.MediaPlayerBuffering
[22:24:00.809] [Printer] VLC_EVENT=EventType.MediaPlayerBuffering
[22:24:00.853] [Printer] VLC_EVENT=EventType.MediaPlayerBuffering
[22:24:00.903] [Printer] VLC_EVENT=EventType.MediaPlayerBuffering
[22:24:00.934] [Printer] VLC_EVENT=EventType.MediaPlayerBuffering
[22:24:00.977] [Printer] VLC_EVENT=EventType.MediaPlayerBuffering
[22:24:01.017] [Printer] VLC_EVENT=EventType.MediaPlayerBuffering
[22:24:01.066] [Printer] VLC_EVENT=EventType.MediaPlayerBuffering
[22:24:01.099] [Printer] VLC_EVENT=EventType.MediaPlayerBuffering
[22:24:01.143] [Printer] VLC_EVENT=EventType.MediaPlayerBuffering
[22:24:01.207] [Printer] VLC_EVENT=EventType.MediaPlayerBuffering
[22:24:01.255] [Printer] VLC_EVENT=EventType.MediaPlayerBuffering
[22:24:01.266] [Printer] VLC_EVENT=EventType.MediaPlayerBuffering
[22:24:01.315] [Printer] VLC_EVENT=EventType.MediaPlayerBuffering
[22:24:01.363] [Printer] VLC_EVENT=EventType.MediaPlayerBuffering
[22:24:01.410] [Printer] VLC_EVENT=EventType.MediaPlayerBuffering
[22:24:01.459] [Printer] VLC_EVENT=EventType.MediaPlayerBuffering
[22:24:01.503] [Printer] VLC_EVENT=EventType.MediaPlayerBuffering
[22:24:01.549] [Printer] VLC_EVENT=EventType.MediaPlayerBuffering
[22:24:01.551] [Printer] VLC_EVENT=EventType.MediaPlayerBuffering
[22:24:01.612] [Printer] VLC_EVENT=EventType.MediaPlayerBuffering
[22:24:01.659] [Printer] VLC_EVENT=EventType.MediaPlayerBuffering
[22:24:01.683] [Printer] VLC_EVENT=EventType.MediaPlayerBuffering
[22:24:01.730] [Printer] VLC_EVENT=EventType.MediaPlayerBuffering
[22:24:01.768] [Printer] VLC_EVENT=EventType.MediaPlayerBuffering
[22:24:01.816] [Printer] VLC_EVENT=EventType.MediaPlayerBuffering
[22:24:01.848] [Printer] VLC_EVENT=EventType.MediaPlayerBuffering
[22:24:01.890] [Printer] VLC_EVENT=EventType.MediaPlayerBuffering
[22:24:01.929] [Printer] VLC_EVENT=EventType.MediaPlayerBuffering
[22:24:11.212] [Printer] STOP runtime=14.8s
[22:24:11.265] [Printer] VLC_EVENT=EventType.MediaPlayerStopped
[22:24:29.080] [Nerdle] YOUTUBE_ROUTE browser original=https://www.youtube.com/watch
[22:24:29.081] [Nerdle] YOUTUBE_ROUTE browser original=https://www.youtube.com/watch
[22:24:29.082] [Rover 3] YOUTUBE_ROUTE browser original=https://www.youtube.com/watch
[22:24:29.083] [Rover 3] YOUTUBE_ROUTE browser original=https://www.youtube.com/watch
[22:24:29.084] [Rover1] YOUTUBE_ROUTE browser original=https://www.youtube.com/watch
[22:24:29.085] [Rover1] YOUTUBE_ROUTE browser original=https://www.youtube.com/watch
[22:24:29.110] [Nerdle] YOUTUBE_EMBED video_id=B89oRmywnJo
[22:24:29.125] [Nerdle] YOUTUBE_EMBED video_id=B89oRmywnJo
[22:24:29.151] [Rover 3] YOUTUBE_EMBED video_id=TyXUaqscyiU
[22:24:29.164] [Rover 3] YOUTUBE_EMBED video_id=TyXUaqscyiU
[22:24:29.202] [Rover1] YOUTUBE_EMBED video_id=inCQ49QGmqQ
[22:24:29.242] [Rover1] YOUTUBE_EMBED video_id=inCQ49QGmqQ
[22:24:30.922] YOUTUBE_EMBED attached hwnd=273110
[22:24:31.046] YOUTUBE_EMBED attached hwnd=666734
[22:24:31.133] YOUTUBE_EMBED attached hwnd=1846564
[22:24:31.338] YOUTUBE_EMBED attached hwnd=1060456
[22:24:31.523] YOUTUBE_EMBED attached hwnd=1715868
[22:24:31.642] YOUTUBE_EMBED attached hwnd=1519066
[22:25:17.584] [Nerdle] YOUTUBE_ROUTE browser original=https://www.youtube.com/watch
[22:25:17.585] [Nerdle] YOUTUBE_ROUTE browser original=https://www.youtube.com/watch
[22:25:17.586] [Rover 3] YOUTUBE_ROUTE browser original=https://www.youtube.com/watch
[22:25:17.587] [Rover 3] YOUTUBE_ROUTE browser original=https://www.youtube.com/watch
[22:25:17.588] [Rover1] YOUTUBE_ROUTE browser original=https://www.youtube.com/watch
[22:25:17.589] [Rover1] YOUTUBE_ROUTE browser original=https://www.youtube.com/watch
[22:25:17.590] [Rover1] YOUTUBE_ROUTE browser original=https://www.youtube.com/watch
[22:25:17.592] [Rover 3] YOUTUBE_ROUTE browser original=https://www.youtube.com/watch
[22:25:17.592] [Nerdle] YOUTUBE_ROUTE browser original=https://www.youtube.com/watch
[22:25:17.616] [Nerdle] YOUTUBE_EMBED video_id=B89oRmywnJo
[22:25:17.628] [Nerdle] YOUTUBE_EMBED video_id=B89oRmywnJo
[22:25:17.685] [Rover 3] YOUTUBE_EMBED video_id=TyXUaqscyiU
[22:25:17.697] [Rover 3] YOUTUBE_EMBED video_id=TyXUaqscyiU
[22:25:17.736] [Rover1] YOUTUBE_EMBED video_id=inCQ49QGmqQ
[22:25:17.783] [Rover1] YOUTUBE_EMBED video_id=inCQ49QGmqQ
[22:25:17.840] [Rover1] YOUTUBE_EMBED video_id=inCQ49QGmqQ
[22:25:17.936] [Rover 3] YOUTUBE_EMBED video_id=TyXUaqscyiU
[22:25:18.041] [Nerdle] YOUTUBE_EMBED video_id=B89oRmywnJo
[22:25:19.609] YOUTUBE_EMBED attached hwnd=798450
[22:25:19.791] YOUTUBE_EMBED attached hwnd=338716
[22:25:19.940] YOUTUBE_EMBED attached hwnd=4205874
[22:25:20.160] YOUTUBE_EMBED attached hwnd=404122
[22:25:20.437] YOUTUBE_EMBED attached hwnd=338722
[22:25:20.635] YOUTUBE_EMBED attached hwnd=863516
[22:25:20.864] YOUTUBE_EMBED attached hwnd=404398
[22:25:21.301] YOUTUBE_EMBED attached hwnd=863194
[22:25:21.609] YOUTUBE_EMBED attached hwnd=1060136
[22:26:48.777] [Nerdle] YOUTUBE_ROUTE browser original=https://www.youtube.com/watch
[22:26:48.778] [Nerdle] YOUTUBE_ROUTE browser original=https://www.youtube.com/watch
[22:26:48.780] [Rover 3] YOUTUBE_ROUTE browser original=https://www.youtube.com/watch
[22:26:48.781] [Rover 3] YOUTUBE_ROUTE browser original=https://www.youtube.com/watch
[22:26:48.782] [Rover1] YOUTUBE_ROUTE browser original=https://www.youtube.com/watch
[22:26:48.783] [Rover1] YOUTUBE_ROUTE browser original=https://www.youtube.com/watch
[22:26:48.784] [Rover1] YOUTUBE_ROUTE browser original=https://www.youtube.com/watch
[22:26:48.785] [Rover 3] YOUTUBE_ROUTE browser original=https://www.youtube.com/watch
[22:26:48.786] [Nerdle] YOUTUBE_ROUTE browser original=https://www.youtube.com/watch
[22:26:48.834] [Nerdle] YOUTUBE_EMBED video_id=B89oRmywnJo
[22:26:49.504] [Nerdle] YOUTUBE_EMBED video_id=B89oRmywnJo
[22:26:50.247] [Rover 3] YOUTUBE_EMBED video_id=TyXUaqscyiU
[22:26:51.051] [Rover 3] YOUTUBE_EMBED video_id=TyXUaqscyiU
[22:26:52.174] [Rover1] YOUTUBE_EMBED video_id=inCQ49QGmqQ
[22:26:54.417] [Rover1] YOUTUBE_EMBED video_id=inCQ49QGmqQ
[22:26:56.881] [Rover 3] YOUTUBE_EMBED video_id=TyXUaqscyiU
[22:27:02.056] [Rover1] YOUTUBE_EMBED video_id=inCQ49QGmqQ
[22:27:05.557] [Nerdle] YOUTUBE_EMBED video_id=B89oRmywnJo
[22:27:09.663] YOUTUBE_EMBED attached hwnd=2108672
[22:27:09.758] YOUTUBE_EMBED attached hwnd=13512554
[22:27:09.839] YOUTUBE_EMBED attached hwnd=469926
[22:27:09.946] YOUTUBE_EMBED attached hwnd=207330
[22:27:10.065] YOUTUBE_EMBED attached hwnd=469596
[22:27:10.151] YOUTUBE_EMBED attached hwnd=1249446
[22:27:10.253] YOUTUBE_EMBED attached hwnd=797834
[22:27:10.366] YOUTUBE_EMBED attached hwnd=1977636
[22:27:11.785] YOUTUBE_EMBED attached hwnd=1256518
[22:29:53.036] [Nerdle] YOUTUBE_ROUTE browser original=https://www.youtube.com/watch
[22:29:53.037] [Nerdle] YOUTUBE_ROUTE browser original=https://www.youtube.com/watch
[22:29:53.039] [Rover 3] YOUTUBE_ROUTE browser original=https://www.youtube.com/watch
[22:29:53.039] [Rover 3] YOUTUBE_ROUTE browser original=https://www.youtube.com/watch
[22:29:53.040] [Rover1] YOUTUBE_ROUTE browser original=https://www.youtube.com/watch
[22:29:53.041] [Rover1] YOUTUBE_ROUTE browser original=https://www.youtube.com/watch
[22:29:53.042] [Rover1] YOUTUBE_ROUTE browser original=https://www.youtube.com/watch
[22:29:53.043] [Rover 3] YOUTUBE_ROUTE browser original=https://www.youtube.com/watch
[22:29:53.044] [Nerdle] YOUTUBE_ROUTE browser original=https://www.youtube.com/watch
[22:29:53.083] [Nerdle] YOUTUBE_EMBED video_id=B89oRmywnJo
[22:29:53.751] [Nerdle] YOUTUBE_EMBED video_id=B89oRmywnJo
[22:29:54.488] [Rover 3] YOUTUBE_EMBED video_id=TyXUaqscyiU
[22:29:55.307] [Rover 3] YOUTUBE_EMBED video_id=TyXUaqscyiU
[22:29:56.351] [Rover1] YOUTUBE_EMBED video_id=inCQ49QGmqQ
[22:29:58.700] [Rover1] YOUTUBE_EMBED video_id=inCQ49QGmqQ
[22:30:01.716] [Rover1] YOUTUBE_EMBED video_id=inCQ49QGmqQ
[22:30:05.643] [Rover 3] YOUTUBE_EMBED video_id=TyXUaqscyiU
[22:30:10.625] YOUTUBE_EMBED attached hwnd=1387700
[22:30:10.670] YOUTUBE_EMBED attached hwnd=600718
[22:30:10.707] YOUTUBE_EMBED attached hwnd=601276
[22:30:10.741] YOUTUBE_EMBED attached hwnd=1388022
[22:30:10.795] YOUTUBE_EMBED attached hwnd=1846330
[22:30:10.836] YOUTUBE_EMBED attached hwnd=2174208
[22:30:10.870] YOUTUBE_EMBED attached hwnd=1650390
[22:30:10.881] [Nerdle] YOUTUBE_EMBED video_id=B89oRmywnJo
[22:30:13.096] YOUTUBE_EMBED attached hwnd=1191542
[22:30:16.268] YOUTUBE_EMBED attached hwnd=535462
[22:34:28.726] [Nerdle] YOUTUBE_ROUTE browser original=https://www.youtube.com/watch
[22:34:28.728] [Nerdle] YOUTUBE_ROUTE browser original=https://www.youtube.com/watch
[22:34:28.729] [Rover 3] YOUTUBE_ROUTE browser original=https://www.youtube.com/watch
[22:34:28.730] [Rover 3] YOUTUBE_ROUTE browser original=https://www.youtube.com/watch
[22:34:28.731] [Rover1] YOUTUBE_ROUTE browser original=https://www.youtube.com/watch
[22:34:28.732] [Rover1] YOUTUBE_ROUTE browser original=https://www.youtube.com/watch
[22:34:28.733] [Rover1] YOUTUBE_ROUTE browser original=https://www.youtube.com/watch
[22:34:28.734] [Rover 3] YOUTUBE_ROUTE browser original=https://www.youtube.com/watch
[22:34:28.735] [Nerdle] YOUTUBE_ROUTE browser original=https://www.youtube.com/watch
[22:34:28.761] [Nerdle] YOUTUBE_EMBED video_id=B89oRmywnJo
[22:34:29.468] [Nerdle] YOUTUBE_EMBED video_id=B89oRmywnJo
[22:34:30.221] [Rover 3] YOUTUBE_EMBED video_id=TyXUaqscyiU
[22:34:31.032] [Rover1] YOUTUBE_EMBED video_id=inCQ49QGmqQ
[22:34:32.106] [Rover1] YOUTUBE_EMBED video_id=inCQ49QGmqQ
[22:34:34.414] [Rover1] YOUTUBE_EMBED video_id=inCQ49QGmqQ
[22:34:36.863] [Rover 3] YOUTUBE_EMBED video_id=TyXUaqscyiU
[22:34:42.088] [Rover 3] YOUTUBE_EMBED video_id=TyXUaqscyiU
[22:34:45.590] [Nerdle] YOUTUBE_EMBED video_id=B89oRmywnJo
[22:34:47.010] YOUTUBE_EMBED attached hwnd=1978232
[22:34:47.121] YOUTUBE_EMBED attached hwnd=13643626
[22:34:47.211] YOUTUBE_EMBED attached hwnd=535112
[22:34:47.327] YOUTUBE_EMBED attached hwnd=535126
[22:34:47.460] YOUTUBE_EMBED attached hwnd=469674
[22:34:47.584] YOUTUBE_EMBED attached hwnd=2239860
[22:34:47.674] YOUTUBE_EMBED attached hwnd=403948
[22:34:48.155] YOUTUBE_EMBED attached hwnd=600768
[22:34:50.173] YOUTUBE_EMBED attached hwnd=600744
[22:35:22.451] [Nerdle] YOUTUBE_ROUTE browser original=https://www.youtube.com/watch
[22:35:22.453] [Nerdle] YOUTUBE_ROUTE browser original=https://www.youtube.com/watch
[22:35:22.454] [Rover 3] YOUTUBE_ROUTE browser original=https://www.youtube.com/watch
[22:35:22.455] [Rover 3] YOUTUBE_ROUTE browser original=https://www.youtube.com/watch
[22:35:22.456] [Rover1] YOUTUBE_ROUTE browser original=https://www.youtube.com/watch
[22:35:22.457] [Rover1] YOUTUBE_ROUTE browser original=https://www.youtube.com/watch
[22:35:22.458] [Rover1] YOUTUBE_ROUTE browser original=https://www.youtube.com/watch
[22:35:22.459] [Rover 3] YOUTUBE_ROUTE browser original=https://www.youtube.com/watch
[22:35:22.483] [Nerdle] YOUTUBE_EMBED video_id=B89oRmywnJo
[22:35:23.183] [Nerdle] YOUTUBE_EMBED video_id=B89oRmywnJo
[22:35:23.942] [Rover 3] YOUTUBE_EMBED video_id=TyXUaqscyiU
[22:35:24.753] [Rover1] YOUTUBE_EMBED video_id=inCQ49QGmqQ
[22:35:25.835] [Rover 3] YOUTUBE_EMBED video_id=TyXUaqscyiU
[22:35:28.149] [Rover1] YOUTUBE_EMBED video_id=inCQ49QGmqQ
[22:35:30.642] [Rover1] YOUTUBE_EMBED video_id=inCQ49QGmqQ
[22:35:33.746] YOUTUBE_EMBED attached hwnd=2623552
[22:35:33.871] YOUTUBE_EMBED attached hwnd=797518
[22:35:33.970] YOUTUBE_EMBED attached hwnd=666372
[22:35:34.115] YOUTUBE_EMBED attached hwnd=469498
[22:35:34.264] YOUTUBE_EMBED attached hwnd=862844
[22:35:34.364] YOUTUBE_EMBED attached hwnd=2567914
[22:35:34.382] [Rover 3] YOUTUBE_EMBED video_id=TyXUaqscyiU
[22:35:36.602] YOUTUBE_EMBED attached hwnd=1191674
[22:35:37.386] YOUTUBE_EMBED attached hwnd=1453460
[22:36:01.536] [Nerdle] YOUTUBE_ROUTE browser original=https://www.youtube.com/watch
[22:36:01.537] [Nerdle] YOUTUBE_ROUTE browser original=https://www.youtube.com/watch
[22:36:01.538] [Rover 3] YOUTUBE_ROUTE browser original=https://www.youtube.com/watch
[22:36:01.539] [Rover 3] YOUTUBE_ROUTE browser original=https://www.youtube.com/watch
[22:36:01.540] [Rover1] YOUTUBE_ROUTE browser original=https://www.youtube.com/watch
[22:36:01.541] [Rover1] YOUTUBE_ROUTE browser original=https://www.youtube.com/watch
[22:36:01.543] [Rover1] YOUTUBE_ROUTE browser original=https://www.youtube.com/watch
[22:36:01.581] [Nerdle] YOUTUBE_EMBED video_id=B89oRmywnJo
[22:36:02.277] [Nerdle] YOUTUBE_EMBED video_id=B89oRmywnJo
[22:36:03.040] [Rover 3] YOUTUBE_EMBED video_id=TyXUaqscyiU
[22:36:03.864] [Rover 3] YOUTUBE_EMBED video_id=TyXUaqscyiU
[22:36:04.972] [Rover1] YOUTUBE_EMBED video_id=inCQ49QGmqQ
[22:36:07.270] [Rover1] YOUTUBE_EMBED video_id=inCQ49QGmqQ
[22:36:09.833] YOUTUBE_EMBED attached hwnd=994114
[22:36:09.868] YOUTUBE_EMBED attached hwnd=928336
[22:36:09.898] YOUTUBE_EMBED attached hwnd=732148
[22:36:09.923] YOUTUBE_EMBED attached hwnd=469514
[22:36:09.951] YOUTUBE_EMBED attached hwnd=928934
[22:36:09.959] [Rover1] YOUTUBE_EMBED video_id=inCQ49QGmqQ
[22:36:15.173] YOUTUBE_EMBED attached hwnd=2425558
[22:36:16.688] YOUTUBE_EMBED attached hwnd=3485252
[22:42:57.888] [Nerdle] RESOLVE_FEED starting original=https://www.youtube.com/watch
[22:42:57.889] RESOLVE starting original=https://www.youtube.com/watch
[22:42:57.890] [Nerdle] RESOLVE_FEED starting original=https://www.youtube.com/watch
[22:42:57.890] RESOLVE starting original=https://www.youtube.com/watch
[22:42:57.891] [Rover 3] RESOLVE_FEED starting original=https://www.youtube.com/watch
[22:42:57.892] RESOLVE starting original=https://www.youtube.com/watch
[22:42:57.892] [Rover 3] RESOLVE_FEED starting original=https://www.youtube.com/watch
[22:42:57.893] RESOLVE starting original=https://www.youtube.com/watch
[22:42:57.894] [Rover1] RESOLVE_FEED starting original=https://www.youtube.com/watch
[22:42:57.894] RESOLVE starting original=https://www.youtube.com/watch
[22:42:57.895] [Rover1] RESOLVE_FEED starting original=https://www.youtube.com/watch
[22:42:57.896] RESOLVE starting original=https://www.youtube.com/watch
[22:42:57.896] [Rover1] RESOLVE_FEED starting original=https://www.youtube.com/watch
[22:42:57.897] RESOLVE starting original=https://www.youtube.com/watch
[22:42:57.919] [Nerdle] STREAM_START original=https://www.youtube.com/watch
[22:42:58.072] [Nerdle] SET_MEDIA url=https://www.youtube.com/watch url_status=new
[22:42:58.074] [Nerdle] MEDIA_CREATED url=https://www.youtube.com/watch
[22:42:58.075] [Nerdle] STATE=State.NothingSpecial position=-0.0s
[22:42:58.078] [Rover 3] STREAM_START original=https://www.youtube.com/watch
[22:42:58.096] [Rover 3] SET_MEDIA url=https://www.youtube.com/watch url_status=new
[22:42:58.098] [Rover 3] MEDIA_CREATED url=https://www.youtube.com/watch
[22:42:58.099] [Rover 3] STATE=State.NothingSpecial position=-0.0s
[22:42:58.101] [Nerdle] STREAM_START original=https://www.youtube.com/watch
[22:42:58.120] [Nerdle] SET_MEDIA url=https://www.youtube.com/watch url_status=new
[22:42:58.122] [Nerdle] MEDIA_CREATED url=https://www.youtube.com/watch
[22:42:58.123] [Nerdle] STATE=State.NothingSpecial position=-0.0s
[22:42:58.128] [Rover 3] STREAM_START original=https://www.youtube.com/watch
[22:42:58.147] [Rover 3] SET_MEDIA url=https://www.youtube.com/watch url_status=new
[22:42:58.150] [Rover 3] MEDIA_CREATED url=https://www.youtube.com/watch
[22:42:58.150] [Rover 3] STATE=State.NothingSpecial position=-0.0s
[22:42:58.154] [Rover1] STREAM_START original=https://www.youtube.com/watch
[22:42:58.175] [Rover1] SET_MEDIA url=https://www.youtube.com/watch url_status=new
[22:42:58.177] [Rover1] MEDIA_CREATED url=https://www.youtube.com/watch
[22:42:58.178] [Rover1] STATE=State.NothingSpecial position=-0.0s
[22:42:58.181] [Rover1] STREAM_START original=https://www.youtube.com/watch
[22:42:58.200] [Rover1] SET_MEDIA url=https://www.youtube.com/watch url_status=new
[22:42:58.202] [Rover1] MEDIA_CREATED url=https://www.youtube.com/watch
[22:42:58.202] [Rover1] STATE=State.NothingSpecial position=-0.0s
[22:42:58.443] [Nerdle] PLAY requested runtime=0.4s
[22:42:58.444] [Rover 3] PLAY requested runtime=0.3s
[22:42:58.445] [Nerdle] VLC_EVENT=EventType.MediaPlayerOpening
[22:42:58.446] [Nerdle] VLC_EVENT=EventType.MediaPlayerBuffering
[22:42:58.445] [Rover 3] VLC_EVENT=EventType.MediaPlayerOpening
[22:42:58.447] [Rover 3] VLC_EVENT=EventType.MediaPlayerBuffering
[22:42:58.448] [Rover1] STREAM_START original=https://www.youtube.com/watch
[22:42:58.467] [Rover1] SET_MEDIA url=https://www.youtube.com/watch url_status=new
[22:42:58.469] [Rover1] MEDIA_CREATED url=https://www.youtube.com/watch
[22:42:58.470] [Rover1] STATE=State.NothingSpecial position=-0.0s
[22:42:58.584] [Rover 3] VLC_EVENT=EventType.MediaPlayerPlaying
[22:42:58.589] [Nerdle] VLC_EVENT=EventType.MediaPlayerPlaying
[22:42:58.670] [Nerdle] PLAY requested runtime=0.5s
[22:42:58.671] [Rover 3] PLAY requested runtime=0.5s
[22:42:58.671] [Rover1] PLAY requested runtime=0.5s
[22:42:58.672] [Nerdle] VLC_EVENT=EventType.MediaPlayerOpening
[22:42:58.672] [Nerdle] VLC_EVENT=EventType.MediaPlayerBuffering
[22:42:58.672] [Rover1] PLAY requested runtime=0.5s
[22:42:58.673] [Rover 3] VLC_EVENT=EventType.MediaPlayerOpening
[22:42:58.674] [Rover 3] VLC_EVENT=EventType.MediaPlayerBuffering
[22:42:58.673] [Rover1] VLC_EVENT=EventType.MediaPlayerOpening
[22:42:58.674] [Rover1] VLC_EVENT=EventType.MediaPlayerOpening
[22:42:58.675] [Rover1] VLC_EVENT=EventType.MediaPlayerBuffering
[22:42:58.675] [Rover1] PLAY requested runtime=0.2s
[22:42:58.675] [Rover1] VLC_EVENT=EventType.MediaPlayerBuffering
[22:42:58.677] [Nerdle] STATE=State.Playing position=0.0s
[22:42:58.677] [Rover 3] STATE=State.Playing position=0.0s
[22:42:58.678] [Nerdle] STATE=State.Opening position=0.0s
[22:42:58.678] [Rover1] VLC_EVENT=EventType.MediaPlayerOpening
[22:42:58.678] [Rover 3] STATE=State.Opening position=0.0s
[22:42:58.679] [Rover1] VLC_EVENT=EventType.MediaPlayerBuffering
[22:42:58.680] [Rover1] STATE=State.Opening position=0.0s
[22:42:58.703] [Rover1] STATE=State.Opening position=0.0s
[22:42:58.772] [Rover 3] VLC_EVENT=EventType.MediaPlayerPlaying
[22:42:58.776] [Nerdle] VLC_EVENT=EventType.MediaPlayerPlaying
[22:42:58.788] [Rover1] VLC_EVENT=EventType.MediaPlayerPlaying
[22:42:58.795] [Rover1] VLC_EVENT=EventType.MediaPlayerPlaying
[22:42:58.801] [Rover1] VLC_EVENT=EventType.MediaPlayerPlaying
[22:42:58.970] [Rover1] STATE=State.Playing position=0.0s
[22:42:59.178] [Nerdle] STATE=State.Playing position=0.0s
[22:42:59.179] [Rover 3] STATE=State.Playing position=0.0s
[22:42:59.180] [Rover1] STATE=State.Playing position=0.0s
[22:42:59.204] [Rover1] STATE=State.Playing position=0.0s
[22:42:59.383] [Rover1] VLC_EVENT=EventType.MediaPlayerEndReached
[22:42:59.388] [Rover1] VLC_EVENT=EventType.MediaPlayerStopped
[22:42:59.400] [Rover 3] VLC_EVENT=EventType.MediaPlayerEndReached
[22:42:59.404] [Rover 3] VLC_EVENT=EventType.MediaPlayerStopped
[22:42:59.472] [Rover 3] VLC_EVENT=EventType.MediaPlayerEndReached
[22:42:59.477] [Rover 3] VLC_EVENT=EventType.MediaPlayerStopped
[22:42:59.538] [Nerdle] VLC_EVENT=EventType.MediaPlayerEndReached
[22:42:59.543] [Nerdle] VLC_EVENT=EventType.MediaPlayerStopped
[22:42:59.616] [Nerdle] VLC_EVENT=EventType.MediaPlayerEndReached
[22:42:59.621] [Nerdle] VLC_EVENT=EventType.MediaPlayerStopped
[22:42:59.677] [Nerdle] STATE=State.Ended position=0.0s
[22:42:59.678] [Nerdle] RECONNECT reason=VLC_STATE.ENDED runtime=1.6s
[22:42:59.678] [Nerdle] LOCAL_RESTART requested
[22:42:59.679] [Nerdle] VLC_EVENT=EventType.MediaPlayerStopped
[22:42:59.680] [Rover 3] STATE=State.Ended position=0.0s
[22:42:59.680] [Rover 3] RECONNECT reason=VLC_STATE.ENDED runtime=1.6s
[22:42:59.680] [Rover 3] LOCAL_RESTART requested
[22:42:59.681] [Nerdle] VLC_EVENT=EventType.MediaPlayerOpening
[22:42:59.681] [Rover 3] VLC_EVENT=EventType.MediaPlayerStopped
[22:42:59.681] [Nerdle] VLC_EVENT=EventType.MediaPlayerBuffering
[22:42:59.682] [Nerdle] STATE=State.Ended position=0.0s
[22:42:59.683] [Nerdle] RECONNECT reason=VLC_STATE.ENDED runtime=1.6s
[22:42:59.683] [Nerdle] LOCAL_RESTART requested
[22:42:59.683] [Rover 3] VLC_EVENT=EventType.MediaPlayerOpening
[22:42:59.684] [Nerdle] VLC_EVENT=EventType.MediaPlayerStopped
[22:42:59.684] [Rover 3] VLC_EVENT=EventType.MediaPlayerBuffering
[22:42:59.685] [Rover 3] STATE=State.Ended position=0.0s
[22:42:59.685] [Rover 3] RECONNECT reason=VLC_STATE.ENDED runtime=1.5s
[22:42:59.686] [Rover 3] LOCAL_RESTART requested
[22:42:59.686] [Nerdle] VLC_EVENT=EventType.MediaPlayerOpening
[22:42:59.686] [Rover 3] VLC_EVENT=EventType.MediaPlayerStopped
[22:42:59.687] [Nerdle] VLC_EVENT=EventType.MediaPlayerBuffering
[22:42:59.688] [Rover1] STATE=State.Ended position=0.0s
[22:42:59.688] [Rover1] RECONNECT reason=VLC_STATE.ENDED runtime=1.5s
[22:42:59.689] [Rover1] LOCAL_RESTART requested
[22:42:59.688] [Rover 3] VLC_EVENT=EventType.MediaPlayerOpening
[22:42:59.689] [Rover1] VLC_EVENT=EventType.MediaPlayerStopped
[22:42:59.689] [Rover 3] VLC_EVENT=EventType.MediaPlayerBuffering
[22:42:59.691] [Rover1] VLC_EVENT=EventType.MediaPlayerOpening
[22:42:59.691] [Rover1] VLC_EVENT=EventType.MediaPlayerBuffering
[22:42:59.786] [Rover 3] VLC_EVENT=EventType.MediaPlayerPlaying
[22:42:59.807] [Nerdle] VLC_EVENT=EventType.MediaPlayerPlaying
[22:42:59.808] [Rover 3] VLC_EVENT=EventType.MediaPlayerPlaying
[22:42:59.828] [Rover1] VLC_EVENT=EventType.MediaPlayerPlaying
[22:42:59.830] [Rover1] VLC_EVENT=EventType.MediaPlayerEndReached
[22:42:59.835] [Rover1] VLC_EVENT=EventType.MediaPlayerStopped
[22:42:59.836] [Nerdle] VLC_EVENT=EventType.MediaPlayerPlaying
[22:42:59.895] [Rover1] VLC_EVENT=EventType.MediaPlayerEndReached
[22:42:59.900] [Rover1] VLC_EVENT=EventType.MediaPlayerStopped
[22:42:59.971] [Rover1] STATE=State.Ended position=0.0s
[22:42:59.972] [Rover1] RECONNECT reason=VLC_STATE.ENDED runtime=1.5s
[22:42:59.972] [Rover1] LOCAL_RESTART requested
[22:42:59.972] [Rover1] VLC_EVENT=EventType.MediaPlayerStopped
[22:42:59.974] [Rover1] VLC_EVENT=EventType.MediaPlayerOpening
[22:42:59.975] [Rover1] VLC_EVENT=EventType.MediaPlayerBuffering
[22:43:00.114] [Rover1] VLC_EVENT=EventType.MediaPlayerPlaying
[22:43:00.205] [Rover1] STATE=State.Ended position=0.0s
[22:43:00.206] [Rover1] RECONNECT reason=VLC_STATE.ENDED runtime=2.0s
[22:43:00.206] [Rover1] LOCAL_RESTART requested
[22:43:00.206] [Rover1] VLC_EVENT=EventType.MediaPlayerStopped
[22:43:00.208] [Rover1] VLC_EVENT=EventType.MediaPlayerOpening
[22:43:00.209] [Rover1] VLC_EVENT=EventType.MediaPlayerBuffering
[22:43:00.331] [Rover1] VLC_EVENT=EventType.MediaPlayerPlaying
[22:43:00.377] [Nerdle] VLC_EVENT=EventType.MediaPlayerEndReached
[22:43:00.382] [Nerdle] VLC_EVENT=EventType.MediaPlayerStopped
[22:43:00.437] [Rover 3] VLC_EVENT=EventType.MediaPlayerEndReached
[22:43:00.441] [Rover 3] VLC_EVENT=EventType.MediaPlayerStopped
[22:43:00.579] [Rover 3] VLC_EVENT=EventType.MediaPlayerEndReached
[22:43:00.584] [Rover 3] VLC_EVENT=EventType.MediaPlayerStopped
[22:43:00.828] [Rover1] VLC_EVENT=EventType.MediaPlayerEndReached
[22:43:00.833] [Rover1] VLC_EVENT=EventType.MediaPlayerStopped
[22:43:00.954] [Nerdle] VLC_EVENT=EventType.MediaPlayerEndReached
[22:43:00.959] [Nerdle] VLC_EVENT=EventType.MediaPlayerStopped
[22:43:00.996] [Rover1] VLC_EVENT=EventType.MediaPlayerEndReached
[22:43:01.001] [Rover1] VLC_EVENT=EventType.MediaPlayerStopped
[22:43:01.368] [Rover1] VLC_EVENT=EventType.MediaPlayerEndReached
[22:43:01.373] [Rover1] VLC_EVENT=EventType.MediaPlayerStopped
[22:43:04.681] [Nerdle] RESOLVE_RECONNECT starting original=https://www.youtube.com/watch
[22:43:04.681] RESOLVE starting original=https://www.youtube.com/watch
[22:43:04.683] [Rover 3] RESOLVE_RECONNECT starting original=https://www.youtube.com/watch
[22:43:04.684] RESOLVE starting original=https://www.youtube.com/watch
[22:43:04.684] [Nerdle] RECONNECT_APPLY url=https://www.youtube.com/watch
[22:43:04.685] [Nerdle] SET_MEDIA url=https://www.youtube.com/watch url_status=same
[22:43:04.685] [Nerdle] VLC_EVENT=EventType.MediaPlayerStopped
[22:43:04.686] [Nerdle] MEDIA_CREATED url=https://www.youtube.com/watch
[22:43:04.687] [Nerdle] VLC_EVENT=EventType.MediaPlayerOpening
[22:43:04.688] [Nerdle] RESOLVE_RECONNECT starting original=https://www.youtube.com/watch
[22:43:04.689] RESOLVE starting original=https://www.youtube.com/watch
[22:43:04.688] [Nerdle] VLC_EVENT=EventType.MediaPlayerBuffering
[22:43:04.690] [Rover 3] RESOLVE_RECONNECT starting original=https://www.youtube.com/watch
[22:43:04.691] RESOLVE starting original=https://www.youtube.com/watch
[22:43:04.690] [Rover 3] RECONNECT_APPLY url=https://www.youtube.com/watch
[22:43:04.691] [Rover 3] SET_MEDIA url=https://www.youtube.com/watch url_status=same
[22:43:04.692] [Rover 3] VLC_EVENT=EventType.MediaPlayerStopped
[22:43:04.692] [Rover 3] MEDIA_CREATED url=https://www.youtube.com/watch
[22:43:04.694] [Rover 3] VLC_EVENT=EventType.MediaPlayerOpening
[22:43:04.694] [Rover 3] VLC_EVENT=EventType.MediaPlayerBuffering
[22:43:04.695] [Rover1] RESOLVE_RECONNECT starting original=https://www.youtube.com/watch
[22:43:04.696] RESOLVE starting original=https://www.youtube.com/watch
[22:43:04.696] [Nerdle] RECONNECT_APPLY url=https://www.youtube.com/watch
[22:43:04.697] [Nerdle] SET_MEDIA url=https://www.youtube.com/watch url_status=same
[22:43:04.698] [Nerdle] VLC_EVENT=EventType.MediaPlayerStopped
[22:43:04.698] [Nerdle] MEDIA_CREATED url=https://www.youtube.com/watch
[22:43:04.699] [Rover 3] RECONNECT_APPLY url=https://www.youtube.com/watch
[22:43:04.699] [Rover 3] SET_MEDIA url=https://www.youtube.com/watch url_status=same
[22:43:04.700] [Nerdle] VLC_EVENT=EventType.MediaPlayerOpening
[22:43:04.700] [Nerdle] VLC_EVENT=EventType.MediaPlayerBuffering
[22:43:04.700] [Rover 3] VLC_EVENT=EventType.MediaPlayerStopped
[22:43:04.701] [Rover 3] MEDIA_CREATED url=https://www.youtube.com/watch
[22:43:04.702] [Rover1] RECONNECT_APPLY url=https://www.youtube.com/watch
[22:43:04.702] [Rover1] SET_MEDIA url=https://www.youtube.com/watch url_status=same
[22:43:04.703] [Rover 3] VLC_EVENT=EventType.MediaPlayerOpening
[22:43:04.703] [Rover1] VLC_EVENT=EventType.MediaPlayerStopped
[22:43:04.703] [Rover 3] VLC_EVENT=EventType.MediaPlayerBuffering
[22:43:04.704] [Rover1] MEDIA_CREATED url=https://www.youtube.com/watch
[22:43:04.706] [Rover1] VLC_EVENT=EventType.MediaPlayerOpening
[22:43:04.707] [Rover1] VLC_EVENT=EventType.MediaPlayerBuffering
[22:43:04.805] [Nerdle] VLC_EVENT=EventType.MediaPlayerPlaying
[22:43:04.806] [Nerdle] VLC_EVENT=EventType.MediaPlayerPlaying
[22:43:04.809] [Rover 3] VLC_EVENT=EventType.MediaPlayerPlaying
[22:43:04.813] [Rover 3] VLC_EVENT=EventType.MediaPlayerPlaying
[22:43:04.818] [Rover1] VLC_EVENT=EventType.MediaPlayerPlaying
[22:43:04.974] [Rover1] RESOLVE_RECONNECT starting original=https://www.youtube.com/watch
[22:43:04.975] RESOLVE starting original=https://www.youtube.com/watch
[22:43:04.976] [Rover1] RECONNECT_APPLY url=https://www.youtube.com/watch
[22:43:04.976] [Rover1] SET_MEDIA url=https://www.youtube.com/watch url_status=same
[22:43:04.977] [Rover1] VLC_EVENT=EventType.MediaPlayerStopped
[22:43:04.978] [Rover1] MEDIA_CREATED url=https://www.youtube.com/watch
[22:43:04.979] [Rover1] STATE=State.NothingSpecial position=0.0s
[22:43:04.979] [Rover1] VLC_EVENT=EventType.MediaPlayerOpening
[22:43:04.980] [Rover1] VLC_EVENT=EventType.MediaPlayerBuffering
[22:43:05.096] [Rover1] VLC_EVENT=EventType.MediaPlayerPlaying
[22:43:05.182] [Nerdle] STATE=State.Playing position=0.0s
[22:43:05.183] [Rover 3] STATE=State.Playing position=0.0s
[22:43:05.189] [Nerdle] STATE=State.Playing position=0.0s
[22:43:05.190] [Rover 3] STATE=State.Playing position=0.0s
[22:43:05.196] [Rover1] STATE=State.Playing position=0.0s
[22:43:05.208] [Rover1] RESOLVE_RECONNECT starting original=https://www.youtube.com/watch
[22:43:05.209] RESOLVE starting original=https://www.youtube.com/watch
[22:43:05.210] [Rover1] RECONNECT_APPLY url=https://www.youtube.com/watch
[22:43:05.211] [Rover1] SET_MEDIA url=https://www.youtube.com/watch url_status=same
[22:43:05.211] [Rover1] VLC_EVENT=EventType.MediaPlayerStopped
[22:43:05.211] [Rover1] MEDIA_CREATED url=https://www.youtube.com/watch
[22:43:05.213] [Rover1] VLC_EVENT=EventType.MediaPlayerOpening
[22:43:05.213] [Rover1] VLC_EVENT=EventType.MediaPlayerBuffering
[22:43:05.305] [Rover1] VLC_EVENT=EventType.MediaPlayerPlaying
[22:43:05.419] [Rover 3] VLC_EVENT=EventType.MediaPlayerEndReached
[22:43:05.423] [Rover 3] VLC_EVENT=EventType.MediaPlayerStopped
[22:43:05.479] [Rover1] STATE=State.Playing position=0.0s
[22:43:05.547] [Rover1] VLC_EVENT=EventType.MediaPlayerEndReached
[22:43:05.551] [Rover1] VLC_EVENT=EventType.MediaPlayerStopped
[22:43:05.583] [Rover 3] VLC_EVENT=EventType.MediaPlayerEndReached
[22:43:05.589] [Rover 3] VLC_EVENT=EventType.MediaPlayerStopped
[22:43:05.659] [Nerdle] VLC_EVENT=EventType.MediaPlayerEndReached
[22:43:05.665] [Nerdle] VLC_EVENT=EventType.MediaPlayerStopped
[22:43:05.684] [Rover 3] STATE=State.Ended position=0.0s
[22:43:05.685] [Rover 3] RECONNECT reason=VLC_STATE.ENDED runtime=7.6s
[22:43:05.685] [Rover 3] LOCAL_RESTART requested
[22:43:05.685] [Rover 3] VLC_EVENT=EventType.MediaPlayerStopped
[22:43:05.687] [Rover 3] VLC_EVENT=EventType.MediaPlayerOpening
[22:43:05.687] [Rover 3] VLC_EVENT=EventType.MediaPlayerBuffering
[22:43:05.690] [Nerdle] STATE=State.Ended position=0.0s
[22:43:05.690] [Nerdle] RECONNECT reason=VLC_STATE.ENDED runtime=7.6s
[22:43:05.690] [Nerdle] LOCAL_RESTART requested
[22:43:05.691] [Nerdle] VLC_EVENT=EventType.MediaPlayerStopped
[22:43:05.691] [Rover 3] STATE=State.Ended position=0.0s
[22:43:05.692] [Rover 3] RECONNECT reason=VLC_STATE.ENDED runtime=7.5s
[22:43:05.692] [Rover 3] LOCAL_RESTART requested
[22:43:05.692] [Nerdle] VLC_EVENT=EventType.MediaPlayerOpening
[22:43:05.692] [Rover 3] VLC_EVENT=EventType.MediaPlayerStopped
[22:43:05.693] [Nerdle] VLC_EVENT=EventType.MediaPlayerBuffering
[22:43:05.695] [Rover 3] VLC_EVENT=EventType.MediaPlayerOpening
[22:43:05.695] [Rover 3] VLC_EVENT=EventType.MediaPlayerBuffering
[22:43:05.696] [Rover1] STATE=State.Ended position=0.0s
[22:43:05.697] [Rover1] RECONNECT reason=VLC_STATE.ENDED runtime=7.5s
[22:43:05.697] [Rover1] LOCAL_RESTART requested
[22:43:05.698] [Rover1] VLC_EVENT=EventType.MediaPlayerStopped
[22:43:05.699] [Rover1] VLC_EVENT=EventType.MediaPlayerOpening
[22:43:05.700] [Rover1] VLC_EVENT=EventType.MediaPlayerBuffering
[22:43:05.708] [Rover1] STATE=State.Playing position=0.0s
[22:43:05.794] [Nerdle] VLC_EVENT=EventType.MediaPlayerPlaying
[22:43:05.799] [Rover 3] VLC_EVENT=EventType.MediaPlayerPlaying
[22:43:05.805] [Rover1] VLC_EVENT=EventType.MediaPlayerPlaying
[22:43:05.829] [Rover 3] VLC_EVENT=EventType.MediaPlayerPlaying
[22:43:05.926] [Nerdle] VLC_EVENT=EventType.MediaPlayerEndReached
[22:43:05.930] [Nerdle] VLC_EVENT=EventType.MediaPlayerStopped
[22:43:05.972] [Rover1] VLC_EVENT=EventType.MediaPlayerEndReached
[22:43:05.977] [Rover1] VLC_EVENT=EventType.MediaPlayerStopped
[22:43:05.980] [Rover1] STATE=State.Ended position=0.0s
[22:43:05.980] [Rover1] RECONNECT reason=VLC_STATE.ENDED runtime=7.5s
[22:43:05.981] [Rover1] LOCAL_RESTART requested
[22:43:05.981] [Rover1] VLC_EVENT=EventType.MediaPlayerStopped
[22:43:05.983] [Rover1] VLC_EVENT=EventType.MediaPlayerOpening
[22:43:05.983] [Rover1] VLC_EVENT=EventType.MediaPlayerBuffering
[22:43:06.001] [Rover1] VLC_EVENT=EventType.MediaPlayerEndReached
[22:43:06.007] [Rover1] VLC_EVENT=EventType.MediaPlayerStopped
[22:43:06.096] [Rover1] VLC_EVENT=EventType.MediaPlayerPlaying
[22:43:06.182] [Nerdle] STATE=State.Ended position=0.0s
[22:43:06.184] [Nerdle] RECONNECT reason=VLC_STATE.ENDED runtime=8.1s
[22:43:06.184] [Nerdle] LOCAL_RESTART requested
[22:43:06.185] [Nerdle] VLC_EVENT=EventType.MediaPlayerStopped
[22:43:06.188] [Nerdle] VLC_EVENT=EventType.MediaPlayerOpening
[22:43:06.189] [Nerdle] VLC_EVENT=EventType.MediaPlayerBuffering
[22:43:06.209] [Rover1] STATE=State.Ended position=0.0s
[22:43:06.210] [Rover1] RECONNECT reason=VLC_STATE.ENDED runtime=8.0s
[22:43:06.210] [Rover1] LOCAL_RESTART requested
[22:43:06.211] [Rover1] VLC_EVENT=EventType.MediaPlayerStopped
[22:43:06.212] [Rover1] VLC_EVENT=EventType.MediaPlayerOpening
[22:43:06.213] [Rover1] VLC_EVENT=EventType.MediaPlayerBuffering
[22:43:06.294] [Nerdle] VLC_EVENT=EventType.MediaPlayerPlaying
[22:43:06.320] [Nerdle] VLC_EVENT=EventType.MediaPlayerEndReached
[22:43:06.324] [Nerdle] VLC_EVENT=EventType.MediaPlayerStopped
[22:43:06.334] [Rover1] VLC_EVENT=EventType.MediaPlayerPlaying
[22:43:06.417] [Rover1] VLC_EVENT=EventType.MediaPlayerEndReached
[22:43:06.423] [Rover1] VLC_EVENT=EventType.MediaPlayerStopped
[22:43:06.614] [Rover 3] VLC_EVENT=EventType.MediaPlayerEndReached
[22:43:06.619] [Rover 3] VLC_EVENT=EventType.MediaPlayerStopped
[22:43:06.637] [Rover 3] VLC_EVENT=EventType.MediaPlayerEndReached
[22:43:06.642] [Rover 3] VLC_EVENT=EventType.MediaPlayerStopped
[22:43:06.875] [Rover1] VLC_EVENT=EventType.MediaPlayerEndReached
[22:43:06.879] [Rover1] VLC_EVENT=EventType.MediaPlayerStopped
[22:43:07.258] [Rover1] VLC_EVENT=EventType.MediaPlayerEndReached
[22:43:07.263] [Rover1] VLC_EVENT=EventType.MediaPlayerStopped
[22:43:07.465] [Nerdle] VLC_EVENT=EventType.MediaPlayerEndReached
[22:43:07.471] [Nerdle] VLC_EVENT=EventType.MediaPlayerStopped
[22:43:10.687] [Rover 3] RESOLVE_RECONNECT starting original=https://www.youtube.com/watch
[22:43:10.688] RESOLVE starting original=https://www.youtube.com/watch
[22:43:10.690] [Rover 3] RECONNECT_APPLY url=https://www.youtube.com/watch
[22:43:10.690] [Rover 3] SET_MEDIA url=https://www.youtube.com/watch url_status=same
[22:43:10.690] [Rover 3] VLC_EVENT=EventType.MediaPlayerStopped
[22:43:10.691] [Rover 3] MEDIA_CREATED url=https://www.youtube.com/watch
[22:43:10.692] [Rover 3] VLC_EVENT=EventType.MediaPlayerOpening
[22:43:10.693] [Rover 3] VLC_EVENT=EventType.MediaPlayerBuffering
[22:43:10.693] [Nerdle] RESOLVE_RECONNECT starting original=https://www.youtube.com/watch
[22:43:10.694] RESOLVE starting original=https://www.youtube.com/watch
[22:43:10.695] [Rover 3] RESOLVE_RECONNECT starting original=https://www.youtube.com/watch
[22:43:10.696] RESOLVE starting original=https://www.youtube.com/watch
[22:43:10.695] [Nerdle] RECONNECT_APPLY url=https://www.youtube.com/watch
[22:43:10.697] [Nerdle] SET_MEDIA url=https://www.youtube.com/watch url_status=same
[22:43:10.697] [Nerdle] VLC_EVENT=EventType.MediaPlayerStopped
[22:43:10.698] [Nerdle] MEDIA_CREATED url=https://www.youtube.com/watch
[22:43:10.699] [Nerdle] VLC_EVENT=EventType.MediaPlayerOpening
[22:43:10.700] [Nerdle] VLC_EVENT=EventType.MediaPlayerBuffering
[22:43:10.701] [Rover1] RESOLVE_RECONNECT starting original=https://www.youtube.com/watch
[22:43:10.701] RESOLVE starting original=https://www.youtube.com/watch
[22:43:10.701] [Rover 3] RECONNECT_APPLY url=https://www.youtube.com/watch
[22:43:10.702] [Rover 3] SET_MEDIA url=https://www.youtube.com/watch url_status=same
[22:43:10.703] [Rover 3] VLC_EVENT=EventType.MediaPlayerStopped
[22:43:10.703] [Rover 3] MEDIA_CREATED url=https://www.youtube.com/watch
[22:43:10.704] [Rover1] RECONNECT_APPLY url=https://www.youtube.com/watch
[22:43:10.704] [Rover1] SET_MEDIA url=https://www.youtube.com/watch url_status=same
[22:43:10.705] [Rover 3] VLC_EVENT=EventType.MediaPlayerOpening
[22:43:10.705] [Rover1] VLC_EVENT=EventType.MediaPlayerStopped
[22:43:10.705] [Rover 3] VLC_EVENT=EventType.MediaPlayerBuffering
[22:43:10.705] [Rover1] MEDIA_CREATED url=https://www.youtube.com/watch
[22:43:10.707] [Rover1] VLC_EVENT=EventType.MediaPlayerOpening
[22:43:10.708] [Rover1] VLC_EVENT=EventType.MediaPlayerBuffering
[22:43:10.807] [Rover1] VLC_EVENT=EventType.MediaPlayerPlaying
[22:43:10.808] [Nerdle] VLC_EVENT=EventType.MediaPlayerPlaying
[22:43:10.811] [Rover 3] VLC_EVENT=EventType.MediaPlayerPlaying
[22:43:10.812] [Rover 3] VLC_EVENT=EventType.MediaPlayerPlaying
[22:43:10.983] [Rover1] RESOLVE_RECONNECT starting original=https://www.youtube.com/watch
[22:43:10.984] RESOLVE starting original=https://www.youtube.com/watch
[22:43:10.984] [Rover1] RECONNECT_APPLY url=https://www.youtube.com/watch
[22:43:10.985] [Rover1] SET_MEDIA url=https://www.youtube.com/watch url_status=same
[22:43:10.985] [Rover1] VLC_EVENT=EventType.MediaPlayerStopped
[22:43:10.986] [Rover1] MEDIA_CREATED url=https://www.youtube.com/watch
[22:43:10.988] [Rover1] VLC_EVENT=EventType.MediaPlayerOpening
[22:43:10.988] [Rover1] VLC_EVENT=EventType.MediaPlayerBuffering
[22:43:11.108] [Rover1] VLC_EVENT=EventType.MediaPlayerPlaying
[22:43:11.188] [Nerdle] RESOLVE_RECONNECT starting original=https://www.youtube.com/watch
[22:43:11.189] RESOLVE starting original=https://www.youtube.com/watch
[22:43:11.190] [Rover 3] STATE=State.Playing position=0.0s
[22:43:11.191] [Nerdle] RECONNECT_APPLY url=https://www.youtube.com/watch
[22:43:11.191] [Nerdle] SET_MEDIA url=https://www.youtube.com/watch url_status=same
[22:43:11.191] [Nerdle] VLC_EVENT=EventType.MediaPlayerStopped
[22:43:11.192] [Nerdle] MEDIA_CREATED url=https://www.youtube.com/watch
[22:43:11.193] [Nerdle] STATE=State.Playing position=0.0s
[22:43:11.194] [Nerdle] VLC_EVENT=EventType.MediaPlayerOpening
[22:43:11.194] [Nerdle] VLC_EVENT=EventType.MediaPlayerBuffering
[22:43:11.195] [Rover 3] STATE=State.Playing position=0.0s
[22:43:11.204] [Rover1] STATE=State.Playing position=0.0s
[22:43:11.214] [Rover1] RESOLVE_RECONNECT starting original=https://www.youtube.com/watch
[22:43:11.214] RESOLVE starting original=https://www.youtube.com/watch
[22:43:11.217] [Rover1] RECONNECT_APPLY url=https://www.youtube.com/watch
[22:43:11.217] [Rover1] SET_MEDIA url=https://www.youtube.com/watch url_status=same
[22:43:11.218] [Rover1] VLC_EVENT=EventType.MediaPlayerStopped
[22:43:11.218] [Rover1] MEDIA_CREATED url=https://www.youtube.com/watch
[22:43:11.220] [Rover1] VLC_EVENT=EventType.MediaPlayerOpening
[22:43:11.221] [Rover1] VLC_EVENT=EventType.MediaPlayerBuffering
[22:43:11.321] [Nerdle] VLC_EVENT=EventType.MediaPlayerPlaying
[22:43:11.326] [Rover1] VLC_EVENT=EventType.MediaPlayerPlaying
[22:43:11.373] [Rover1] VLC_EVENT=EventType.MediaPlayerEndReached
[22:43:11.375] [Rover 3] VLC_EVENT=EventType.MediaPlayerEndReached
[22:43:11.379] [Rover1] VLC_EVENT=EventType.MediaPlayerStopped
[22:43:11.380] [Rover 3] VLC_EVENT=EventType.MediaPlayerStopped
[22:43:11.415] [Rover 3] VLC_EVENT=EventType.MediaPlayerEndReached
[22:43:11.420] [Rover 3] VLC_EVENT=EventType.MediaPlayerStopped
[22:43:11.492] [Rover1] STATE=State.Playing position=0.0s
[22:43:11.671] [Rover1] VLC_EVENT=EventType.MediaPlayerEndReached
[22:43:11.676] [Rover1] VLC_EVENT=EventType.MediaPlayerStopped
[22:43:11.689] [Nerdle] STATE=State.Playing position=0.0s
[22:43:11.691] [Rover 3] STATE=State.Ended position=0.0s
[22:43:11.691] [Rover 3] RECONNECT reason=VLC_STATE.ENDED runtime=13.6s
[22:43:11.691] [Rover 3] LOCAL_RESTART requested
[22:43:11.692] [Rover 3] VLC_EVENT=EventType.MediaPlayerStopped
[22:43:11.693] [Rover 3] VLC_EVENT=EventType.MediaPlayerOpening
[22:43:11.694] [Rover 3] VLC_EVENT=EventType.MediaPlayerBuffering
[22:43:11.696] [Rover 3] STATE=State.Ended position=0.0s
[22:43:11.696] [Rover 3] RECONNECT reason=VLC_STATE.ENDED runtime=13.5s
[22:43:11.697] [Rover 3] LOCAL_RESTART requested
[22:43:11.697] [Rover 3] VLC_EVENT=EventType.MediaPlayerStopped
[22:43:11.699] [Rover 3] VLC_EVENT=EventType.MediaPlayerOpening
[22:43:11.700] [Rover 3] VLC_EVENT=EventType.MediaPlayerBuffering
[22:43:11.707] [Rover1] STATE=State.Ended position=0.0s
[22:43:11.707] [Rover1] RECONNECT reason=VLC_STATE.ENDED runtime=13.5s
[22:43:11.708] [Rover1] LOCAL_RESTART requested
[22:43:11.708] [Rover1] VLC_EVENT=EventType.MediaPlayerStopped
[22:43:11.710] [Rover1] VLC_EVENT=EventType.MediaPlayerOpening
[22:43:11.710] [Rover1] VLC_EVENT=EventType.MediaPlayerBuffering
[22:43:11.716] [Rover1] STATE=State.Playing position=0.0s
[22:43:11.783] [Rover 3] VLC_EVENT=EventType.MediaPlayerPlaying
[22:43:11.804] [Rover 3] VLC_EVENT=EventType.MediaPlayerPlaying
[22:43:11.807] [Rover1] VLC_EVENT=EventType.MediaPlayerPlaying
[22:43:11.972] [Nerdle] VLC_EVENT=EventType.MediaPlayerEndReached
[22:43:11.977] [Nerdle] VLC_EVENT=EventType.MediaPlayerStopped
[22:43:12.004] [Rover1] STATE=State.Ended position=0.0s
[22:43:12.005] [Rover1] RECONNECT reason=VLC_STATE.ENDED runtime=13.5s
[22:43:12.005] [Rover1] LOCAL_RESTART requested
[22:43:12.005] [Rover1] VLC_EVENT=EventType.MediaPlayerStopped
[22:43:12.008] [Rover1] VLC_EVENT=EventType.MediaPlayerOpening
[22:43:12.008] [Rover1] VLC_EVENT=EventType.MediaPlayerBuffering
[22:43:12.106] [Rover1] VLC_EVENT=EventType.MediaPlayerPlaying
[22:43:12.150] [Nerdle] VLC_EVENT=EventType.MediaPlayerEndReached
[22:43:12.155] [Nerdle] VLC_EVENT=EventType.MediaPlayerStopped
[22:43:12.193] [Nerdle] STATE=State.Ended position=0.0s
[22:43:12.194] [Nerdle] RECONNECT reason=VLC_STATE.ENDED runtime=14.1s
[22:43:12.194] [Nerdle] LOCAL_RESTART requested
[22:43:12.194] [Nerdle] VLC_EVENT=EventType.MediaPlayerStopped
[22:43:12.196] [Nerdle] VLC_EVENT=EventType.MediaPlayerOpening
[22:43:12.196] [Nerdle] VLC_EVENT=EventType.MediaPlayerBuffering
[22:43:12.209] [Nerdle] STATE=State.Ended position=0.0s
[22:43:12.209] [Nerdle] RECONNECT reason=VLC_STATE.ENDED runtime=14.1s
[22:43:12.210] [Nerdle] LOCAL_RESTART requested
[22:43:12.210] [Nerdle] VLC_EVENT=EventType.MediaPlayerStopped
[22:43:12.212] [Nerdle] VLC_EVENT=EventType.MediaPlayerOpening
[22:43:12.212] [Nerdle] VLC_EVENT=EventType.MediaPlayerBuffering
[22:43:12.295] [Nerdle] VLC_EVENT=EventType.MediaPlayerPlaying
[22:43:12.322] [Nerdle] VLC_EVENT=EventType.MediaPlayerPlaying
[22:43:12.456] [Rover 3] VLC_EVENT=EventType.MediaPlayerEndReached
[22:43:12.462] [Rover 3] VLC_EVENT=EventType.MediaPlayerStopped
[22:43:12.466] [Rover1] VLC_EVENT=EventType.MediaPlayerEndReached
[22:43:12.471] [Rover1] VLC_EVENT=EventType.MediaPlayerStopped
[22:43:12.484] [Rover 3] VLC_EVENT=EventType.MediaPlayerEndReached
[22:43:12.489] [Rover 3] VLC_EVENT=EventType.MediaPlayerStopped
[22:43:12.724] [Rover1] STATE=State.Ended position=0.0s
[22:43:12.725] [Rover1] RECONNECT reason=VLC_STATE.ENDED runtime=14.5s
[22:43:12.725] [Rover1] LOCAL_RESTART requested
[22:43:12.726] [Rover1] VLC_EVENT=EventType.MediaPlayerStopped
[22:43:12.728] [Rover1] VLC_EVENT=EventType.MediaPlayerOpening
[22:43:12.728] [Rover1] VLC_EVENT=EventType.MediaPlayerBuffering
[22:43:12.748] [Rover1] VLC_EVENT=EventType.MediaPlayerEndReached
[22:43:12.753] [Rover1] VLC_EVENT=EventType.MediaPlayerStopped
[22:43:12.832] [Rover1] VLC_EVENT=EventType.MediaPlayerPlaying
[22:43:12.834] [Nerdle] VLC_EVENT=EventType.MediaPlayerEndReached
[22:43:12.839] [Nerdle] VLC_EVENT=EventType.MediaPlayerStopped
[22:43:12.984] [Rover1] VLC_EVENT=EventType.MediaPlayerEndReached
[22:43:12.993] [Rover1] VLC_EVENT=EventType.MediaPlayerStopped
[22:43:13.065] [Nerdle] VLC_EVENT=EventType.MediaPlayerEndReached
[22:43:13.070] [Nerdle] VLC_EVENT=EventType.MediaPlayerStopped
[22:43:13.662] [Rover1] VLC_EVENT=EventType.MediaPlayerEndReached
[22:43:13.668] [Rover1] VLC_EVENT=EventType.MediaPlayerStopped
[22:44:49.055] [Nerdle] YOUTUBE_ROUTE browser original=https://www.youtube.com/watch
[22:44:49.057] [Nerdle] YOUTUBE_ROUTE browser original=https://www.youtube.com/watch
[22:44:49.058] [Rover 3] YOUTUBE_ROUTE browser original=https://www.youtube.com/watch
[22:44:49.059] [Rover 3] YOUTUBE_ROUTE browser original=https://www.youtube.com/watch
[22:44:49.060] [Rover1] YOUTUBE_ROUTE browser original=https://www.youtube.com/watch
[22:44:49.061] [Rover1] YOUTUBE_ROUTE browser original=https://www.youtube.com/watch
[22:44:49.063] [Rover1] YOUTUBE_ROUTE browser original=https://www.youtube.com/watch
[22:44:49.101] [Nerdle] YOUTUBE_EMBED video_id=B89oRmywnJo
[22:44:49.777] [Nerdle] YOUTUBE_EMBED video_id=B89oRmywnJo
[22:44:50.510] [Rover 3] YOUTUBE_EMBED video_id=TyXUaqscyiU
[22:44:51.320] [Rover 3] YOUTUBE_EMBED video_id=TyXUaqscyiU
[22:44:52.376] [Rover1] YOUTUBE_EMBED video_id=inCQ49QGmqQ
[22:44:54.669] [Rover1] YOUTUBE_EMBED video_id=inCQ49QGmqQ
[22:44:57.212] YOUTUBE_EMBED attached hwnd=1322896
[22:44:57.242] YOUTUBE_EMBED attached hwnd=732052
[22:44:57.272] YOUTUBE_EMBED attached hwnd=863364
[22:44:57.298] YOUTUBE_EMBED attached hwnd=5048050
[22:44:57.320] YOUTUBE_EMBED attached hwnd=1322642
[22:44:57.327] [Rover1] YOUTUBE_EMBED video_id=inCQ49QGmqQ
[22:45:02.447] YOUTUBE_EMBED attached hwnd=2567756
[22:45:04.215] YOUTUBE_EMBED attached hwnd=1912534
[22:49:49.285] [Playback] YOUTUBE_BROWSER_START count=7
[22:49:51.580] YOUTUBE_BROWSER_ATTACHED hwnd=2305388
[22:52:57.714] [Playback] YOUTUBE_BROWSER_START count=7
[22:52:59.814] YOUTUBE_BROWSER_ATTACHED hwnd=928724
[22:54:49.352] [Playback] YOUTUBE_BROWSER_START count=7
[22:54:51.458] YOUTUBE_BROWSER_ATTACHED hwnd=5312560
[22:55:53.032] [Playback] YOUTUBE_BROWSER_START count=7
[22:55:55.129] YOUTUBE_BROWSER_ATTACHED hwnd=993782
[22:57:03.925] [Playback] YOUTUBE_BROWSER_START count=7
[22:57:06.033] YOUTUBE_BROWSER_ATTACHED hwnd=4665058
[23:01:49.861] [Playback] YOUTUBE_BROWSER_START count=7
[23:01:52.150] YOUTUBE_BROWSER_ATTACHED hwnd=1125030
[23:06:29.045] [Playback] YOUTUBE_BROWSER_START count=7
[23:06:31.190] YOUTUBE_BROWSER_ATTACHED hwnd=1780652
[23:06:45.201] YOUTUBE_BROWSER_STOP
[23:13:05.374] [Playback] YOUTUBE_BROWSER_START count=7
[23:13:07.707] YOUTUBE_BROWSER_ATTACHED hwnd=3223260
[23:13:14.630] YOUTUBE_BROWSER_STOP
[23:17:00.531] [Playback] YOUTUBE_BROWSER_START count=7
[23:17:02.870] YOUTUBE_BROWSER_ATTACHED hwnd=2632782
[23:22:32.632] [Playback] YOUTUBE_BROWSER_START count=7
[23:22:34.753] YOUTUBE_BROWSER_ATTACHED hwnd=2953214
[23:23:06.960] [Playback] YOUTUBE_BROWSER_START count=7
[23:23:09.072] YOUTUBE_BROWSER_ATTACHED hwnd=1583942
[23:26:42.243] [Playback] YOUTUBE_BROWSER_START count=7
[23:26:42.933] LAYOUT idx=0 row=0 col=0 items_in_row=1 relx=0.000 rely=0.000 relwidth=1.000 relheight=1.000
[23:26:44.357] YOUTUBE_BROWSER_ATTACHED hwnd=3157686
[23:34:00.889] [Playback] YOUTUBE_BROWSER_START count=7
[23:34:01.591] LAYOUT idx=0 row=0 col=0 items_in_row=1 relx=0.000 rely=0.000 relwidth=1.000 relheight=1.000
[23:34:03.037] YOUTUBE_BROWSER_ATTACHED hwnd=2502248
[23:39:39.267] [Playback] YOUTUBE_BROWSER_START count=7
[23:39:39.966] LAYOUT idx=0 row=0 col=0 items_in_row=1 relx=0.000 rely=0.000 relwidth=1.000 relheight=1.000
[23:39:41.426] YOUTUBE_BROWSER_ATTACHED hwnd=3550768
[23:40:35.478] YOUTUBE_BROWSER_STOP
[23:40:42.806] [Playback] YOUTUBE_BROWSER_START count=5
[23:40:42.820] LAYOUT idx=0 row=0 col=0 items_in_row=1 relx=0.000 rely=0.000 relwidth=1.000 relheight=1.000
[23:40:44.468] YOUTUBE_BROWSER_ATTACHED hwnd=4926792
[23:48:40.315] [Playback] YOUTUBE_BROWSER_START count=9
[23:48:41.009] LAYOUT idx=0 row=0 col=0 items_in_row=1 relx=0.000 rely=0.000 relwidth=1.000 relheight=1.000
[23:48:42.471] YOUTUBE_BROWSER_ATTACHED hwnd=2370392
[23:51:59.234] [Playback] YOUTUBE_BROWSER_START count=9
[23:51:59.869] LAYOUT idx=0 row=0 col=0 items_in_row=1 relx=0.000 rely=0.000 relwidth=1.000 relheight=1.000
[23:52:01.484] YOUTUBE_BROWSER_ATTACHED hwnd=5058126
[23:56:20.438] [Playback] YOUTUBE_BROWSER_START count=9
[23:56:21.128] LAYOUT idx=0 row=0 col=0 items_in_row=1 relx=0.000 rely=0.000 relwidth=1.000 relheight=1.000
[23:56:22.540] YOUTUBE_BROWSER_ATTACHED hwnd=4402680
[23:56:34.706] YOUTUBE_BROWSER_STOP
[23:56:34.742] [Playback] YOUTUBE_BROWSER_START count=8
[23:56:36.151] LAYOUT idx=0 row=0 col=0 items_in_row=1 relx=0.000 rely=0.000 relwidth=1.000 relheight=1.000
[23:56:37.449] YOUTUBE_BROWSER_ATTACHED hwnd=3944024
[23:56:52.354] YOUTUBE_BROWSER_STOP
[23:56:52.391] [Playback] YOUTUBE_BROWSER_START count=8
[23:56:52.705] LAYOUT idx=0 row=0 col=0 items_in_row=1 relx=0.000 rely=0.000 relwidth=1.000 relheight=1.000
[23:56:52.708] [Printer] RESOLVE_FEED starting original=rtsp://192.168.1.227/live
[23:56:52.708] RESOLVE starting original=rtsp://192.168.1.227/live
[23:56:52.740] [Printer] STREAM_START original=rtsp://192.168.1.227/live
[23:56:52.895] [Printer] SET_MEDIA url=rtsp://192.168.1.227/live url_status=new
[23:56:52.898] [Printer] MEDIA_CREATED url=rtsp://192.168.1.227/live
[23:56:52.899] [Printer] STATE=State.NothingSpecial position=-0.0s
[23:56:52.924] LAYOUT idx=0 row=0 col=0 items_in_row=2 relx=0.000 rely=0.000 relwidth=0.500 relheight=1.000
[23:56:52.924] LAYOUT idx=1 row=0 col=1 items_in_row=2 relx=0.500 rely=0.000 relwidth=0.500 relheight=1.000
[23:56:53.000] [Printer] PLAY requested runtime=0.1s
[23:56:53.002] [Printer] VLC_EVENT=EventType.MediaPlayerOpening
[23:56:53.002] [Printer] VLC_EVENT=EventType.MediaPlayerBuffering
[23:56:53.400] [Printer] STATE=State.Opening position=0.0s
[23:56:53.895] [Printer] VLC_EVENT=EventType.MediaPlayerPlaying
[23:56:53.901] [Printer] STATE=State.Playing position=0.0s
[23:56:53.941] [Printer] VLC_EVENT=EventType.MediaPlayerBuffering
[23:56:53.982] [Printer] VLC_EVENT=EventType.MediaPlayerBuffering
[23:56:54.010] YOUTUBE_BROWSER_ATTACHED hwnd=3615258
[23:56:54.024] [Printer] VLC_EVENT=EventType.MediaPlayerBuffering
[23:56:54.070] [Printer] VLC_EVENT=EventType.MediaPlayerBuffering
[23:56:54.108] [Printer] VLC_EVENT=EventType.MediaPlayerBuffering
[23:56:54.187] [Printer] VLC_EVENT=EventType.MediaPlayerBuffering
[23:56:54.189] [Printer] VLC_EVENT=EventType.MediaPlayerBuffering
[23:56:54.269] [Printer] VLC_EVENT=EventType.MediaPlayerBuffering
[23:56:54.273] [Printer] VLC_EVENT=EventType.MediaPlayerBuffering
[23:56:54.314] [Printer] VLC_EVENT=EventType.MediaPlayerBuffering
[23:56:54.354] [Printer] VLC_EVENT=EventType.MediaPlayerBuffering
[23:56:54.395] [Printer] VLC_EVENT=EventType.MediaPlayerBuffering
[23:56:54.438] [Printer] VLC_EVENT=EventType.MediaPlayerBuffering
[23:56:54.483] [Printer] VLC_EVENT=EventType.MediaPlayerBuffering
[23:56:54.521] [Printer] VLC_EVENT=EventType.MediaPlayerBuffering
[23:56:54.565] [Printer] VLC_EVENT=EventType.MediaPlayerBuffering
[23:56:54.612] [Printer] VLC_EVENT=EventType.MediaPlayerBuffering
[23:56:54.650] [Printer] VLC_EVENT=EventType.MediaPlayerBuffering
[23:56:54.698] [Printer] VLC_EVENT=EventType.MediaPlayerBuffering
[23:56:54.739] [Printer] VLC_EVENT=EventType.MediaPlayerBuffering
[23:56:54.785] [Printer] VLC_EVENT=EventType.MediaPlayerBuffering
[23:56:54.825] [Printer] VLC_EVENT=EventType.MediaPlayerBuffering
[23:56:54.863] [Printer] VLC_EVENT=EventType.MediaPlayerBuffering
[23:56:54.911] [Printer] VLC_EVENT=EventType.MediaPlayerBuffering
[23:56:54.949] [Printer] VLC_EVENT=EventType.MediaPlayerBuffering
[23:56:54.991] [Printer] VLC_EVENT=EventType.MediaPlayerBuffering
[23:56:55.040] [Printer] VLC_EVENT=EventType.MediaPlayerBuffering
[23:56:55.081] [Printer] VLC_EVENT=EventType.MediaPlayerBuffering
[23:56:55.123] [Printer] VLC_EVENT=EventType.MediaPlayerBuffering
[23:56:55.171] [Printer] VLC_EVENT=EventType.MediaPlayerBuffering
[23:56:55.205] [Printer] VLC_EVENT=EventType.MediaPlayerBuffering
[23:56:55.263] [Printer] VLC_EVENT=EventType.MediaPlayerBuffering
[23:56:55.311] [Printer] VLC_EVENT=EventType.MediaPlayerBuffering
[23:56:55.356] [Printer] VLC_EVENT=EventType.MediaPlayerBuffering
[23:56:55.406] [Printer] VLC_EVENT=EventType.MediaPlayerBuffering
[23:56:55.407] [Printer] VLC_EVENT=EventType.MediaPlayerBuffering
[23:56:55.489] [Printer] VLC_EVENT=EventType.MediaPlayerBuffering
[23:56:55.491] [Printer] VLC_EVENT=EventType.MediaPlayerBuffering
[23:56:55.545] [Printer] VLC_EVENT=EventType.MediaPlayerBuffering
[23:56:55.575] [Printer] VLC_EVENT=EventType.MediaPlayerBuffering
[23:56:55.622] [Printer] VLC_EVENT=EventType.MediaPlayerBuffering
[23:56:55.667] [Printer] VLC_EVENT=EventType.MediaPlayerBuffering
[23:56:55.707] [Printer] VLC_EVENT=EventType.MediaPlayerBuffering
[23:56:55.748] [Printer] VLC_EVENT=EventType.MediaPlayerBuffering
[23:56:55.788] [Printer] VLC_EVENT=EventType.MediaPlayerBuffering
[23:56:55.847] [Printer] VLC_EVENT=EventType.MediaPlayerBuffering
[23:56:55.872] [Printer] VLC_EVENT=EventType.MediaPlayerBuffering
[23:56:55.914] [Printer] VLC_EVENT=EventType.MediaPlayerBuffering
[23:56:55.961] [Printer] VLC_EVENT=EventType.MediaPlayerBuffering
[23:56:55.995] [Printer] VLC_EVENT=EventType.MediaPlayerBuffering
[23:56:56.044] [Printer] VLC_EVENT=EventType.MediaPlayerBuffering
[23:56:56.082] [Printer] VLC_EVENT=EventType.MediaPlayerBuffering
[23:56:56.122] [Printer] VLC_EVENT=EventType.MediaPlayerBuffering
[23:56:56.165] [Printer] VLC_EVENT=EventType.MediaPlayerBuffering
[23:56:56.209] [Printer] VLC_EVENT=EventType.MediaPlayerBuffering
[23:56:56.249] [Printer] VLC_EVENT=EventType.MediaPlayerBuffering
[23:56:56.287] [Printer] VLC_EVENT=EventType.MediaPlayerBuffering
[23:56:56.330] [Printer] VLC_EVENT=EventType.MediaPlayerBuffering
[23:56:56.379] [Printer] VLC_EVENT=EventType.MediaPlayerBuffering
[23:56:56.414] [Printer] VLC_EVENT=EventType.MediaPlayerBuffering
[23:56:56.466] [Printer] VLC_EVENT=EventType.MediaPlayerBuffering
[23:56:56.536] [Printer] VLC_EVENT=EventType.MediaPlayerBuffering
[23:56:56.539] [Printer] VLC_EVENT=EventType.MediaPlayerBuffering
[23:56:56.580] [Printer] VLC_EVENT=EventType.MediaPlayerBuffering
[23:56:56.621] [Printer] VLC_EVENT=EventType.MediaPlayerBuffering
[23:56:56.672] [Printer] VLC_EVENT=EventType.MediaPlayerBuffering
[23:56:56.706] [Printer] VLC_EVENT=EventType.MediaPlayerBuffering
[23:56:56.747] [Printer] VLC_EVENT=EventType.MediaPlayerBuffering
[23:56:56.788] [Printer] VLC_EVENT=EventType.MediaPlayerBuffering
[23:56:56.832] [Printer] VLC_EVENT=EventType.MediaPlayerBuffering
[23:56:56.873] [Printer] VLC_EVENT=EventType.MediaPlayerBuffering
[23:56:56.913] [Printer] VLC_EVENT=EventType.MediaPlayerBuffering
[23:56:56.958] [Printer] VLC_EVENT=EventType.MediaPlayerBuffering
[23:56:56.996] [Printer] VLC_EVENT=EventType.MediaPlayerBuffering
[23:56:57.042] [Printer] VLC_EVENT=EventType.MediaPlayerBuffering
[23:56:57.082] [Printer] VLC_EVENT=EventType.MediaPlayerBuffering
[23:56:57.121] [Printer] VLC_EVENT=EventType.MediaPlayerBuffering
[23:56:57.163] [Printer] VLC_EVENT=EventType.MediaPlayerBuffering
[23:56:57.209] [Printer] VLC_EVENT=EventType.MediaPlayerBuffering
[23:56:57.250] [Printer] VLC_EVENT=EventType.MediaPlayerBuffering
[23:56:57.299] [Printer] VLC_EVENT=EventType.MediaPlayerBuffering
[23:56:57.344] [Printer] VLC_EVENT=EventType.MediaPlayerBuffering
[23:56:57.391] [Printer] VLC_EVENT=EventType.MediaPlayerBuffering
[23:56:57.437] [Printer] VLC_EVENT=EventType.MediaPlayerBuffering
[23:56:57.485] [Printer] VLC_EVENT=EventType.MediaPlayerBuffering
[23:56:57.531] [Printer] VLC_EVENT=EventType.MediaPlayerBuffering
[23:56:57.573] [Printer] VLC_EVENT=EventType.MediaPlayerBuffering
[23:56:57.578] [Printer] VLC_EVENT=EventType.MediaPlayerBuffering
[23:56:57.629] [Printer] VLC_EVENT=EventType.MediaPlayerBuffering
[23:56:57.656] [Printer] VLC_EVENT=EventType.MediaPlayerBuffering
[23:56:57.706] [Printer] VLC_EVENT=EventType.MediaPlayerBuffering
[23:56:57.754] [Printer] VLC_EVENT=EventType.MediaPlayerBuffering
[23:56:57.793] [Printer] VLC_EVENT=EventType.MediaPlayerBuffering
[23:56:57.830] [Printer] VLC_EVENT=EventType.MediaPlayerBuffering
[23:56:57.872] [Printer] VLC_EVENT=EventType.MediaPlayerBuffering
[23:56:57.913] [Printer] VLC_EVENT=EventType.MediaPlayerBuffering
[23:56:57.972] [Printer] VLC_EVENT=EventType.MediaPlayerBuffering
[23:56:57.998] [Printer] VLC_EVENT=EventType.MediaPlayerBuffering
[23:56:58.041] [Printer] VLC_EVENT=EventType.MediaPlayerBuffering
[23:56:58.081] [Printer] VLC_EVENT=EventType.MediaPlayerBuffering
[23:56:58.122] [Printer] VLC_EVENT=EventType.MediaPlayerBuffering
[23:56:58.172] [Printer] VLC_EVENT=EventType.MediaPlayerBuffering
[23:56:58.205] [Printer] VLC_EVENT=EventType.MediaPlayerBuffering
[23:56:58.248] [Printer] VLC_EVENT=EventType.MediaPlayerBuffering
[23:56:58.299] [Printer] VLC_EVENT=EventType.MediaPlayerBuffering
[23:56:58.331] [Printer] VLC_EVENT=EventType.MediaPlayerBuffering
[23:56:58.373] [Printer] VLC_EVENT=EventType.MediaPlayerBuffering
[23:56:58.412] [Printer] VLC_EVENT=EventType.MediaPlayerBuffering
[23:56:58.454] [Printer] VLC_EVENT=EventType.MediaPlayerBuffering
[23:56:58.494] [Printer] VLC_EVENT=EventType.MediaPlayerBuffering
[23:56:58.540] [Printer] VLC_EVENT=EventType.MediaPlayerBuffering
[23:56:58.619] [Printer] VLC_EVENT=EventType.MediaPlayerBuffering
[23:56:58.624] [Printer] VLC_EVENT=EventType.MediaPlayerBuffering
[23:56:58.664] [Printer] VLC_EVENT=EventType.MediaPlayerBuffering
[23:56:58.718] [Printer] VLC_EVENT=EventType.MediaPlayerBuffering
[23:56:58.756] [Printer] VLC_EVENT=EventType.MediaPlayerBuffering
[23:56:58.792] [Printer] VLC_EVENT=EventType.MediaPlayerBuffering
[23:57:28.656] [Printer] STOP runtime=35.8s
[23:57:28.697] [Printer] VLC_EVENT=EventType.MediaPlayerStopped
[23:57:28.761] YOUTUBE_BROWSER_STOP
[23:57:28.799] [Playback] YOUTUBE_BROWSER_START count=8
[23:57:29.226] LAYOUT idx=0 row=0 col=0 items_in_row=1 relx=0.000 rely=0.000 relwidth=1.000 relheight=1.000
[23:57:30.341] YOUTUBE_BROWSER_ATTACHED hwnd=3485354
[23:57:37.054] YOUTUBE_BROWSER_STOP
[23:57:37.098] [Playback] YOUTUBE_BROWSER_START count=9
[23:57:37.473] LAYOUT idx=0 row=0 col=0 items_in_row=1 relx=0.000 rely=0.000 relwidth=1.000 relheight=1.000
[23:57:39.174] YOUTUBE_BROWSER_ATTACHED hwnd=8327216
[06:53:35.255] [Launch VLC LInk] RESOLVE_FEED starting original=https://prod-fastly-us-west-1.video.pscp.tv/Transcoding/v1/hls/gpi6l942c3zIPGRpHg5NQjH6IPbgS-PXt6eCErar3hFpMFR--6U9iuLRgSKZnBWqedvONnABC5oEMRpoyhRR7g/non_transcode/us-west-1/periscope-replay-direct-prod-us-west-1-public/master_dynamic_lowlatency.m3u8
[06:53:35.256] RESOLVE starting original=https://prod-fastly-us-west-1.video.pscp.tv/Transcoding/v1/hls/gpi6l942c3zIPGRpHg5NQjH6IPbgS-PXt6eCErar3hFpMFR--6U9iuLRgSKZnBWqedvONnABC5oEMRpoyhRR7g/non_transcode/us-west-1/periscope-replay-direct-prod-us-west-1-public/master_dynamic_lowlatency.m3u8
[06:53:35.280] [Launch VLC LInk] STREAM_START original=https://prod-fastly-us-west-1.video.pscp.tv/Transcoding/v1/hls/gpi6l942c3zIPGRpHg5NQjH6IPbgS-PXt6eCErar3hFpMFR--6U9iuLRgSKZnBWqedvONnABC5oEMRpoyhRR7g/non_transcode/us-west-1/periscope-replay-direct-prod-us-west-1-public/master_dynamic_lowlatency.m3u8
[06:53:35.469] [Launch VLC LInk] SET_MEDIA url=https://prod-fastly-us-west-1.video.pscp.tv/Transcoding/v1/hls/gpi6l942c3zIPGRpHg5NQjH6IPbgS-PXt6eCErar3hFpMFR--6U9iuLRgSKZnBWqedvONnABC5oEMRpoyhRR7g/non_transcode/us-west-1/periscope-replay-direct-prod-us-west-1-public/master_dynamic_lowlatency.m3u8 url_status=new
[06:53:35.472] [Launch VLC LInk] MEDIA_CREATED url=https://prod-fastly-us-west-1.video.pscp.tv/Transcoding/v1/hls/gpi6l942c3zIPGRpHg5NQjH6IPbgS-PXt6eCErar3hFpMFR--6U9iuLRgSKZnBWqedvONnABC5oEMRpoyhRR7g/non_transcode/us-west-1/periscope-replay-direct-prod-us-west-1-public/master_dynamic_lowlatency.m3u8
[06:53:35.473] [Launch VLC LInk] STATE=State.NothingSpecial position=-0.0s
[06:53:35.481] LAYOUT idx=0 row=0 col=0 items_in_row=1 relx=0.000 rely=0.000 relwidth=1.000 relheight=1.000
[06:53:35.574] [Launch VLC LInk] PLAY requested runtime=0.1s
[06:53:35.577] [Launch VLC LInk] VLC_EVENT=EventType.MediaPlayerOpening
[06:53:35.577] [Launch VLC LInk] VLC_EVENT=EventType.MediaPlayerBuffering
[06:53:35.848] [Launch VLC LInk] VLC_EVENT=EventType.MediaPlayerEncounteredError
[06:53:35.849] [Launch VLC LInk] VLC_EVENT=EventType.MediaPlayerStopped
[06:53:35.974] [Launch VLC LInk] STATE=State.Ended position=0.0s
[06:53:35.975] [Launch VLC LInk] RECONNECT reason=VLC_STATE.ENDED runtime=0.5s
[06:53:35.975] [Launch VLC LInk] LOCAL_RESTART requested
[06:53:35.976] [Launch VLC LInk] VLC_EVENT=EventType.MediaPlayerStopped
[06:53:35.979] [Launch VLC LInk] VLC_EVENT=EventType.MediaPlayerOpening
[06:53:35.979] [Launch VLC LInk] VLC_EVENT=EventType.MediaPlayerBuffering
[06:53:36.120] [Launch VLC LInk] VLC_EVENT=EventType.MediaPlayerEncounteredError
[06:53:36.121] [Launch VLC LInk] VLC_EVENT=EventType.MediaPlayerStopped
[06:53:40.978] [Launch VLC LInk] RESOLVE_RECONNECT starting original=https://prod-fastly-us-west-1.video.pscp.tv/Transcoding/v1/hls/gpi6l942c3zIPGRpHg5NQjH6IPbgS-PXt6eCErar3hFpMFR--6U9iuLRgSKZnBWqedvONnABC5oEMRpoyhRR7g/non_transcode/us-west-1/periscope-replay-direct-prod-us-west-1-public/master_dynamic_lowlatency.m3u8
[06:53:40.979] RESOLVE starting original=https://prod-fastly-us-west-1.video.pscp.tv/Transcoding/v1/hls/gpi6l942c3zIPGRpHg5NQjH6IPbgS-PXt6eCErar3hFpMFR--6U9iuLRgSKZnBWqedvONnABC5oEMRpoyhRR7g/non_transcode/us-west-1/periscope-replay-direct-prod-us-west-1-public/master_dynamic_lowlatency.m3u8
[06:53:40.980] [Launch VLC LInk] RECONNECT_APPLY url=https://prod-fastly-us-west-1.video.pscp.tv/Transcoding/v1/hls/gpi6l942c3zIPGRpHg5NQjH6IPbgS-PXt6eCErar3hFpMFR--6U9iuLRgSKZnBWqedvONnABC5oEMRpoyhRR7g/non_transcode/us-west-1/periscope-replay-direct-prod-us-west-1-public/master_dynamic_lowlatency.m3u8
[06:53:40.981] [Launch VLC LInk] SET_MEDIA url=https://prod-fastly-us-west-1.video.pscp.tv/Transcoding/v1/hls/gpi6l942c3zIPGRpHg5NQjH6IPbgS-PXt6eCErar3hFpMFR--6U9iuLRgSKZnBWqedvONnABC5oEMRpoyhRR7g/non_transcode/us-west-1/periscope-replay-direct-prod-us-west-1-public/master_dynamic_lowlatency.m3u8 url_status=same
[06:53:40.981] [Launch VLC LInk] VLC_EVENT=EventType.MediaPlayerStopped
[06:53:40.982] [Launch VLC LInk] MEDIA_CREATED url=https://prod-fastly-us-west-1.video.pscp.tv/Transcoding/v1/hls/gpi6l942c3zIPGRpHg5NQjH6IPbgS-PXt6eCErar3hFpMFR--6U9iuLRgSKZnBWqedvONnABC5oEMRpoyhRR7g/non_transcode/us-west-1/periscope-replay-direct-prod-us-west-1-public/master_dynamic_lowlatency.m3u8
[06:53:40.983] [Launch VLC LInk] VLC_EVENT=EventType.MediaPlayerOpening
[06:53:40.983] [Launch VLC LInk] VLC_EVENT=EventType.MediaPlayerBuffering
[06:53:41.133] [Launch VLC LInk] VLC_EVENT=EventType.MediaPlayerEncounteredError
[06:53:41.133] [Launch VLC LInk] VLC_EVENT=EventType.MediaPlayerStopped
[06:53:41.479] [Launch VLC LInk] RECONNECT reason=VLC_STATE.ENDED runtime=6.0s
[06:53:41.480] [Launch VLC LInk] LOCAL_RESTART requested
[06:53:41.480] [Launch VLC LInk] VLC_EVENT=EventType.MediaPlayerStopped
[06:53:41.482] [Launch VLC LInk] VLC_EVENT=EventType.MediaPlayerOpening
[06:53:41.482] [Launch VLC LInk] VLC_EVENT=EventType.MediaPlayerBuffering
[06:53:41.621] [Launch VLC LInk] VLC_EVENT=EventType.MediaPlayerEncounteredError
[06:53:41.621] [Launch VLC LInk] VLC_EVENT=EventType.MediaPlayerStopped
[06:53:46.483] [Launch VLC LInk] RESOLVE_RECONNECT starting original=https://prod-fastly-us-west-1.video.pscp.tv/Transcoding/v1/hls/gpi6l942c3zIPGRpHg5NQjH6IPbgS-PXt6eCErar3hFpMFR--6U9iuLRgSKZnBWqedvONnABC5oEMRpoyhRR7g/non_transcode/us-west-1/periscope-replay-direct-prod-us-west-1-public/master_dynamic_lowlatency.m3u8
[06:53:46.483] RESOLVE starting original=https://prod-fastly-us-west-1.video.pscp.tv/Transcoding/v1/hls/gpi6l942c3zIPGRpHg5NQjH6IPbgS-PXt6eCErar3hFpMFR--6U9iuLRgSKZnBWqedvONnABC5oEMRpoyhRR7g/non_transcode/us-west-1/periscope-replay-direct-prod-us-west-1-public/master_dynamic_lowlatency.m3u8
[06:53:46.484] [Launch VLC LInk] RECONNECT_APPLY url=https://prod-fastly-us-west-1.video.pscp.tv/Transcoding/v1/hls/gpi6l942c3zIPGRpHg5NQjH6IPbgS-PXt6eCErar3hFpMFR--6U9iuLRgSKZnBWqedvONnABC5oEMRpoyhRR7g/non_transcode/us-west-1/periscope-replay-direct-prod-us-west-1-public/master_dynamic_lowlatency.m3u8
[06:53:46.484] [Launch VLC LInk] SET_MEDIA url=https://prod-fastly-us-west-1.video.pscp.tv/Transcoding/v1/hls/gpi6l942c3zIPGRpHg5NQjH6IPbgS-PXt6eCErar3hFpMFR--6U9iuLRgSKZnBWqedvONnABC5oEMRpoyhRR7g/non_transcode/us-west-1/periscope-replay-direct-prod-us-west-1-public/master_dynamic_lowlatency.m3u8 url_status=same
[06:53:46.485] [Launch VLC LInk] VLC_EVENT=EventType.MediaPlayerStopped
[06:53:46.485] [Launch VLC LInk] MEDIA_CREATED url=https://prod-fastly-us-west-1.video.pscp.tv/Transcoding/v1/hls/gpi6l942c3zIPGRpHg5NQjH6IPbgS-PXt6eCErar3hFpMFR--6U9iuLRgSKZnBWqedvONnABC5oEMRpoyhRR7g/non_transcode/us-west-1/periscope-replay-direct-prod-us-west-1-public/master_dynamic_lowlatency.m3u8
[06:53:46.487] [Launch VLC LInk] VLC_EVENT=EventType.MediaPlayerOpening
[06:53:46.487] [Launch VLC LInk] VLC_EVENT=EventType.MediaPlayerBuffering
[06:53:46.646] [Launch VLC LInk] VLC_EVENT=EventType.MediaPlayerEncounteredError
[06:53:46.647] [Launch VLC LInk] VLC_EVENT=EventType.MediaPlayerStopped
[06:53:46.983] [Launch VLC LInk] RECONNECT reason=VLC_STATE.ENDED runtime=11.5s
[06:53:46.984] [Launch VLC LInk] LOCAL_RESTART requested
[06:53:46.984] [Launch VLC LInk] VLC_EVENT=EventType.MediaPlayerStopped
[06:53:46.986] [Launch VLC LInk] VLC_EVENT=EventType.MediaPlayerOpening
[06:53:46.987] [Launch VLC LInk] VLC_EVENT=EventType.MediaPlayerBuffering
[06:53:47.127] [Launch VLC LInk] VLC_EVENT=EventType.MediaPlayerEncounteredError
[06:53:47.128] [Launch VLC LInk] VLC_EVENT=EventType.MediaPlayerStopped
[06:53:51.986] [Launch VLC LInk] RESOLVE_RECONNECT starting original=https://prod-fastly-us-west-1.video.pscp.tv/Transcoding/v1/hls/gpi6l942c3zIPGRpHg5NQjH6IPbgS-PXt6eCErar3hFpMFR--6U9iuLRgSKZnBWqedvONnABC5oEMRpoyhRR7g/non_transcode/us-west-1/periscope-replay-direct-prod-us-west-1-public/master_dynamic_lowlatency.m3u8
[06:53:51.987] RESOLVE starting original=https://prod-fastly-us-west-1.video.pscp.tv/Transcoding/v1/hls/gpi6l942c3zIPGRpHg5NQjH6IPbgS-PXt6eCErar3hFpMFR--6U9iuLRgSKZnBWqedvONnABC5oEMRpoyhRR7g/non_transcode/us-west-1/periscope-replay-direct-prod-us-west-1-public/master_dynamic_lowlatency.m3u8
[06:53:51.988] [Launch VLC LInk] RECONNECT_APPLY url=https://prod-fastly-us-west-1.video.pscp.tv/Transcoding/v1/hls/gpi6l942c3zIPGRpHg5NQjH6IPbgS-PXt6eCErar3hFpMFR--6U9iuLRgSKZnBWqedvONnABC5oEMRpoyhRR7g/non_transcode/us-west-1/periscope-replay-direct-prod-us-west-1-public/master_dynamic_lowlatency.m3u8
[06:53:51.988] [Launch VLC LInk] SET_MEDIA url=https://prod-fastly-us-west-1.video.pscp.tv/Transcoding/v1/hls/gpi6l942c3zIPGRpHg5NQjH6IPbgS-PXt6eCErar3hFpMFR--6U9iuLRgSKZnBWqedvONnABC5oEMRpoyhRR7g/non_transcode/us-west-1/periscope-replay-direct-prod-us-west-1-public/master_dynamic_lowlatency.m3u8 url_status=same
[06:53:51.989] [Launch VLC LInk] VLC_EVENT=EventType.MediaPlayerStopped
[06:53:51.989] [Launch VLC LInk] MEDIA_CREATED url=https://prod-fastly-us-west-1.video.pscp.tv/Transcoding/v1/hls/gpi6l942c3zIPGRpHg5NQjH6IPbgS-PXt6eCErar3hFpMFR--6U9iuLRgSKZnBWqedvONnABC5oEMRpoyhRR7g/non_transcode/us-west-1/periscope-replay-direct-prod-us-west-1-public/master_dynamic_lowlatency.m3u8
[06:53:51.991] [Launch VLC LInk] VLC_EVENT=EventType.MediaPlayerOpening
[06:53:51.991] [Launch VLC LInk] VLC_EVENT=EventType.MediaPlayerBuffering
[06:53:52.143] [Launch VLC LInk] VLC_EVENT=EventType.MediaPlayerEncounteredError
[06:53:52.144] [Launch VLC LInk] VLC_EVENT=EventType.MediaPlayerStopped
[12:29:23.523] [Playback] YOUTUBE_BROWSER_START count=9
[12:29:24.204] LAYOUT idx=0 row=0 col=0 items_in_row=1 relx=0.000 rely=0.000 relwidth=1.000 relheight=1.000
[12:29:26.352] YOUTUBE_BROWSER_ATTACHED hwnd=205210
[12:29:34.388] YOUTUBE_BROWSER_STOP
[12:30:30.741] [Playback] YOUTUBE_BROWSER_START count=9
[12:30:31.406] LAYOUT idx=0 row=0 col=0 items_in_row=1 relx=0.000 rely=0.000 relwidth=1.000 relheight=1.000
[12:30:32.871] YOUTUBE_BROWSER_ATTACHED hwnd=1516332
[12:32:25.689] YOUTUBE_BROWSER_STOP
[12:32:25.728] [Playback] YOUTUBE_BROWSER_START count=8
[12:32:26.159] LAYOUT idx=0 row=0 col=0 items_in_row=1 relx=0.000 rely=0.000 relwidth=1.000 relheight=1.000
[12:32:27.464] YOUTUBE_BROWSER_ATTACHED hwnd=1712842
[12:32:41.523] YOUTUBE_BROWSER_STOP
[12:32:41.559] [Playback] YOUTUBE_BROWSER_START count=9
[12:32:42.602] LAYOUT idx=0 row=0 col=0 items_in_row=1 relx=0.000 rely=0.000 relwidth=1.000 relheight=1.000
[12:32:43.908] YOUTUBE_BROWSER_ATTACHED hwnd=1581686
[12:33:28.251] YOUTUBE_BROWSER_STOP
[12:33:28.286] [Playback] YOUTUBE_BROWSER_START count=8
[12:33:28.651] LAYOUT idx=0 row=0 col=0 items_in_row=1 relx=0.000 rely=0.000 relwidth=1.000 relheight=1.000
[12:33:29.948] YOUTUBE_BROWSER_ATTACHED hwnd=4006616
[12:33:39.816] YOUTUBE_BROWSER_STOP
[12:33:39.855] [Playback] YOUTUBE_BROWSER_START count=9
[12:33:40.855] LAYOUT idx=0 row=0 col=0 items_in_row=1 relx=0.000 rely=0.000 relwidth=1.000 relheight=1.000
[12:33:42.154] YOUTUBE_BROWSER_ATTACHED hwnd=1051168
[12:36:16.621] YOUTUBE_BROWSER_STOP
[12:36:16.657] [Playback] YOUTUBE_BROWSER_START count=9
[12:36:16.925] LAYOUT idx=0 row=0 col=0 items_in_row=1 relx=0.000 rely=0.000 relwidth=1.000 relheight=1.000
[12:36:18.262] YOUTUBE_BROWSER_ATTACHED hwnd=1647168
[12:36:18.784] YOUTUBE_BROWSER_STOP
[12:36:18.823] [Playback] YOUTUBE_BROWSER_START count=9
[12:36:19.946] LAYOUT idx=0 row=0 col=0 items_in_row=1 relx=0.000 rely=0.000 relwidth=1.000 relheight=1.000
[12:36:21.227] YOUTUBE_BROWSER_ATTACHED hwnd=3344352
[12:36:28.866] YOUTUBE_BROWSER_STOP
[12:36:28.909] [Playback] YOUTUBE_BROWSER_START count=10
[12:36:30.236] LAYOUT idx=0 row=0 col=0 items_in_row=1 relx=0.000 rely=0.000 relwidth=1.000 relheight=1.000
[12:36:31.540] YOUTUBE_BROWSER_ATTACHED hwnd=729434
[12:36:59.795] YOUTUBE_BROWSER_STOP
[12:36:59.833] [Playback] YOUTUBE_BROWSER_START count=11
[12:37:00.232] LAYOUT idx=0 row=0 col=0 items_in_row=1 relx=0.000 rely=0.000 relwidth=1.000 relheight=1.000
[12:37:01.539] YOUTUBE_BROWSER_ATTACHED hwnd=2040580
[12:37:45.275] YOUTUBE_BROWSER_STOP
[12:37:45.311] [Playback] YOUTUBE_BROWSER_START count=10
[12:37:46.224] LAYOUT idx=0 row=0 col=0 items_in_row=1 relx=0.000 rely=0.000 relwidth=1.000 relheight=1.000
[12:37:47.525] YOUTUBE_BROWSER_ATTACHED hwnd=1843944
[12:37:50.104] YOUTUBE_BROWSER_STOP
[12:37:50.151] [Playback] YOUTUBE_BROWSER_START count=9
[12:37:51.775] LAYOUT idx=0 row=0 col=0 items_in_row=1 relx=0.000 rely=0.000 relwidth=1.000 relheight=1.000
[12:37:53.121] YOUTUBE_BROWSER_ATTACHED hwnd=1843782
[12:37:54.030] YOUTUBE_BROWSER_STOP
[12:37:54.069] [Playback] YOUTUBE_BROWSER_START count=9
[12:37:54.297] LAYOUT idx=0 row=0 col=0 items_in_row=1 relx=0.000 rely=0.000 relwidth=1.000 relheight=1.000
[12:37:55.607] YOUTUBE_BROWSER_ATTACHED hwnd=467286
[12:38:40.975] YOUTUBE_BROWSER_STOP
[12:41:33.879] [Playback] YOUTUBE_BROWSER_START count=8
[12:41:34.554] LAYOUT idx=0 row=0 col=0 items_in_row=2 relx=0.000 rely=0.000 relwidth=0.500 relheight=1.000
[12:41:34.554] LAYOUT idx=1 row=0 col=1 items_in_row=2 relx=0.500 rely=0.000 relwidth=0.500 relheight=1.000
[12:41:34.560] LAYOUT idx=0 row=0 col=0 items_in_row=2 relx=0.000 rely=0.000 relwidth=0.500 relheight=1.000
[12:41:34.561] LAYOUT idx=1 row=0 col=1 items_in_row=2 relx=0.500 rely=0.000 relwidth=0.500 relheight=1.000
[12:41:36.174] YOUTUBE_BROWSER_ATTACHED hwnd=663886
[12:45:57.057] [Playback] YOUTUBE_BROWSER_START count=8
[12:45:57.743] LAYOUT idx=0 row=0 col=0 items_in_row=2 relx=0.000 rely=0.000 relwidth=0.500 relheight=1.000
[12:45:57.744] LAYOUT idx=1 row=0 col=1 items_in_row=2 relx=0.500 rely=0.000 relwidth=0.500 relheight=1.000
[12:45:57.746] LAYOUT idx=0 row=0 col=0 items_in_row=2 relx=0.000 rely=0.000 relwidth=0.500 relheight=1.000
[12:45:57.746] LAYOUT idx=1 row=0 col=1 items_in_row=2 relx=0.500 rely=0.000 relwidth=0.500 relheight=1.000
[12:45:59.357] YOUTUBE_BROWSER_ATTACHED hwnd=729412
[12:50:18.789] [Playback] YOUTUBE_BROWSER_START count=8
[12:50:19.480] LAYOUT idx=0 row=0 col=0 items_in_row=1 relx=0.000 rely=0.000 relwidth=1.000 relheight=1.000
[12:50:19.481] LAYOUT idx=0 row=0 col=0 items_in_row=1 relx=0.000 rely=0.000 relwidth=1.000 relheight=1.000
[12:50:20.955] YOUTUBE_BROWSER_ATTACHED hwnd=1253736
[12:53:42.773] [SBL] YOUTUBE_BROWSER_START count=1
[12:53:43.467] [SCL] YOUTUBE_BROWSER_START count=1
[12:53:44.234] [MGL] YOUTUBE_BROWSER_START count=1
[12:53:45.084] [Sentinel] YOUTUBE_BROWSER_START count=1
[12:53:46.187] [Rover1] YOUTUBE_BROWSER_START count=1
[12:53:48.528] [Rocket Ranch] YOUTUBE_BROWSER_START count=1
[12:53:51.573] [Rover 2] YOUTUBE_BROWSER_START count=1
[12:53:55.544] [Rover 3] YOUTUBE_BROWSER_START count=1
[12:54:00.714] YOUTUBE_BROWSER_ATTACHED hwnd=1253712
[12:54:00.774] YOUTUBE_BROWSER_ATTACHED hwnd=1974720
[12:54:00.827] YOUTUBE_BROWSER_ATTACHED hwnd=925958
[12:54:00.882] YOUTUBE_BROWSER_ATTACHED hwnd=270570
[12:54:00.941] YOUTUBE_BROWSER_ATTACHED hwnd=204930
[12:54:00.974] YOUTUBE_BROWSER_ATTACHED hwnd=794626
[12:54:01.016] YOUTUBE_BROWSER_ATTACHED hwnd=401364
[12:54:02.724] YOUTUBE_BROWSER_ATTACHED hwnd=139060
[12:54:20.766] [SBL] YOUTUBE_BROWSER_START count=1
[12:54:21.277] [SCL] YOUTUBE_BROWSER_START count=1
[12:54:21.306] [MGL] YOUTUBE_BROWSER_START count=1
[12:54:21.349] [Sentinel] YOUTUBE_BROWSER_START count=1
[12:54:21.416] [Rover1] YOUTUBE_BROWSER_START count=1
[12:54:21.482] [Rocket Ranch] YOUTUBE_BROWSER_START count=1
[12:54:21.552] [Rover 2] YOUTUBE_BROWSER_START count=1
[12:54:22.711] YOUTUBE_BROWSER_ATTACHED hwnd=270206
[12:54:23.653] YOUTUBE_BROWSER_ATTACHED hwnd=204376
[12:54:23.852] YOUTUBE_BROWSER_ATTACHED hwnd=138830
[12:54:24.019] YOUTUBE_BROWSER_ATTACHED hwnd=204348
[12:54:24.294] YOUTUBE_BROWSER_ATTACHED hwnd=138800
[12:54:24.622] YOUTUBE_BROWSER_ATTACHED hwnd=204264
[12:54:24.863] YOUTUBE_BROWSER_ATTACHED hwnd=138696
[12:54:45.848] [SBL] YOUTUBE_BROWSER_START count=1
[12:54:46.121] [SCL] YOUTUBE_BROWSER_START count=1
[12:54:46.162] [MGL] YOUTUBE_BROWSER_START count=1
[12:54:46.219] [Sentinel] YOUTUBE_BROWSER_START count=1
[12:54:46.316] [Rover1] YOUTUBE_BROWSER_START count=1
[12:54:46.402] [Rocket Ranch] YOUTUBE_BROWSER_START count=1
[12:54:46.508] [Rover 2] YOUTUBE_BROWSER_START count=1
[12:54:47.711] [SBL] YOUTUBE_BROWSER_START count=1
[12:54:51.002] [SCL] YOUTUBE_BROWSER_START count=1
[12:54:51.097] [MGL] YOUTUBE_BROWSER_START count=1
[12:54:51.308] [Sentinel] YOUTUBE_BROWSER_START count=1
[12:54:51.688] [Rover1] YOUTUBE_BROWSER_START count=1
[12:54:52.098] [Rocket Ranch] YOUTUBE_BROWSER_START count=1
[12:54:52.339] [Rover 2] YOUTUBE_BROWSER_START count=1
[12:54:54.021] YOUTUBE_BROWSER_ATTACHED hwnd=202858
[12:54:55.750] YOUTUBE_BROWSER_ATTACHED hwnd=136412
[12:54:56.956] YOUTUBE_BROWSER_ATTACHED hwnd=399198
[12:54:57.941] YOUTUBE_BROWSER_ATTACHED hwnd=136018
[12:54:58.319] YOUTUBE_BROWSER_ATTACHED hwnd=399936
[12:54:58.687] YOUTUBE_BROWSER_ATTACHED hwnd=136070
[12:54:58.987] YOUTUBE_BROWSER_ATTACHED hwnd=136054
[13:15:59.443] [SBL] YOUTUBE_BROWSER_START count=1
[13:16:00.093] [SCL] YOUTUBE_BROWSER_START count=1
[13:16:00.847] [MGL] YOUTUBE_BROWSER_START count=1
[13:16:01.667] [Sentinel] YOUTUBE_BROWSER_START count=1
[13:16:02.684] [Rover1] YOUTUBE_BROWSER_START count=1
[13:16:04.827] [Rocket Ranch] YOUTUBE_BROWSER_START count=1
[13:16:07.709] [Rover 2] YOUTUBE_BROWSER_START count=1
[13:16:11.548] YOUTUBE_BROWSER_ATTACHED hwnd=1905378
[13:16:11.566] YOUTUBE_BROWSER_ATTACHED hwnd=1708052
[13:16:11.587] YOUTUBE_BROWSER_ATTACHED hwnd=1316260
[13:16:11.604] YOUTUBE_BROWSER_ATTACHED hwnd=1382310
[13:16:11.619] YOUTUBE_BROWSER_ATTACHED hwnd=1447844
[13:16:11.634] YOUTUBE_BROWSER_ATTACHED hwnd=1123380
[13:16:13.297] YOUTUBE_BROWSER_ATTACHED hwnd=1513426
[13:19:29.889] [SBL] YOUTUBE_BROWSER_START count=1
[13:19:30.527] [SCL] YOUTUBE_BROWSER_START count=1
[13:19:31.238] [MGL] YOUTUBE_BROWSER_START count=1
[13:19:32.016] [Sentinel] YOUTUBE_BROWSER_START count=1
[13:19:33.040] [Rover1] YOUTUBE_BROWSER_START count=1
[13:19:35.212] [Rocket Ranch] YOUTUBE_BROWSER_START count=1
[13:19:38.104] [Rover 2] YOUTUBE_BROWSER_START count=1
[13:19:41.975] YOUTUBE_BROWSER_ATTACHED hwnd=1577254
[13:19:42.004] YOUTUBE_BROWSER_ATTACHED hwnd=529494
[13:19:42.035] YOUTUBE_BROWSER_ATTACHED hwnd=333262
[13:19:42.063] YOUTUBE_BROWSER_ATTACHED hwnd=268118
[13:19:42.084] YOUTUBE_BROWSER_ATTACHED hwnd=464478
[13:19:42.101] YOUTUBE_BROWSER_ATTACHED hwnd=12133282
[13:19:43.411] YOUTUBE_BROWSER_ATTACHED hwnd=402392
[13:34:57.251] [SBL] RESOLVE_FEED starting original=https://youtube.com/watch
[13:34:57.253] [SCL] RESOLVE_FEED starting original=https://youtube.com/watch
[13:34:57.254] [MGL] RESOLVE_FEED starting original=https://youtube.com/watch
[13:34:57.255] [Sentinel] RESOLVE_FEED starting original=https://youtube.com/watch
[13:34:57.256] [Rover1] RESOLVE_FEED starting original=https://www.youtube.com/watch
[13:34:57.257] [Rocket Ranch] RESOLVE_FEED starting original=https://youtube.com/watch
[13:34:57.258] [Rover 2] RESOLVE_FEED starting original=https://youtube.com/watch
[13:35:00.079] [Rover 2] RESOLVE_FEED failed error=DownloadError('\x1b[0;31mERROR:\x1b[0m [youtube] tS2PHJmvJzo: No video formats found!; please report this issue on  https://github.com/yt-dlp/yt-dlp/issues?q= , filling out the appropriate issue template. Confirm you are on the latest version using  yt-dlp -U')
[13:35:00.211] [SCL] RESOLVE_FEED failed error=DownloadError('\x1b[0;31mERROR:\x1b[0m [youtube] Jm8wRjD3xVA: No video formats found!; please report this issue on  https://github.com/yt-dlp/yt-dlp/issues?q= , filling out the appropriate issue template. Confirm you are on the latest version using  yt-dlp -U')
[13:35:00.242] [MGL] RESOLVE_FEED failed error=DownloadError('\x1b[0;31mERROR:\x1b[0m [youtube] cOmmvhDQ2HM: No video formats found!; please report this issue on  https://github.com/yt-dlp/yt-dlp/issues?q= , filling out the appropriate issue template. Confirm you are on the latest version using  yt-dlp -U')
[13:35:00.295] [Rover1] RESOLVE_FEED failed error=DownloadError('\x1b[0;31mERROR:\x1b[0m [youtube] inCQ49QGmqQ: No video formats found!; please report this issue on  https://github.com/yt-dlp/yt-dlp/issues?q= , filling out the appropriate issue template. Confirm you are on the latest version using  yt-dlp -U')
[13:35:00.380] [Rocket Ranch] RESOLVE_FEED failed error=DownloadError('\x1b[0;31mERROR:\x1b[0m [youtube] qw3uaLRrYNY: No video formats found!; please report this issue on  https://github.com/yt-dlp/yt-dlp/issues?q= , filling out the appropriate issue template. Confirm you are on the latest version using  yt-dlp -U')
[13:35:00.541] [SBL] RESOLVE_FEED failed error=DownloadError('\x1b[0;31mERROR:\x1b[0m [youtube] mhJRzQsLZGg: No video formats found!; please report this issue on  https://github.com/yt-dlp/yt-dlp/issues?q= , filling out the appropriate issue template. Confirm you are on the latest version using  yt-dlp -U')
[13:35:00.700] [Sentinel] RESOLVE_FEED failed error=DownloadError('\x1b[0;31mERROR:\x1b[0m [youtube] IQV0DlS1Ew0: No video formats found!; please report this issue on  https://github.com/yt-dlp/yt-dlp/issues?q= , filling out the appropriate issue template. Confirm you are on the latest version using  yt-dlp -U')
[13:37:33.163] [SBL] RESOLVE_FEED starting original=https://youtube.com/watch
[13:37:33.164] [SCL] RESOLVE_FEED starting original=https://youtube.com/watch
[13:37:33.165] [MGL] RESOLVE_FEED starting original=https://youtube.com/watch
[13:37:33.166] [Sentinel] RESOLVE_FEED starting original=https://youtube.com/watch
[13:37:33.167] [Rover1] RESOLVE_FEED starting original=https://www.youtube.com/watch
[13:37:33.168] [Rocket Ranch] RESOLVE_FEED starting original=https://youtube.com/watch
[13:37:33.169] [Rover 2] RESOLVE_FEED starting original=https://youtube.com/watch
[13:39:33.162] [SBL] RESOLVE_FEED starting original=https://youtube.com/watch
[13:39:33.163] [SCL] RESOLVE_FEED starting original=https://youtube.com/watch
[13:39:33.164] [MGL] RESOLVE_FEED starting original=https://youtube.com/watch
[13:39:33.165] [Sentinel] RESOLVE_FEED starting original=https://youtube.com/watch
[13:39:33.167] [Rover1] RESOLVE_FEED starting original=https://www.youtube.com/watch
[13:39:33.169] [Rocket Ranch] RESOLVE_FEED starting original=https://youtube.com/watch
[13:39:33.170] [Rover 2] RESOLVE_FEED starting original=https://youtube.com/watch
[13:39:36.382] [Rocket Ranch] STREAM_START original=https://youtube.com/watch
[13:39:36.721] [Rocket Ranch] SET_MEDIA url=https://manifest.googlevideo.com/api/manifest/hls_playlist/expire/1788133025/ei/QWqUavvcHdiFkucP46rRmAE/ip/2600:4040:282f:6200:bd75:1171:b122:320e/id/qw3uaLRrYNY.3/itag/96/source/yt_live_broadcast/requiressl/yes/ratebypass/yes/live/1/sgoap/gir%3Dyes%3Bitag%3D140/sgovp/gir%3Dyes%3Bitag%3D137/rqh/1/hls_chunk_host/rr8---sn-8xgp1vo-p5qel.googlevideo.com/xpc/EgVo2aDSNQ%3D%3D/playlist_duration/30/manifest_duration/30/bui/AR3QkAlmMaWCt7KeV7U82Qum_w1JvzP7QODNe2wZHYm8XVktbzZ5ocnAhGU9JX5gN-ZsbzZeM-_8BlUQ/spc/KBGBcoaFQobxwAnPky5b_nXfiSw45l_9-FS7gNRlbagDTF9P7i-PBrDorFH2Rkce/vprv/1/reg/0/playlist_type/DVR/initcwndbps/4021250/met/1788111425,/mh/RC/mm/44/mn/sn-8xgp1vo-p5qel/ms/lva/mv/m/mvi/8/pl/38/rms/lva,lva/dover/11/pacing/0/keepalive/yes/fexp/51565116,52135441/mt/1788110900/sparams/expire,ei,ip,id,itag,source,requiressl,ratebypass,live,sgoap,sgovp,rqh,xpc,playlist_duration,manifest_duration,bui,spc,vprv,reg,playlist_type/sig/AE0s2JYwRQIhAPduaucFNyntC-Ab_WZfjK7RuFSRbN0O43GO_nM-sAJGAiByK7EwlV5Nu8mFbc_qjui2121XAgjROH2PbS6vhzgi6g%3D%3D/lsparams/hls_chunk_host,initcwndbps,met,mh,mm,mn,ms,mv,mvi,pl,rms/lsig/APaTxxMwRQIgGtX-ZeQ9cMyiXcPBuleuAMw1EHdufptaToCeXshETjUCIQC4ZoDfENkiMysHR8ybccumQhw4Z56t62JpJxbIm3TCrQ%3D%3D/playlist/index.m3u8 url_status=new
[13:39:36.724] [Rocket Ranch] MEDIA_CREATED url=https://manifest.googlevideo.com/api/manifest/hls_playlist/expire/1788133025/ei/QWqUavvcHdiFkucP46rRmAE/ip/2600:4040:282f:6200:bd75:1171:b122:320e/id/qw3uaLRrYNY.3/itag/96/source/yt_live_broadcast/requiressl/yes/ratebypass/yes/live/1/sgoap/gir%3Dyes%3Bitag%3D140/sgovp/gir%3Dyes%3Bitag%3D137/rqh/1/hls_chunk_host/rr8---sn-8xgp1vo-p5qel.googlevideo.com/xpc/EgVo2aDSNQ%3D%3D/playlist_duration/30/manifest_duration/30/bui/AR3QkAlmMaWCt7KeV7U82Qum_w1JvzP7QODNe2wZHYm8XVktbzZ5ocnAhGU9JX5gN-ZsbzZeM-_8BlUQ/spc/KBGBcoaFQobxwAnPky5b_nXfiSw45l_9-FS7gNRlbagDTF9P7i-PBrDorFH2Rkce/vprv/1/reg/0/playlist_type/DVR/initcwndbps/4021250/met/1788111425,/mh/RC/mm/44/mn/sn-8xgp1vo-p5qel/ms/lva/mv/m/mvi/8/pl/38/rms/lva,lva/dover/11/pacing/0/keepalive/yes/fexp/51565116,52135441/mt/1788110900/sparams/expire,ei,ip,id,itag,source,requiressl,ratebypass,live,sgoap,sgovp,rqh,xpc,playlist_duration,manifest_duration,bui,spc,vprv,reg,playlist_type/sig/AE0s2JYwRQIhAPduaucFNyntC-Ab_WZfjK7RuFSRbN0O43GO_nM-sAJGAiByK7EwlV5Nu8mFbc_qjui2121XAgjROH2PbS6vhzgi6g%3D%3D/lsparams/hls_chunk_host,initcwndbps,met,mh,mm,mn,ms,mv,mvi,pl,rms/lsig/APaTxxMwRQIgGtX-ZeQ9cMyiXcPBuleuAMw1EHdufptaToCeXshETjUCIQC4ZoDfENkiMysHR8ybccumQhw4Z56t62JpJxbIm3TCrQ%3D%3D/playlist/index.m3u8
[13:39:36.725] [Rocket Ranch] STATE=State.NothingSpecial position=-0.0s
[13:39:36.793] [Rover 2] STREAM_START original=https://youtube.com/watch
[13:39:36.817] [Rover 2] SET_MEDIA url=https://manifest.googlevideo.com/api/manifest/hls_playlist/expire/1788133025/ei/QWqUaufPHdeDkucP-4S-qA8/ip/2600:4040:282f:6200:bd75:1171:b122:320e/id/tS2PHJmvJzo.3/itag/96/source/yt_live_broadcast/requiressl/yes/ratebypass/yes/live/1/sgoap/gir%3Dyes%3Bitag%3D140/sgovp/gir%3Dyes%3Bitag%3D137/rqh/1/hls_chunk_host/rr3---sn-8xgp1vo-p5qee.googlevideo.com/xpc/EgVo2aDSNQ%3D%3D/playlist_duration/30/manifest_duration/30/bui/AR3QkAkY5T8fgbcwrxipObsh52vB-gCt7YOAzzZWwiWopLUwYR7gQ8GpP-_5lry3uXb-4b3-XqKXIyQi/spc/KBGBciBB0vYhUXz5NUBeNDWCTgrn5EbbB-6AJurEjPsAJORd-wZbUg6dirDJCJ98/vprv/1/reg/0/playlist_type/DVR/initcwndbps/4188750/met/1788111425,/mh/Js/mm/44/mn/sn-8xgp1vo-p5qee/ms/lva/mv/m/mvi/3/pcm2cms/yes/pl/38/rms/lva,lva/dover/11/pacing/0/keepalive/yes/fexp/51565116,52135441/mt/1788111147/sparams/expire,ei,ip,id,itag,source,requiressl,ratebypass,live,sgoap,sgovp,rqh,xpc,playlist_duration,manifest_duration,bui,spc,vprv,reg,playlist_type/sig/AE0s2JYwRAIgM9RtOf4D4yITETUH1qG9LxTL_xKDnBhNVYhouEHAYhsCID0MqvvEJdox6t-f0HcWU7lx3FKYDI-vpzHUBr8f3vhX/lsparams/hls_chunk_host,initcwndbps,met,mh,mm,mn,ms,mv,mvi,pcm2cms,pl,rms/lsig/APaTxxMwRQIhAP53ldq40S9-q-JNQxptaWMwYnmXq4IwLa52zz6gXI_UAiBJWUfflnqh7mwHP5LUIZHww_rRRRJZ_5ynLXSZzzNIDA%3D%3D/playlist/index.m3u8 url_status=new
[13:39:36.819] [Rover 2] MEDIA_CREATED url=https://manifest.googlevideo.com/api/manifest/hls_playlist/expire/1788133025/ei/QWqUaufPHdeDkucP-4S-qA8/ip/2600:4040:282f:6200:bd75:1171:b122:320e/id/tS2PHJmvJzo.3/itag/96/source/yt_live_broadcast/requiressl/yes/ratebypass/yes/live/1/sgoap/gir%3Dyes%3Bitag%3D140/sgovp/gir%3Dyes%3Bitag%3D137/rqh/1/hls_chunk_host/rr3---sn-8xgp1vo-p5qee.googlevideo.com/xpc/EgVo2aDSNQ%3D%3D/playlist_duration/30/manifest_duration/30/bui/AR3QkAkY5T8fgbcwrxipObsh52vB-gCt7YOAzzZWwiWopLUwYR7gQ8GpP-_5lry3uXb-4b3-XqKXIyQi/spc/KBGBciBB0vYhUXz5NUBeNDWCTgrn5EbbB-6AJurEjPsAJORd-wZbUg6dirDJCJ98/vprv/1/reg/0/playlist_type/DVR/initcwndbps/4188750/met/1788111425,/mh/Js/mm/44/mn/sn-8xgp1vo-p5qee/ms/lva/mv/m/mvi/3/pcm2cms/yes/pl/38/rms/lva,lva/dover/11/pacing/0/keepalive/yes/fexp/51565116,52135441/mt/1788111147/sparams/expire,ei,ip,id,itag,source,requiressl,ratebypass,live,sgoap,sgovp,rqh,xpc,playlist_duration,manifest_duration,bui,spc,vprv,reg,playlist_type/sig/AE0s2JYwRAIgM9RtOf4D4yITETUH1qG9LxTL_xKDnBhNVYhouEHAYhsCID0MqvvEJdox6t-f0HcWU7lx3FKYDI-vpzHUBr8f3vhX/lsparams/hls_chunk_host,initcwndbps,met,mh,mm,mn,ms,mv,mvi,pcm2cms,pl,rms/lsig/APaTxxMwRQIhAP53ldq40S9-q-JNQxptaWMwYnmXq4IwLa52zz6gXI_UAiBJWUfflnqh7mwHP5LUIZHww_rRRRJZ_5ynLXSZzzNIDA%3D%3D/playlist/index.m3u8
[13:39:36.820] [Rover 2] STATE=State.NothingSpecial position=-0.0s
[13:39:36.820] [Rocket Ranch] STOP runtime=0.1s
[13:39:36.821] [Rocket Ranch] VLC_EVENT=EventType.MediaPlayerStopped
[13:39:36.879] [SBL] STREAM_START original=https://youtube.com/watch
[13:39:36.899] [SBL] SET_MEDIA url=https://manifest.googlevideo.com/api/manifest/hls_playlist/expire/1788133025/ei/QWqUas7mHsGAkucP_7OhkQE/ip/2600:4040:282f:6200:bd75:1171:b122:320e/id/mhJRzQsLZGg.17/itag/96/source/yt_live_broadcast/requiressl/yes/ratebypass/yes/live/1/sgoap/gir%3Dyes%3Bitag%3D140/sgovp/gir%3Dyes%3Bitag%3D137/rqh/1/hls_chunk_host/rr11---sn-8xgp1vo-p5qes.googlevideo.com/xpc/EgVo2aDSNQ%3D%3D/playlist_duration/30/manifest_duration/30/ss/1/ssa/1/bui/AR3QkAlrh9i22fmsW1nOn-iL5F07cXbxXjj6ShbYtQ9Dx-gfI9vd_5X49aSwzTGQqnnaseJlQZPht8Vu/spc/KBGBcts7FxctDIWEz2LgTbU3us1-ADU9RiC2LMe4prBDc4wA11GSYUHlhaRLDL_R/vprv/1/reg/0/playlist_type/DVR/initcwndbps/4053750/met/1788111425,/mh/3F/mm/44/mn/sn-8xgp1vo-p5qes/ms/lva/mv/m/mvi/11/pl/38/rms/lva,lva/dover/11/pacing/0/keepalive/yes/fexp/51565116,52135441/mt/1788110900/sparams/expire,ei,ip,id,itag,source,requiressl,ratebypass,live,sgoap,sgovp,rqh,xpc,playlist_duration,manifest_duration,ss,ssa,bui,spc,vprv,reg,playlist_type/sig/AE0s2JYwRgIhALSWu5oMauztvw8tOBs6rlkAk4KN65xoEys1156ZkMsxAiEAuHDsZ43Jw1Y-fHu2nO1wUCZJCoUhRePKw4Xv0o2Vh0s%3D/lsparams/hls_chunk_host,initcwndbps,met,mh,mm,mn,ms,mv,mvi,pl,rms/lsig/APaTxxMwRQIgcwbfTf-jwsvvJyEuyqL420Qz7VmTQRUPa231fp8KXEoCIQCKIeuE2zG1_MFfdKXRGMv2wJDrzSrIIAx5ktZQE2iKNg%3D%3D/playlist/index.m3u8 url_status=new
[13:39:36.902] [SBL] MEDIA_CREATED url=https://manifest.googlevideo.com/api/manifest/hls_playlist/expire/1788133025/ei/QWqUas7mHsGAkucP_7OhkQE/ip/2600:4040:282f:6200:bd75:1171:b122:320e/id/mhJRzQsLZGg.17/itag/96/source/yt_live_broadcast/requiressl/yes/ratebypass/yes/live/1/sgoap/gir%3Dyes%3Bitag%3D140/sgovp/gir%3Dyes%3Bitag%3D137/rqh/1/hls_chunk_host/rr11---sn-8xgp1vo-p5qes.googlevideo.com/xpc/EgVo2aDSNQ%3D%3D/playlist_duration/30/manifest_duration/30/ss/1/ssa/1/bui/AR3QkAlrh9i22fmsW1nOn-iL5F07cXbxXjj6ShbYtQ9Dx-gfI9vd_5X49aSwzTGQqnnaseJlQZPht8Vu/spc/KBGBcts7FxctDIWEz2LgTbU3us1-ADU9RiC2LMe4prBDc4wA11GSYUHlhaRLDL_R/vprv/1/reg/0/playlist_type/DVR/initcwndbps/4053750/met/1788111425,/mh/3F/mm/44/mn/sn-8xgp1vo-p5qes/ms/lva/mv/m/mvi/11/pl/38/rms/lva,lva/dover/11/pacing/0/keepalive/yes/fexp/51565116,52135441/mt/1788110900/sparams/expire,ei,ip,id,itag,source,requiressl,ratebypass,live,sgoap,sgovp,rqh,xpc,playlist_duration,manifest_duration,ss,ssa,bui,spc,vprv,reg,playlist_type/sig/AE0s2JYwRgIhALSWu5oMauztvw8tOBs6rlkAk4KN65xoEys1156ZkMsxAiEAuHDsZ43Jw1Y-fHu2nO1wUCZJCoUhRePKw4Xv0o2Vh0s%3D/lsparams/hls_chunk_host,initcwndbps,met,mh,mm,mn,ms,mv,mvi,pl,rms/lsig/APaTxxMwRQIgcwbfTf-jwsvvJyEuyqL420Qz7VmTQRUPa231fp8KXEoCIQCKIeuE2zG1_MFfdKXRGMv2wJDrzSrIIAx5ktZQE2iKNg%3D%3D/playlist/index.m3u8
[13:39:36.903] [SBL] STATE=State.NothingSpecial position=-0.0s
[13:39:36.903] [Rover 2] STOP runtime=0.1s
[13:39:36.904] [Rover 2] VLC_EVENT=EventType.MediaPlayerStopped
[13:39:36.946] [Sentinel] STREAM_START original=https://youtube.com/watch
[13:39:36.964] [Sentinel] SET_MEDIA url=https://manifest.googlevideo.com/api/manifest/hls_playlist/expire/1788133025/ei/QWqUaoOTKPu-kucPoLLD2Qc/ip/2600:4040:282f:6200:bd75:1171:b122:320e/id/IQV0DlS1Ew0.4/itag/96/source/yt_live_broadcast/requiressl/yes/ratebypass/yes/live/1/sgoap/gir%3Dyes%3Bitag%3D140/sgovp/gir%3Dyes%3Bitag%3D137/rqh/1/hls_chunk_host/rr6---sn-8xgp1vo-p5qes.googlevideo.com/xpc/EgVo2aDSNQ%3D%3D/playlist_duration/30/manifest_duration/30/bui/AR3QkAmspGDJt08S5aCNJgbAhKizVHXaTY2yVEsSLQtXN_QEIPD9NtYkBtNCF-x-0B0qIFKOh-R4h-Jl/spc/KBGBclRbd8M3qNXtMLTkeX6CUHbwGWUAkahQ3n3KxQYA4PmhS1SE65ONSiq_NPLN/vprv/1/reg/0/playlist_type/DVR/initcwndbps/4053750/met/1788111425,/mh/dC/mm/44/mn/sn-8xgp1vo-p5qes/ms/lva/mv/m/mvi/6/pl/38/rms/lva,lva/dover/11/pacing/0/keepalive/yes/fexp/51565115,52135441/mt/1788110900/sparams/expire,ei,ip,id,itag,source,requiressl,ratebypass,live,sgoap,sgovp,rqh,xpc,playlist_duration,manifest_duration,bui,spc,vprv,reg,playlist_type/sig/AE0s2JYwRQIgZv4HV4Ktmt65__DQzzId3Tq2jhsEaXNsvZG9v9Vcxn0CIQDsgqVwF_8AO84TkZp2cxW4kZtMtVFfxAbeuRfCnSqvgA%3D%3D/lsparams/hls_chunk_host,initcwndbps,met,mh,mm,mn,ms,mv,mvi,pl,rms/lsig/APaTxxMwRQIhAOimwB6hGAKs9csX5lDbcB2OhTwt3ZBB4pg_CNu0TTVEAiAPzehOHVb3ckJgbnyqAbmZwGR-MWGvs4ZVzXhBg0at7w%3D%3D/playlist/index.m3u8 url_status=new
[13:39:36.966] [Sentinel] MEDIA_CREATED url=https://manifest.googlevideo.com/api/manifest/hls_playlist/expire/1788133025/ei/QWqUaoOTKPu-kucPoLLD2Qc/ip/2600:4040:282f:6200:bd75:1171:b122:320e/id/IQV0DlS1Ew0.4/itag/96/source/yt_live_broadcast/requiressl/yes/ratebypass/yes/live/1/sgoap/gir%3Dyes%3Bitag%3D140/sgovp/gir%3Dyes%3Bitag%3D137/rqh/1/hls_chunk_host/rr6---sn-8xgp1vo-p5qes.googlevideo.com/xpc/EgVo2aDSNQ%3D%3D/playlist_duration/30/manifest_duration/30/bui/AR3QkAmspGDJt08S5aCNJgbAhKizVHXaTY2yVEsSLQtXN_QEIPD9NtYkBtNCF-x-0B0qIFKOh-R4h-Jl/spc/KBGBclRbd8M3qNXtMLTkeX6CUHbwGWUAkahQ3n3KxQYA4PmhS1SE65ONSiq_NPLN/vprv/1/reg/0/playlist_type/DVR/initcwndbps/4053750/met/1788111425,/mh/dC/mm/44/mn/sn-8xgp1vo-p5qes/ms/lva/mv/m/mvi/6/pl/38/rms/lva,lva/dover/11/pacing/0/keepalive/yes/fexp/51565115,52135441/mt/1788110900/sparams/expire,ei,ip,id,itag,source,requiressl,ratebypass,live,sgoap,sgovp,rqh,xpc,playlist_duration,manifest_duration,bui,spc,vprv,reg,playlist_type/sig/AE0s2JYwRQIgZv4HV4Ktmt65__DQzzId3Tq2jhsEaXNsvZG9v9Vcxn0CIQDsgqVwF_8AO84TkZp2cxW4kZtMtVFfxAbeuRfCnSqvgA%3D%3D/lsparams/hls_chunk_host,initcwndbps,met,mh,mm,mn,ms,mv,mvi,pl,rms/lsig/APaTxxMwRQIhAOimwB6hGAKs9csX5lDbcB2OhTwt3ZBB4pg_CNu0TTVEAiAPzehOHVb3ckJgbnyqAbmZwGR-MWGvs4ZVzXhBg0at7w%3D%3D/playlist/index.m3u8
[13:39:36.966] [Sentinel] STATE=State.NothingSpecial position=-0.0s
[13:39:36.967] [SBL] STOP runtime=0.1s
[13:39:36.967] [SBL] VLC_EVENT=EventType.MediaPlayerStopped
[13:39:37.007] [Rover1] STREAM_START original=https://www.youtube.com/watch
[13:39:37.026] [Rover1] SET_MEDIA url=https://manifest.googlevideo.com/api/manifest/hls_playlist/expire/1788133025/ei/QWqUasmkI_PYkucP6s3n2QU/ip/2600:4040:282f:6200:bd75:1171:b122:320e/id/inCQ49QGmqQ.2/itag/96/source/yt_live_broadcast/requiressl/yes/ratebypass/yes/live/1/sgoap/gir%3Dyes%3Bitag%3D140/sgovp/gir%3Dyes%3Bitag%3D137/rqh/1/hls_chunk_host/rr13---sn-8xgp1vo-p5qes.googlevideo.com/xpc/EgVo2aDSNQ%3D%3D/playlist_duration/30/manifest_duration/30/bui/AR3QkAntqckZoHyd7C3sPdCoJI4u6wvGcZmEiNQgArvC2kLMPutJ5eFI4JDrTWd4tBJ9YPTudIJMr-CD/spc/KBGBcl-gGkDAMX7RswUzjlkkDmAUDPpyaP2-Kk4VoSxt3u1GsmkQHyfXNze2RJZT/vprv/1/reg/0/playlist_type/DVR/initcwndbps/4172500/met/1788111425,/mh/9I/mm/44/mn/sn-8xgp1vo-p5qes/ms/lva/mv/m/mvi/13/pl/38/rms/lva,lva/dover/11/pacing/0/keepalive/yes/fexp/51565116,52135441/mt/1788111147/sparams/expire,ei,ip,id,itag,source,requiressl,ratebypass,live,sgoap,sgovp,rqh,xpc,playlist_duration,manifest_duration,bui,spc,vprv,reg,playlist_type/sig/AE0s2JYwRAIgPDAWAguGL9FCw2NisXXvOowuwWMxK1SYJnaTdqIB0HECIE4jiMS-aER6IdOd0ZUawVwtkbNX09CIBYolNXiFC9Ri/lsparams/hls_chunk_host,initcwndbps,met,mh,mm,mn,ms,mv,mvi,pl,rms/lsig/APaTxxMwRQIgW84ayuHYuReejRn3aa4lRWa3bLOii_qz3uLYaJXZtNcCIQCSvt7zuVN_kamK2mDXwjJF1ITHw8LwfovTIA3on1DgqA%3D%3D/playlist/index.m3u8 url_status=new
[13:39:37.027] [Rover1] MEDIA_CREATED url=https://manifest.googlevideo.com/api/manifest/hls_playlist/expire/1788133025/ei/QWqUasmkI_PYkucP6s3n2QU/ip/2600:4040:282f:6200:bd75:1171:b122:320e/id/inCQ49QGmqQ.2/itag/96/source/yt_live_broadcast/requiressl/yes/ratebypass/yes/live/1/sgoap/gir%3Dyes%3Bitag%3D140/sgovp/gir%3Dyes%3Bitag%3D137/rqh/1/hls_chunk_host/rr13---sn-8xgp1vo-p5qes.googlevideo.com/xpc/EgVo2aDSNQ%3D%3D/playlist_duration/30/manifest_duration/30/bui/AR3QkAntqckZoHyd7C3sPdCoJI4u6wvGcZmEiNQgArvC2kLMPutJ5eFI4JDrTWd4tBJ9YPTudIJMr-CD/spc/KBGBcl-gGkDAMX7RswUzjlkkDmAUDPpyaP2-Kk4VoSxt3u1GsmkQHyfXNze2RJZT/vprv/1/reg/0/playlist_type/DVR/initcwndbps/4172500/met/1788111425,/mh/9I/mm/44/mn/sn-8xgp1vo-p5qes/ms/lva/mv/m/mvi/13/pl/38/rms/lva,lva/dover/11/pacing/0/keepalive/yes/fexp/51565116,52135441/mt/1788111147/sparams/expire,ei,ip,id,itag,source,requiressl,ratebypass,live,sgoap,sgovp,rqh,xpc,playlist_duration,manifest_duration,bui,spc,vprv,reg,playlist_type/sig/AE0s2JYwRAIgPDAWAguGL9FCw2NisXXvOowuwWMxK1SYJnaTdqIB0HECIE4jiMS-aER6IdOd0ZUawVwtkbNX09CIBYolNXiFC9Ri/lsparams/hls_chunk_host,initcwndbps,met,mh,mm,mn,ms,mv,mvi,pl,rms/lsig/APaTxxMwRQIgW84ayuHYuReejRn3aa4lRWa3bLOii_qz3uLYaJXZtNcCIQCSvt7zuVN_kamK2mDXwjJF1ITHw8LwfovTIA3on1DgqA%3D%3D/playlist/index.m3u8
[13:39:37.028] [Rover1] STATE=State.NothingSpecial position=-0.0s
[13:39:37.028] [Sentinel] STOP runtime=0.1s
[13:39:37.029] [Sentinel] VLC_EVENT=EventType.MediaPlayerStopped
[13:39:37.072] [MGL] STREAM_START original=https://youtube.com/watch
[13:39:37.091] [MGL] SET_MEDIA url=https://manifest.googlevideo.com/api/manifest/hls_playlist/expire/1788133025/ei/QWqUaquoKaGBkucPtI-o6Qs/ip/2600:4040:282f:6200:bd75:1171:b122:320e/id/cOmmvhDQ2HM.13/itag/96/source/yt_live_broadcast/requiressl/yes/ratebypass/yes/live/1/sgoap/gir%3Dyes%3Bitag%3D140/sgovp/gir%3Dyes%3Bitag%3D137/rqh/1/hls_chunk_host/rr7---sn-8xgp1vo-p5qe7.googlevideo.com/xpc/EgVo2aDSNQ%3D%3D/playlist_duration/30/manifest_duration/30/ss/1/ssa/1/bui/AR3QkAl1t6VGDvKaaROsLqyeRkxxFQA3mZhPkfHMDzBb935OYqUaAGEAWQZql-61KZz75AdWPRcyUR_B/spc/KBGBcrSgDH_-u361DypoNvzRo6J5x0BJjvtmWJAIlz_M-9dkmn68tSGWSwj8afYu/vprv/1/reg/0/playlist_type/DVR/initcwndbps/4338750/met/1788111425,/mh/m4/mm/44/mn/sn-8xgp1vo-p5qe7/ms/lva/mv/m/mvi/7/pl/38/rms/lva,lva/dover/11/pacing/0/keepalive/yes/fexp/51565115,52135441/mt/1788111147/sparams/expire,ei,ip,id,itag,source,requiressl,ratebypass,live,sgoap,sgovp,rqh,xpc,playlist_duration,manifest_duration,ss,ssa,bui,spc,vprv,reg,playlist_type/sig/AE0s2JYwRgIhAOt7PXcAgvlR0PIvkFklxKH2_PVlwbn0mlDywBdfGL0cAiEAop0K5K1dOGFBQV0aSi6Y0mEGVArCx5qNMreHI7iiGVY%3D/lsparams/hls_chunk_host,initcwndbps,met,mh,mm,mn,ms,mv,mvi,pl,rms/lsig/APaTxxMwRAIgTtODCvgZ4rDExfGnc1ZfrQOPsDw9IIaJRoFx8v-AnFcCIHMo9N-DBt9_XKqMBC8yFax5dvBs_r1mxMw9zAAAjCum/playlist/index.m3u8 url_status=new
[13:39:37.093] [MGL] MEDIA_CREATED url=https://manifest.googlevideo.com/api/manifest/hls_playlist/expire/1788133025/ei/QWqUaquoKaGBkucPtI-o6Qs/ip/2600:4040:282f:6200:bd75:1171:b122:320e/id/cOmmvhDQ2HM.13/itag/96/source/yt_live_broadcast/requiressl/yes/ratebypass/yes/live/1/sgoap/gir%3Dyes%3Bitag%3D140/sgovp/gir%3Dyes%3Bitag%3D137/rqh/1/hls_chunk_host/rr7---sn-8xgp1vo-p5qe7.googlevideo.com/xpc/EgVo2aDSNQ%3D%3D/playlist_duration/30/manifest_duration/30/ss/1/ssa/1/bui/AR3QkAl1t6VGDvKaaROsLqyeRkxxFQA3mZhPkfHMDzBb935OYqUaAGEAWQZql-61KZz75AdWPRcyUR_B/spc/KBGBcrSgDH_-u361DypoNvzRo6J5x0BJjvtmWJAIlz_M-9dkmn68tSGWSwj8afYu/vprv/1/reg/0/playlist_type/DVR/initcwndbps/4338750/met/1788111425,/mh/m4/mm/44/mn/sn-8xgp1vo-p5qe7/ms/lva/mv/m/mvi/7/pl/38/rms/lva,lva/dover/11/pacing/0/keepalive/yes/fexp/51565115,52135441/mt/1788111147/sparams/expire,ei,ip,id,itag,source,requiressl,ratebypass,live,sgoap,sgovp,rqh,xpc,playlist_duration,manifest_duration,ss,ssa,bui,spc,vprv,reg,playlist_type/sig/AE0s2JYwRgIhAOt7PXcAgvlR0PIvkFklxKH2_PVlwbn0mlDywBdfGL0cAiEAop0K5K1dOGFBQV0aSi6Y0mEGVArCx5qNMreHI7iiGVY%3D/lsparams/hls_chunk_host,initcwndbps,met,mh,mm,mn,ms,mv,mvi,pl,rms/lsig/APaTxxMwRAIgTtODCvgZ4rDExfGnc1ZfrQOPsDw9IIaJRoFx8v-AnFcCIHMo9N-DBt9_XKqMBC8yFax5dvBs_r1mxMw9zAAAjCum/playlist/index.m3u8
[13:39:37.094] [MGL] STATE=State.NothingSpecial position=-0.0s
[13:39:37.095] [Rover1] STOP runtime=0.1s
[13:39:37.095] [Rover1] VLC_EVENT=EventType.MediaPlayerStopped
[13:39:37.192] [SCL] STREAM_START original=https://youtube.com/watch
[13:39:37.222] [SCL] SET_MEDIA url=https://manifest.googlevideo.com/api/manifest/hls_playlist/expire/1788133025/ei/QWqUaty8OfCBkucPt_GD0A4/ip/2600:4040:282f:6200:bd75:1171:b122:320e/id/Jm8wRjD3xVA.3/itag/96/source/yt_live_broadcast/requiressl/yes/ratebypass/yes/live/1/sgoap/gir%3Dyes%3Bitag%3D140/sgovp/gir%3Dyes%3Bitag%3D137/rqh/1/hls_chunk_host/rr1---sn-8xgp1vo-p5qe.googlevideo.com/xpc/EgVo2aDSNQ%3D%3D/playlist_duration/30/manifest_duration/30/ss/1/ssa/1/bui/AR3QkAlApfcQ6KzWkxGkJbAmxm86IukJe-ObpcvdTVN-PUAMH-Jviobcr4UoQYc3iy96tiGQfSvPO8rC/spc/KBGBcqYefF5YF6z1gK7W6YixOnlFLrPZSRutPD9AX0oKhMkC3DPq_oaFkBHePMEb/vprv/1/reg/0/playlist_type/DVR/initcwndbps/4058750/met/1788111426,/mh/Mv/mm/44/mn/sn-8xgp1vo-p5qe/ms/lva/mv/m/mvi/1/pl/38/rms/lva,lva/dover/11/pacing/0/keepalive/yes/fexp/51565116,52112904,52135441/mt/1788110900/sparams/expire,ei,ip,id,itag,source,requiressl,ratebypass,live,sgoap,sgovp,rqh,xpc,playlist_duration,manifest_duration,ss,ssa,bui,spc,vprv,reg,playlist_type/sig/AE0s2JYwRQIhALICAHeyi6mX96G6EKH38ult13OZHZ5WbMnO2FdBeP9RAiBYamAHRbJNg8NNppzJnsQVBrnmXx0AjfJ49xJ8Zh3aIg%3D%3D/lsparams/hls_chunk_host,initcwndbps,met,mh,mm,mn,ms,mv,mvi,pl,rms/lsig/APaTxxMwRQIgYqWGf12zGp6inXr_3m5zXGgTKue-L73iHYQPGdt5mUcCIQDGQwrb5-mgPNRbKwfIWd-dhG5XKq-G0xsVPMYXnXuKgw%3D%3D/playlist/index.m3u8 url_status=new
[13:39:37.224] [SCL] MEDIA_CREATED url=https://manifest.googlevideo.com/api/manifest/hls_playlist/expire/1788133025/ei/QWqUaty8OfCBkucPt_GD0A4/ip/2600:4040:282f:6200:bd75:1171:b122:320e/id/Jm8wRjD3xVA.3/itag/96/source/yt_live_broadcast/requiressl/yes/ratebypass/yes/live/1/sgoap/gir%3Dyes%3Bitag%3D140/sgovp/gir%3Dyes%3Bitag%3D137/rqh/1/hls_chunk_host/rr1---sn-8xgp1vo-p5qe.googlevideo.com/xpc/EgVo2aDSNQ%3D%3D/playlist_duration/30/manifest_duration/30/ss/1/ssa/1/bui/AR3QkAlApfcQ6KzWkxGkJbAmxm86IukJe-ObpcvdTVN-PUAMH-Jviobcr4UoQYc3iy96tiGQfSvPO8rC/spc/KBGBcqYefF5YF6z1gK7W6YixOnlFLrPZSRutPD9AX0oKhMkC3DPq_oaFkBHePMEb/vprv/1/reg/0/playlist_type/DVR/initcwndbps/4058750/met/1788111426,/mh/Mv/mm/44/mn/sn-8xgp1vo-p5qe/ms/lva/mv/m/mvi/1/pl/38/rms/lva,lva/dover/11/pacing/0/keepalive/yes/fexp/51565116,52112904,52135441/mt/1788110900/sparams/expire,ei,ip,id,itag,source,requiressl,ratebypass,live,sgoap,sgovp,rqh,xpc,playlist_duration,manifest_duration,ss,ssa,bui,spc,vprv,reg,playlist_type/sig/AE0s2JYwRQIhALICAHeyi6mX96G6EKH38ult13OZHZ5WbMnO2FdBeP9RAiBYamAHRbJNg8NNppzJnsQVBrnmXx0AjfJ49xJ8Zh3aIg%3D%3D/lsparams/hls_chunk_host,initcwndbps,met,mh,mm,mn,ms,mv,mvi,pl,rms/lsig/APaTxxMwRQIgYqWGf12zGp6inXr_3m5zXGgTKue-L73iHYQPGdt5mUcCIQDGQwrb5-mgPNRbKwfIWd-dhG5XKq-G0xsVPMYXnXuKgw%3D%3D/playlist/index.m3u8
[13:39:37.224] [SCL] STATE=State.NothingSpecial position=-0.0s
[13:39:37.225] [MGL] STOP runtime=0.1s
[13:39:37.225] [MGL] VLC_EVENT=EventType.MediaPlayerStopped
[13:39:37.330] [SCL] PLAY requested runtime=0.1s
[13:39:37.333] [SCL] VLC_EVENT=EventType.MediaPlayerOpening
[13:39:37.333] [SCL] VLC_EVENT=EventType.MediaPlayerBuffering
[13:39:37.725] [SCL] STATE=State.Opening position=0.0s
[13:39:37.953] [SCL] VLC_EVENT=EventType.MediaPlayerPlaying
[13:39:38.079] [SCL] VLC_EVENT=EventType.MediaPlayerBuffering
[13:39:38.080] [SCL] VLC_EVENT=EventType.MediaPlayerBuffering
[13:39:38.081] [SCL] VLC_EVENT=EventType.MediaPlayerBuffering
[13:39:38.081] [SCL] VLC_EVENT=EventType.MediaPlayerBuffering
[13:39:38.082] [SCL] VLC_EVENT=EventType.MediaPlayerBuffering
[13:39:38.083] [SCL] VLC_EVENT=EventType.MediaPlayerBuffering
[13:39:38.083] [SCL] VLC_EVENT=EventType.MediaPlayerBuffering
[13:39:38.084] [SCL] VLC_EVENT=EventType.MediaPlayerBuffering
[13:39:38.084] [SCL] VLC_EVENT=EventType.MediaPlayerBuffering
[13:39:38.085] [SCL] VLC_EVENT=EventType.MediaPlayerBuffering
[13:39:38.085] [SCL] VLC_EVENT=EventType.MediaPlayerBuffering
[13:39:38.086] [SCL] VLC_EVENT=EventType.MediaPlayerBuffering
[13:39:38.086] [SCL] VLC_EVENT=EventType.MediaPlayerBuffering
[13:39:38.086] [SCL] VLC_EVENT=EventType.MediaPlayerBuffering
[13:39:38.087] [SCL] VLC_EVENT=EventType.MediaPlayerBuffering
[13:39:38.087] [SCL] VLC_EVENT=EventType.MediaPlayerBuffering
[13:39:38.088] [SCL] VLC_EVENT=EventType.MediaPlayerBuffering
[13:39:38.088] [SCL] VLC_EVENT=EventType.MediaPlayerBuffering
[13:39:38.089] [SCL] VLC_EVENT=EventType.MediaPlayerBuffering
[13:39:38.089] [SCL] VLC_EVENT=EventType.MediaPlayerBuffering
[13:39:38.090] [SCL] VLC_EVENT=EventType.MediaPlayerBuffering
[13:39:38.090] [SCL] VLC_EVENT=EventType.MediaPlayerBuffering
[13:39:38.091] [SCL] VLC_EVENT=EventType.MediaPlayerBuffering
[13:39:38.091] [SCL] VLC_EVENT=EventType.MediaPlayerBuffering
[13:39:38.091] [SCL] VLC_EVENT=EventType.MediaPlayerBuffering
[13:39:38.092] [SCL] VLC_EVENT=EventType.MediaPlayerBuffering
[13:39:38.093] [SCL] VLC_EVENT=EventType.MediaPlayerBuffering
[13:39:38.093] [SCL] VLC_EVENT=EventType.MediaPlayerBuffering
[13:39:38.094] [SCL] VLC_EVENT=EventType.MediaPlayerBuffering
[13:39:38.094] [SCL] VLC_EVENT=EventType.MediaPlayerBuffering
[13:39:38.095] [SCL] VLC_EVENT=EventType.MediaPlayerBuffering
[13:39:38.095] [SCL] VLC_EVENT=EventType.MediaPlayerBuffering
[13:39:38.226] [SCL] STATE=State.Playing position=0.0s
[13:39:39.227] [SCL] PROGRESS state=State.Playing position=12.6s advancing=True
[13:39:40.736] [SCL] PROGRESS state=State.Playing position=13.6s advancing=True
[13:39:42.257] [SCL] PROGRESS state=State.Playing position=15.6s advancing=True
[13:39:43.275] [SCL] PROGRESS state=State.Playing position=16.6s advancing=True
[13:39:46.292] [SCL] PROGRESS state=State.Playing position=19.6s advancing=True
[13:39:49.326] [SCL] PROGRESS state=State.Playing position=22.6s advancing=True
[13:39:50.332] [SCL] PROGRESS state=State.Playing position=23.6s advancing=True
[13:39:51.337] [SCL] PROGRESS state=State.Playing position=24.6s advancing=True
[13:39:52.342] [SCL] PROGRESS state=State.Playing position=25.6s advancing=True
[13:39:53.347] [SCL] PROGRESS state=State.Playing position=26.6s advancing=True
[13:39:54.351] [SCL] PROGRESS state=State.Playing position=27.6s advancing=True
[13:39:55.357] [SCL] PROGRESS state=State.Playing position=28.6s advancing=True
[13:39:56.363] [SCL] PROGRESS state=State.Playing position=29.6s advancing=True
[13:39:57.368] [SCL] PROGRESS state=State.Playing position=30.6s advancing=True
[13:42:58.228] [SBL] RESOLVE_FEED starting original=https://youtube.com/watch
[13:42:58.229] [SCL] RESOLVE_FEED starting original=https://youtube.com/watch
[13:42:58.231] [MGL] RESOLVE_FEED starting original=https://youtube.com/watch
[13:42:58.232] [Sentinel] RESOLVE_FEED starting original=https://youtube.com/watch
[13:42:58.233] [Rover1] RESOLVE_FEED starting original=https://www.youtube.com/watch
[13:42:58.235] [Rocket Ranch] RESOLVE_FEED starting original=https://youtube.com/watch
[13:42:58.236] [Rover 2] RESOLVE_FEED starting original=https://youtube.com/watch
[13:43:01.227] [SBL] STREAM_START original=https://youtube.com/watch
[13:43:01.578] [SBL] SET_MEDIA url=https://manifest.googlevideo.com/api/manifest/hls_playlist/expire/1788133230/ei/DmuUat7yGOyHkucP6e_GkQs/ip/2600:4040:282f:6200:bd75:1171:b122:320e/id/mhJRzQsLZGg.17/itag/96/source/yt_live_broadcast/requiressl/yes/ratebypass/yes/live/1/sgoap/gir%3Dyes%3Bitag%3D140/sgovp/gir%3Dyes%3Bitag%3D137/rqh/1/hls_chunk_host/rr11---sn-8xgp1vo-p5qes.googlevideo.com/xpc/EgVo2aDSNQ%3D%3D/playlist_duration/30/manifest_duration/30/ss/1/ssa/1/bui/AR3QkAl-06OQO7XZnxqgtrp1geDVrYPGXTD4KkIe7Q-jLzSMBNsOa3SAJwICqS1Q1Ln5r8Dx3Pme2O4d/spc/KBGBcgvj3Xg6FDCI7QxqWkJNo_3ULKWjID_oD-tgBrWRlJzIixyN22_ssOzohQk8/vprv/1/reg/0/playlist_type/DVR/initcwndbps/4172500/met/1788111630,/mh/3F/mm/44/mn/sn-8xgp1vo-p5qes/ms/lva/mv/m/mvi/11/pl/38/rms/lva,lva/dover/11/pacing/0/keepalive/yes/fexp/51565116,52135441/mt/1788111147/sparams/expire,ei,ip,id,itag,source,requiressl,ratebypass,live,sgoap,sgovp,rqh,xpc,playlist_duration,manifest_duration,ss,ssa,bui,spc,vprv,reg,playlist_type/sig/AE0s2JYwRgIhAPyj6OF1L3t1BfvXxJRf48InH_SLYbU9d6TS2zXQhvtyAiEA5eXRWM1BZzP57-hL193eRgCtAEe2UldwFEL5dM-LwpE%3D/lsparams/hls_chunk_host,initcwndbps,met,mh,mm,mn,ms,mv,mvi,pl,rms/lsig/APaTxxMwRAIgHBtT1P2I6owVTBhsObRU_wYdikyk7MTBg7ftTIGX6kwCIA7I7rRUI5YijiaLcErEcbyo91m2ueiQwOCgOUbyCJ7A/playlist/index.m3u8 url_status=new
[13:43:01.580] [SBL] MEDIA_CREATED url=https://manifest.googlevideo.com/api/manifest/hls_playlist/expire/1788133230/ei/DmuUat7yGOyHkucP6e_GkQs/ip/2600:4040:282f:6200:bd75:1171:b122:320e/id/mhJRzQsLZGg.17/itag/96/source/yt_live_broadcast/requiressl/yes/ratebypass/yes/live/1/sgoap/gir%3Dyes%3Bitag%3D140/sgovp/gir%3Dyes%3Bitag%3D137/rqh/1/hls_chunk_host/rr11---sn-8xgp1vo-p5qes.googlevideo.com/xpc/EgVo2aDSNQ%3D%3D/playlist_duration/30/manifest_duration/30/ss/1/ssa/1/bui/AR3QkAl-06OQO7XZnxqgtrp1geDVrYPGXTD4KkIe7Q-jLzSMBNsOa3SAJwICqS1Q1Ln5r8Dx3Pme2O4d/spc/KBGBcgvj3Xg6FDCI7QxqWkJNo_3ULKWjID_oD-tgBrWRlJzIixyN22_ssOzohQk8/vprv/1/reg/0/playlist_type/DVR/initcwndbps/4172500/met/1788111630,/mh/3F/mm/44/mn/sn-8xgp1vo-p5qes/ms/lva/mv/m/mvi/11/pl/38/rms/lva,lva/dover/11/pacing/0/keepalive/yes/fexp/51565116,52135441/mt/1788111147/sparams/expire,ei,ip,id,itag,source,requiressl,ratebypass,live,sgoap,sgovp,rqh,xpc,playlist_duration,manifest_duration,ss,ssa,bui,spc,vprv,reg,playlist_type/sig/AE0s2JYwRgIhAPyj6OF1L3t1BfvXxJRf48InH_SLYbU9d6TS2zXQhvtyAiEA5eXRWM1BZzP57-hL193eRgCtAEe2UldwFEL5dM-LwpE%3D/lsparams/hls_chunk_host,initcwndbps,met,mh,mm,mn,ms,mv,mvi,pl,rms/lsig/APaTxxMwRAIgHBtT1P2I6owVTBhsObRU_wYdikyk7MTBg7ftTIGX6kwCIA7I7rRUI5YijiaLcErEcbyo91m2ueiQwOCgOUbyCJ7A/playlist/index.m3u8
[13:43:01.581] [SBL] STATE=State.NothingSpecial position=-0.0s
[13:43:01.587] [Rover1] STREAM_START original=https://www.youtube.com/watch
[13:43:01.605] [Rover1] SET_MEDIA url=https://manifest.googlevideo.com/api/manifest/hls_playlist/expire/1788133230/ei/DmuUaszBHZu-kucPuL__0AQ/ip/2600:4040:282f:6200:bd75:1171:b122:320e/id/inCQ49QGmqQ.2/itag/96/source/yt_live_broadcast/requiressl/yes/ratebypass/yes/live/1/sgoap/gir%3Dyes%3Bitag%3D140/sgovp/gir%3Dyes%3Bitag%3D137/rqh/1/hls_chunk_host/rr13---sn-8xgp1vo-p5qes.googlevideo.com/xpc/EgVo2aDSNQ%3D%3D/playlist_duration/30/manifest_duration/30/bui/AR3QkAkPSz4C1b4LowD58sK9WLzcXSpiankhYLKIFhlOi4xIyfoolKAaFDCt6YRMgwAcGwDdCMCuP2rv/spc/KBGBcjT88eotXAHAiI1m5wZpIshw0Z5K_8IzClYBzk_A6oBVTEMJn_GAAkG3EE-_/vprv/1/reg/0/playlist_type/DVR/initcwndbps/4061250/met/1788111630,/mh/9I/mm/44/mn/sn-8xgp1vo-p5qes/ms/lva/mv/m/mvi/13/pl/38/rms/lva,lva/dover/11/pacing/0/keepalive/yes/fexp/51565116,52135441/mt/1788111394/sparams/expire,ei,ip,id,itag,source,requiressl,ratebypass,live,sgoap,sgovp,rqh,xpc,playlist_duration,manifest_duration,bui,spc,vprv,reg,playlist_type/sig/AE0s2JYwRQIhALiQAARt1xpraCuC-ejuAZiSw9Lm2nVNNxgNUL7V6SESAiAvI4Odn4auDhUQWebONdLtE_gIouOCiuVqTicXAe1-Bg%3D%3D/lsparams/hls_chunk_host,initcwndbps,met,mh,mm,mn,ms,mv,mvi,pl,rms/lsig/APaTxxMwRQIhAP7ei1-NwTw4TOQ6f_ktDbgAb1unIW36zPHfj0oj2jgXAiAMkWGcoWlma7n87RZwd1lHiyDGN5rNrHgQBRVW89AHXQ%3D%3D/playlist/index.m3u8 url_status=new
[13:43:01.608] [Rover1] MEDIA_CREATED url=https://manifest.googlevideo.com/api/manifest/hls_playlist/expire/1788133230/ei/DmuUaszBHZu-kucPuL__0AQ/ip/2600:4040:282f:6200:bd75:1171:b122:320e/id/inCQ49QGmqQ.2/itag/96/source/yt_live_broadcast/requiressl/yes/ratebypass/yes/live/1/sgoap/gir%3Dyes%3Bitag%3D140/sgovp/gir%3Dyes%3Bitag%3D137/rqh/1/hls_chunk_host/rr13---sn-8xgp1vo-p5qes.googlevideo.com/xpc/EgVo2aDSNQ%3D%3D/playlist_duration/30/manifest_duration/30/bui/AR3QkAkPSz4C1b4LowD58sK9WLzcXSpiankhYLKIFhlOi4xIyfoolKAaFDCt6YRMgwAcGwDdCMCuP2rv/spc/KBGBcjT88eotXAHAiI1m5wZpIshw0Z5K_8IzClYBzk_A6oBVTEMJn_GAAkG3EE-_/vprv/1/reg/0/playlist_type/DVR/initcwndbps/4061250/met/1788111630,/mh/9I/mm/44/mn/sn-8xgp1vo-p5qes/ms/lva/mv/m/mvi/13/pl/38/rms/lva,lva/dover/11/pacing/0/keepalive/yes/fexp/51565116,52135441/mt/1788111394/sparams/expire,ei,ip,id,itag,source,requiressl,ratebypass,live,sgoap,sgovp,rqh,xpc,playlist_duration,manifest_duration,bui,spc,vprv,reg,playlist_type/sig/AE0s2JYwRQIhALiQAARt1xpraCuC-ejuAZiSw9Lm2nVNNxgNUL7V6SESAiAvI4Odn4auDhUQWebONdLtE_gIouOCiuVqTicXAe1-Bg%3D%3D/lsparams/hls_chunk_host,initcwndbps,met,mh,mm,mn,ms,mv,mvi,pl,rms/lsig/APaTxxMwRQIhAP7ei1-NwTw4TOQ6f_ktDbgAb1unIW36zPHfj0oj2jgXAiAMkWGcoWlma7n87RZwd1lHiyDGN5rNrHgQBRVW89AHXQ%3D%3D/playlist/index.m3u8
[13:43:01.609] [Rover1] STATE=State.NothingSpecial position=-0.0s
[13:43:01.613] [Rocket Ranch] STREAM_START original=https://youtube.com/watch
[13:43:01.632] [Rocket Ranch] SET_MEDIA url=https://manifest.googlevideo.com/api/manifest/hls_playlist/expire/1788133230/ei/DmuUaor1IqKDkucPu4iVmQI/ip/2600:4040:282f:6200:bd75:1171:b122:320e/id/qw3uaLRrYNY.3/itag/96/source/yt_live_broadcast/requiressl/yes/ratebypass/yes/live/1/sgoap/gir%3Dyes%3Bitag%3D140/sgovp/gir%3Dyes%3Bitag%3D137/rqh/1/hls_chunk_host/rr8---sn-8xgp1vo-p5qel.googlevideo.com/xpc/EgVo2aDSNQ%3D%3D/playlist_duration/30/manifest_duration/30/bui/AR3QkAkesT7HQJP7PL91S-lkR9yOMwWK0L4D5vkdHUryKbULVyjkBUnAooxJnmZ1XXBcz_IHP-OfqZDr/spc/KBGBcv-p0xssQ9Qo-bZHyTHmiAy51cxE5S1PSJ40sZKU_twuIfbjUDe3cBlbtxu2/vprv/1/reg/0/playlist_type/DVR/initcwndbps/4176250/met/1788111630,/mh/RC/mm/44/mn/sn-8xgp1vo-p5qel/ms/lva/mv/m/mvi/8/pl/38/rms/lva,lva/dover/11/pacing/0/keepalive/yes/fexp/51565116,52135441/mt/1788111394/sparams/expire,ei,ip,id,itag,source,requiressl,ratebypass,live,sgoap,sgovp,rqh,xpc,playlist_duration,manifest_duration,bui,spc,vprv,reg,playlist_type/sig/AE0s2JYwRQIgIjmib8rVi7P8Cszw8nLDuPVf6rlOHZwrEYEcHlEoGC4CIQCBWqqp-QZiAnFH_yzu1Sk_J_pv5QU6LQr_B6500eu7Vw%3D%3D/lsparams/hls_chunk_host,initcwndbps,met,mh,mm,mn,ms,mv,mvi,pl,rms/lsig/APaTxxMwRQIhAPVG297V6lwtPQsdlzPuR-EjfT_WYrs7UMbHu6gciuxQAiAm5aRLA4K392FYO8Tc9i4FwElfSv9BfYqs60emdh3OnA%3D%3D/playlist/index.m3u8 url_status=new
[13:43:01.635] [Rocket Ranch] MEDIA_CREATED url=https://manifest.googlevideo.com/api/manifest/hls_playlist/expire/1788133230/ei/DmuUaor1IqKDkucPu4iVmQI/ip/2600:4040:282f:6200:bd75:1171:b122:320e/id/qw3uaLRrYNY.3/itag/96/source/yt_live_broadcast/requiressl/yes/ratebypass/yes/live/1/sgoap/gir%3Dyes%3Bitag%3D140/sgovp/gir%3Dyes%3Bitag%3D137/rqh/1/hls_chunk_host/rr8---sn-8xgp1vo-p5qel.googlevideo.com/xpc/EgVo2aDSNQ%3D%3D/playlist_duration/30/manifest_duration/30/bui/AR3QkAkesT7HQJP7PL91S-lkR9yOMwWK0L4D5vkdHUryKbULVyjkBUnAooxJnmZ1XXBcz_IHP-OfqZDr/spc/KBGBcv-p0xssQ9Qo-bZHyTHmiAy51cxE5S1PSJ40sZKU_twuIfbjUDe3cBlbtxu2/vprv/1/reg/0/playlist_type/DVR/initcwndbps/4176250/met/1788111630,/mh/RC/mm/44/mn/sn-8xgp1vo-p5qel/ms/lva/mv/m/mvi/8/pl/38/rms/lva,lva/dover/11/pacing/0/keepalive/yes/fexp/51565116,52135441/mt/1788111394/sparams/expire,ei,ip,id,itag,source,requiressl,ratebypass,live,sgoap,sgovp,rqh,xpc,playlist_duration,manifest_duration,bui,spc,vprv,reg,playlist_type/sig/AE0s2JYwRQIgIjmib8rVi7P8Cszw8nLDuPVf6rlOHZwrEYEcHlEoGC4CIQCBWqqp-QZiAnFH_yzu1Sk_J_pv5QU6LQr_B6500eu7Vw%3D%3D/lsparams/hls_chunk_host,initcwndbps,met,mh,mm,mn,ms,mv,mvi,pl,rms/lsig/APaTxxMwRQIhAPVG297V6lwtPQsdlzPuR-EjfT_WYrs7UMbHu6gciuxQAiAm5aRLA4K392FYO8Tc9i4FwElfSv9BfYqs60emdh3OnA%3D%3D/playlist/index.m3u8
[13:43:01.637] [Rocket Ranch] STATE=State.NothingSpecial position=-0.0s
[13:43:01.675] [Rover 2] STREAM_START original=https://youtube.com/watch
[13:43:01.695] [Rover 2] SET_MEDIA url=https://manifest.googlevideo.com/api/manifest/hls_playlist/expire/1788133230/ei/DmuUatOMJNGBkucP5-bc8Q4/ip/2600:4040:282f:6200:bd75:1171:b122:320e/id/tS2PHJmvJzo.3/itag/96/source/yt_live_broadcast/requiressl/yes/ratebypass/yes/live/1/sgoap/gir%3Dyes%3Bitag%3D140/sgovp/gir%3Dyes%3Bitag%3D137/rqh/1/hls_chunk_host/rr3---sn-8xgp1vo-p5qee.googlevideo.com/xpc/EgVo2aDSNQ%3D%3D/playlist_duration/30/manifest_duration/30/bui/AR3QkAnlM9dWpJO8b0QMm68_CLHDH4Z42AN_N6EQfft9GlZ03F4F2HOqqlxwVH_V8gekMG7OUCesWTd2/spc/KBGBcvWi8T3wqvOag7bmsMsrdTrf6zB9nw4372dFoP0YcmlumJYiJd91qcfx5UMg/vprv/1/reg/0/playlist_type/DVR/initcwndbps/4158750/met/1788111630,/mh/Js/mm/44/mn/sn-8xgp1vo-p5qee/ms/lva/mv/m/mvi/3/pcm2cms/yes/pl/38/rms/lva,lva/dover/11/pacing/0/keepalive/yes/fexp/51565116,52135441/mt/1788111394/sparams/expire,ei,ip,id,itag,source,requiressl,ratebypass,live,sgoap,sgovp,rqh,xpc,playlist_duration,manifest_duration,bui,spc,vprv,reg,playlist_type/sig/AE0s2JYwRgIhAJmiQ7mflkNZ1l72Y9CtDj-VMSVCLcKLY5uJAqmfwXp2AiEA07n281kWt5r0FDKOWJJbroF-O91UP9mooFdiX3tkrVA%3D/lsparams/hls_chunk_host,initcwndbps,met,mh,mm,mn,ms,mv,mvi,pcm2cms,pl,rms/lsig/APaTxxMwRAIgSa4hnimaU_sVM_2fyMqOLZzxYuqoWMNYq3zmpafbptICIBHwNvsGNuZCmAi29j6y6stanLPTdP-4lnjZO-0JO924/playlist/index.m3u8 url_status=new
[13:43:01.698] [Rover 2] MEDIA_CREATED url=https://manifest.googlevideo.com/api/manifest/hls_playlist/expire/1788133230/ei/DmuUatOMJNGBkucP5-bc8Q4/ip/2600:4040:282f:6200:bd75:1171:b122:320e/id/tS2PHJmvJzo.3/itag/96/source/yt_live_broadcast/requiressl/yes/ratebypass/yes/live/1/sgoap/gir%3Dyes%3Bitag%3D140/sgovp/gir%3Dyes%3Bitag%3D137/rqh/1/hls_chunk_host/rr3---sn-8xgp1vo-p5qee.googlevideo.com/xpc/EgVo2aDSNQ%3D%3D/playlist_duration/30/manifest_duration/30/bui/AR3QkAnlM9dWpJO8b0QMm68_CLHDH4Z42AN_N6EQfft9GlZ03F4F2HOqqlxwVH_V8gekMG7OUCesWTd2/spc/KBGBcvWi8T3wqvOag7bmsMsrdTrf6zB9nw4372dFoP0YcmlumJYiJd91qcfx5UMg/vprv/1/reg/0/playlist_type/DVR/initcwndbps/4158750/met/1788111630,/mh/Js/mm/44/mn/sn-8xgp1vo-p5qee/ms/lva/mv/m/mvi/3/pcm2cms/yes/pl/38/rms/lva,lva/dover/11/pacing/0/keepalive/yes/fexp/51565116,52135441/mt/1788111394/sparams/expire,ei,ip,id,itag,source,requiressl,ratebypass,live,sgoap,sgovp,rqh,xpc,playlist_duration,manifest_duration,bui,spc,vprv,reg,playlist_type/sig/AE0s2JYwRgIhAJmiQ7mflkNZ1l72Y9CtDj-VMSVCLcKLY5uJAqmfwXp2AiEA07n281kWt5r0FDKOWJJbroF-O91UP9mooFdiX3tkrVA%3D/lsparams/hls_chunk_host,initcwndbps,met,mh,mm,mn,ms,mv,mvi,pcm2cms,pl,rms/lsig/APaTxxMwRAIgSa4hnimaU_sVM_2fyMqOLZzxYuqoWMNYq3zmpafbptICIBHwNvsGNuZCmAi29j6y6stanLPTdP-4lnjZO-0JO924/playlist/index.m3u8
[13:43:01.699] [Rover 2] STATE=State.NothingSpecial position=-0.0s
[13:43:01.704] [SCL] STREAM_START original=https://youtube.com/watch
[13:43:01.721] [SCL] SET_MEDIA url=https://manifest.googlevideo.com/api/manifest/hls_playlist/expire/1788133230/ei/DmuUavj-Hoy3kucPs5z3oAE/ip/2600:4040:282f:6200:bd75:1171:b122:320e/id/Jm8wRjD3xVA.3/itag/96/source/yt_live_broadcast/requiressl/yes/ratebypass/yes/live/1/sgoap/gir%3Dyes%3Bitag%3D140/sgovp/gir%3Dyes%3Bitag%3D137/rqh/1/hls_chunk_host/rr1---sn-8xgp1vo-p5qe.googlevideo.com/xpc/EgVo2aDSNQ%3D%3D/playlist_duration/30/manifest_duration/30/ss/1/ssa/1/bui/AR3QkAlt2E6uFhErAiRn2BfE9Fc-UT3BrIDt5dyEmEj5JRTnFeIyOJ5xxZDjXWl0nJV-tyqHsSe74ulF/spc/KBGBcnQZHZNpuzLxTKMY98XvLHFekMEoS8tpy4Bj0b4V9HlzvhAmRl19pamwyoSQ/vprv/1/reg/0/playlist_type/DVR/initcwndbps/4386250/met/1788111630,/mh/Mv/mm/44/mn/sn-8xgp1vo-p5qe/ms/lva/mv/m/mvi/1/pl/38/rms/lva,lva/dover/11/pacing/0/keepalive/yes/fexp/51565116,52135441/mt/1788111147/sparams/expire,ei,ip,id,itag,source,requiressl,ratebypass,live,sgoap,sgovp,rqh,xpc,playlist_duration,manifest_duration,ss,ssa,bui,spc,vprv,reg,playlist_type/sig/AE0s2JYwRQIhANpL7UQdvdEAbFIhMbHy9ooX1hqJg9cGRrW02_UyV8rnAiAqkgzwA7LJu6zNqTyNKSjytl2IQS9HA1uA78gld9331Q%3D%3D/lsparams/hls_chunk_host,initcwndbps,met,mh,mm,mn,ms,mv,mvi,pl,rms/lsig/APaTxxMwRgIhAJWFvrG120fQ6zRTdT6R1x4X6liVSjKXrSvF7rbmZjsqAiEAw8FK60ZlzuyhcKiBkvrtRLwmxhFkjDPyWfhqh6ZhkSk%3D/playlist/index.m3u8 url_status=new
[13:43:01.723] [SCL] MEDIA_CREATED url=https://manifest.googlevideo.com/api/manifest/hls_playlist/expire/1788133230/ei/DmuUavj-Hoy3kucPs5z3oAE/ip/2600:4040:282f:6200:bd75:1171:b122:320e/id/Jm8wRjD3xVA.3/itag/96/source/yt_live_broadcast/requiressl/yes/ratebypass/yes/live/1/sgoap/gir%3Dyes%3Bitag%3D140/sgovp/gir%3Dyes%3Bitag%3D137/rqh/1/hls_chunk_host/rr1---sn-8xgp1vo-p5qe.googlevideo.com/xpc/EgVo2aDSNQ%3D%3D/playlist_duration/30/manifest_duration/30/ss/1/ssa/1/bui/AR3QkAlt2E6uFhErAiRn2BfE9Fc-UT3BrIDt5dyEmEj5JRTnFeIyOJ5xxZDjXWl0nJV-tyqHsSe74ulF/spc/KBGBcnQZHZNpuzLxTKMY98XvLHFekMEoS8tpy4Bj0b4V9HlzvhAmRl19pamwyoSQ/vprv/1/reg/0/playlist_type/DVR/initcwndbps/4386250/met/1788111630,/mh/Mv/mm/44/mn/sn-8xgp1vo-p5qe/ms/lva/mv/m/mvi/1/pl/38/rms/lva,lva/dover/11/pacing/0/keepalive/yes/fexp/51565116,52135441/mt/1788111147/sparams/expire,ei,ip,id,itag,source,requiressl,ratebypass,live,sgoap,sgovp,rqh,xpc,playlist_duration,manifest_duration,ss,ssa,bui,spc,vprv,reg,playlist_type/sig/AE0s2JYwRQIhANpL7UQdvdEAbFIhMbHy9ooX1hqJg9cGRrW02_UyV8rnAiAqkgzwA7LJu6zNqTyNKSjytl2IQS9HA1uA78gld9331Q%3D%3D/lsparams/hls_chunk_host,initcwndbps,met,mh,mm,mn,ms,mv,mvi,pl,rms/lsig/APaTxxMwRgIhAJWFvrG120fQ6zRTdT6R1x4X6liVSjKXrSvF7rbmZjsqAiEAw8FK60ZlzuyhcKiBkvrtRLwmxhFkjDPyWfhqh6ZhkSk%3D/playlist/index.m3u8
[13:43:01.723] [SCL] STATE=State.NothingSpecial position=-0.0s
[13:43:01.727] [SBL] PLAY requested runtime=0.1s
[13:43:01.728] [Rover1] PLAY requested runtime=0.1s
[13:43:01.729] [SBL] VLC_EVENT=EventType.MediaPlayerOpening
[13:43:01.729] [Rover1] VLC_EVENT=EventType.MediaPlayerOpening
[13:43:01.730] [SBL] VLC_EVENT=EventType.MediaPlayerBuffering
[13:43:01.730] [Rover1] VLC_EVENT=EventType.MediaPlayerBuffering
[13:43:01.732] [Sentinel] STREAM_START original=https://youtube.com/watch
[13:43:01.752] [Sentinel] SET_MEDIA url=https://manifest.googlevideo.com/api/manifest/hls_playlist/expire/1788133230/ei/DmuUasCTL4eIkucP9oTSoQc/ip/2600:4040:282f:6200:bd75:1171:b122:320e/id/IQV0DlS1Ew0.4/itag/96/source/yt_live_broadcast/requiressl/yes/ratebypass/yes/live/1/sgoap/gir%3Dyes%3Bitag%3D140/sgovp/gir%3Dyes%3Bitag%3D137/rqh/1/hls_chunk_host/rr6---sn-8xgp1vo-p5qes.googlevideo.com/xpc/EgVo2aDSNQ%3D%3D/playlist_duration/30/manifest_duration/30/bui/AR3QkAkPn6sch-QzeZUSw8WwlJuFdUXh1C-pW6Y04P6m5ucZP0Ap-oP84W8udJmzTwfcxrO1hOkJHeGp/spc/KBGBcs1segQFFFIKhCd7MkJhfsmHNZRCxIbmMSzrBJt0uesbNz_v-2tvQuXp5Ctk/vprv/1/reg/0/playlist_type/DVR/initcwndbps/4172500/met/1788111630,/mh/dC/mm/44/mn/sn-8xgp1vo-p5qes/ms/lva/mv/m/mvi/6/pl/38/rms/lva,lva/dover/11/pacing/0/keepalive/yes/fexp/51565116,52135441/mt/1788111147/sparams/expire,ei,ip,id,itag,source,requiressl,ratebypass,live,sgoap,sgovp,rqh,xpc,playlist_duration,manifest_duration,bui,spc,vprv,reg,playlist_type/sig/AE0s2JYwRQIhAKLFAhxeFzaecgu8RWal_PmzyRWAF818pL2jvEMHGZTfAiB1mlKUIwcGkhL_ljwR-PTelnRPlWYLHQ2k0qPmdIzfMw%3D%3D/lsparams/hls_chunk_host,initcwndbps,met,mh,mm,mn,ms,mv,mvi,pl,rms/lsig/APaTxxMwRgIhAPGyBsVQpgQOgzkVHtWyod0ezsHfLuMlXJYSsFUeNiwcAiEAh9cKj9zAR3wS8CKWaNpdAwk3rkVGB-dJ57RgyfSyaLo%3D/playlist/index.m3u8 url_status=new
[13:43:01.754] [Sentinel] MEDIA_CREATED url=https://manifest.googlevideo.com/api/manifest/hls_playlist/expire/1788133230/ei/DmuUasCTL4eIkucP9oTSoQc/ip/2600:4040:282f:6200:bd75:1171:b122:320e/id/IQV0DlS1Ew0.4/itag/96/source/yt_live_broadcast/requiressl/yes/ratebypass/yes/live/1/sgoap/gir%3Dyes%3Bitag%3D140/sgovp/gir%3Dyes%3Bitag%3D137/rqh/1/hls_chunk_host/rr6---sn-8xgp1vo-p5qes.googlevideo.com/xpc/EgVo2aDSNQ%3D%3D/playlist_duration/30/manifest_duration/30/bui/AR3QkAkPn6sch-QzeZUSw8WwlJuFdUXh1C-pW6Y04P6m5ucZP0Ap-oP84W8udJmzTwfcxrO1hOkJHeGp/spc/KBGBcs1segQFFFIKhCd7MkJhfsmHNZRCxIbmMSzrBJt0uesbNz_v-2tvQuXp5Ctk/vprv/1/reg/0/playlist_type/DVR/initcwndbps/4172500/met/1788111630,/mh/dC/mm/44/mn/sn-8xgp1vo-p5qes/ms/lva/mv/m/mvi/6/pl/38/rms/lva,lva/dover/11/pacing/0/keepalive/yes/fexp/51565116,52135441/mt/1788111147/sparams/expire,ei,ip,id,itag,source,requiressl,ratebypass,live,sgoap,sgovp,rqh,xpc,playlist_duration,manifest_duration,bui,spc,vprv,reg,playlist_type/sig/AE0s2JYwRQIhAKLFAhxeFzaecgu8RWal_PmzyRWAF818pL2jvEMHGZTfAiB1mlKUIwcGkhL_ljwR-PTelnRPlWYLHQ2k0qPmdIzfMw%3D%3D/lsparams/hls_chunk_host,initcwndbps,met,mh,mm,mn,ms,mv,mvi,pl,rms/lsig/APaTxxMwRgIhAPGyBsVQpgQOgzkVHtWyod0ezsHfLuMlXJYSsFUeNiwcAiEAh9cKj9zAR3wS8CKWaNpdAwk3rkVGB-dJ57RgyfSyaLo%3D/playlist/index.m3u8
[13:43:01.755] [Sentinel] STATE=State.NothingSpecial position=-0.0s
[13:43:01.759] [Rocket Ranch] PLAY requested runtime=0.1s
[13:43:01.761] [Rocket Ranch] VLC_EVENT=EventType.MediaPlayerOpening
[13:43:01.761] [Rocket Ranch] VLC_EVENT=EventType.MediaPlayerBuffering
[13:43:01.763] [MGL] STREAM_START original=https://youtube.com/watch
[13:43:01.781] [MGL] SET_MEDIA url=https://manifest.googlevideo.com/api/manifest/hls_playlist/expire/1788133231/ei/DmuUavObO-uCkucPpoLNiQI/ip/2600:4040:282f:6200:bd75:1171:b122:320e/id/cOmmvhDQ2HM.13/itag/96/source/yt_live_broadcast/requiressl/yes/ratebypass/yes/live/1/sgoap/gir%3Dyes%3Bitag%3D140/sgovp/gir%3Dyes%3Bitag%3D137/rqh/1/hls_chunk_host/rr7---sn-8xgp1vo-p5qe7.googlevideo.com/xpc/EgVo2aDSNQ%3D%3D/playlist_duration/30/manifest_duration/30/ss/1/ssa/1/bui/AR3QkAkGekbkVL6dkUMnic9gzXSDVlJcsO1We9yuGR8EZ4hhEtbQVKkrtKegG1qjSlIZKOFtp_MHgOQ9/spc/KBGBcv3nPGczBqOhNDcvZjRRhP4q-m_Kp0Vw2kDpgRkM_VqsBKUU5LbthFrVCq0N/vprv/1/reg/0/playlist_type/DVR/initcwndbps/4338750/met/1788111631,/mh/m4/mm/44/mn/sn-8xgp1vo-p5qe7/ms/lva/mv/m/mvi/7/pl/38/rms/lva,lva/dover/11/pacing/0/keepalive/yes/fexp/51565116,52135441/mt/1788111147/sparams/expire,ei,ip,id,itag,source,requiressl,ratebypass,live,sgoap,sgovp,rqh,xpc,playlist_duration,manifest_duration,ss,ssa,bui,spc,vprv,reg,playlist_type/sig/AE0s2JYwRQIgHrY8VrBLyOWdE9VdLY5kDKDoHgwwmfJoB0nSwjaM8cwCIQCCjzaEFfgZw7403R98m_8Xc2-2L26F_JK3d2Dl98Uf5g%3D%3D/lsparams/hls_chunk_host,initcwndbps,met,mh,mm,mn,ms,mv,mvi,pl,rms/lsig/APaTxxMwRQIhAMLemNy8_K971I0zdwOqR-6UEkjwgpm6xe2kGqYlNHn5AiAxwg4Xasn_Z_k1Fhhcww7ilrGyEvxevtkfacD9ZS-JHw%3D%3D/playlist/index.m3u8 url_status=new
[13:43:01.783] [MGL] MEDIA_CREATED url=https://manifest.googlevideo.com/api/manifest/hls_playlist/expire/1788133231/ei/DmuUavObO-uCkucPpoLNiQI/ip/2600:4040:282f:6200:bd75:1171:b122:320e/id/cOmmvhDQ2HM.13/itag/96/source/yt_live_broadcast/requiressl/yes/ratebypass/yes/live/1/sgoap/gir%3Dyes%3Bitag%3D140/sgovp/gir%3Dyes%3Bitag%3D137/rqh/1/hls_chunk_host/rr7---sn-8xgp1vo-p5qe7.googlevideo.com/xpc/EgVo2aDSNQ%3D%3D/playlist_duration/30/manifest_duration/30/ss/1/ssa/1/bui/AR3QkAkGekbkVL6dkUMnic9gzXSDVlJcsO1We9yuGR8EZ4hhEtbQVKkrtKegG1qjSlIZKOFtp_MHgOQ9/spc/KBGBcv3nPGczBqOhNDcvZjRRhP4q-m_Kp0Vw2kDpgRkM_VqsBKUU5LbthFrVCq0N/vprv/1/reg/0/playlist_type/DVR/initcwndbps/4338750/met/1788111631,/mh/m4/mm/44/mn/sn-8xgp1vo-p5qe7/ms/lva/mv/m/mvi/7/pl/38/rms/lva,lva/dover/11/pacing/0/keepalive/yes/fexp/51565116,52135441/mt/1788111147/sparams/expire,ei,ip,id,itag,source,requiressl,ratebypass,live,sgoap,sgovp,rqh,xpc,playlist_duration,manifest_duration,ss,ssa,bui,spc,vprv,reg,playlist_type/sig/AE0s2JYwRQIgHrY8VrBLyOWdE9VdLY5kDKDoHgwwmfJoB0nSwjaM8cwCIQCCjzaEFfgZw7403R98m_8Xc2-2L26F_JK3d2Dl98Uf5g%3D%3D/lsparams/hls_chunk_host,initcwndbps,met,mh,mm,mn,ms,mv,mvi,pl,rms/lsig/APaTxxMwRQIhAMLemNy8_K971I0zdwOqR-6UEkjwgpm6xe2kGqYlNHn5AiAxwg4Xasn_Z_k1Fhhcww7ilrGyEvxevtkfacD9ZS-JHw%3D%3D/playlist/index.m3u8
[13:43:01.784] [MGL] STATE=State.NothingSpecial position=-0.0s
[13:43:01.958] [Rover 2] PLAY requested runtime=0.3s
[13:43:01.959] [SCL] PLAY requested runtime=0.2s
[13:43:01.960] [Sentinel] PLAY requested runtime=0.2s
[13:43:01.960] [Rover 2] VLC_EVENT=EventType.MediaPlayerOpening
[13:43:01.961] [Rover 2] VLC_EVENT=EventType.MediaPlayerBuffering
[13:43:01.960] [MGL] PLAY requested runtime=0.2s
[13:43:01.961] [SCL] VLC_EVENT=EventType.MediaPlayerOpening
[13:43:01.961] [Sentinel] VLC_EVENT=EventType.MediaPlayerOpening
[13:43:01.962] [SCL] VLC_EVENT=EventType.MediaPlayerBuffering
[13:43:01.963] [MGL] VLC_EVENT=EventType.MediaPlayerOpening
[13:43:01.963] [MGL] VLC_EVENT=EventType.MediaPlayerBuffering
[13:43:01.963] [Sentinel] VLC_EVENT=EventType.MediaPlayerBuffering
[13:43:02.082] [SBL] STATE=State.Opening position=0.0s
[13:43:02.084] [SCL] VLC_EVENT=EventType.MediaPlayerPlaying
[13:43:02.109] [Rover1] STATE=State.Opening position=0.0s
[13:43:02.138] [Rocket Ranch] STATE=State.Opening position=0.0s
[13:43:02.200] [SCL] VLC_EVENT=EventType.MediaPlayerBuffering
[13:43:02.200] [Rover 2] STATE=State.Opening position=0.0s
[13:43:02.200] [SCL] VLC_EVENT=EventType.MediaPlayerBuffering
[13:43:02.202] [SCL] VLC_EVENT=EventType.MediaPlayerBuffering
[13:43:02.202] [SCL] VLC_EVENT=EventType.MediaPlayerBuffering
[13:43:02.202] [SCL] VLC_EVENT=EventType.MediaPlayerBuffering
[13:43:02.203] [SCL] VLC_EVENT=EventType.MediaPlayerBuffering
[13:43:02.203] [SCL] VLC_EVENT=EventType.MediaPlayerBuffering
[13:43:02.204] [SCL] VLC_EVENT=EventType.MediaPlayerBuffering
[13:43:02.204] [SCL] VLC_EVENT=EventType.MediaPlayerBuffering
[13:43:02.205] [SCL] VLC_EVENT=EventType.MediaPlayerBuffering
[13:43:02.205] [SCL] VLC_EVENT=EventType.MediaPlayerBuffering
[13:43:02.206] [SCL] VLC_EVENT=EventType.MediaPlayerBuffering
[13:43:02.206] [SCL] VLC_EVENT=EventType.MediaPlayerBuffering
[13:43:02.207] [SCL] VLC_EVENT=EventType.MediaPlayerBuffering
[13:43:02.207] [SCL] VLC_EVENT=EventType.MediaPlayerBuffering
[13:43:02.208] [SCL] VLC_EVENT=EventType.MediaPlayerBuffering
[13:43:02.208] [SCL] VLC_EVENT=EventType.MediaPlayerBuffering
[13:43:02.224] [SCL] STATE=State.Playing position=0.0s
[13:43:02.225] [SCL] VLC_EVENT=EventType.MediaPlayerBuffering
[13:43:02.225] [SCL] VLC_EVENT=EventType.MediaPlayerBuffering
[13:43:02.226] [SCL] VLC_EVENT=EventType.MediaPlayerBuffering
[13:43:02.226] [SCL] VLC_EVENT=EventType.MediaPlayerBuffering
[13:43:02.227] [SCL] VLC_EVENT=EventType.MediaPlayerBuffering
[13:43:02.227] [SCL] VLC_EVENT=EventType.MediaPlayerBuffering
[13:43:02.228] [SCL] VLC_EVENT=EventType.MediaPlayerBuffering
[13:43:02.229] [SCL] VLC_EVENT=EventType.MediaPlayerBuffering
[13:43:02.229] [SCL] VLC_EVENT=EventType.MediaPlayerBuffering
[13:43:02.229] [SCL] VLC_EVENT=EventType.MediaPlayerBuffering
[13:43:02.230] [SCL] VLC_EVENT=EventType.MediaPlayerBuffering
[13:43:02.230] [SCL] VLC_EVENT=EventType.MediaPlayerBuffering
[13:43:02.231] [SCL] VLC_EVENT=EventType.MediaPlayerBuffering
[13:43:02.231] [SCL] VLC_EVENT=EventType.MediaPlayerBuffering
[13:43:02.231] [SCL] VLC_EVENT=EventType.MediaPlayerBuffering
[13:43:02.256] [Sentinel] STATE=State.Opening position=0.0s
[13:43:02.285] [MGL] STATE=State.Opening position=0.0s
[13:43:02.502] [Rocket Ranch] VLC_EVENT=EventType.MediaPlayerPlaying
[13:43:02.518] [SBL] VLC_EVENT=EventType.MediaPlayerPlaying
[13:43:02.582] [Rover1] VLC_EVENT=EventType.MediaPlayerPlaying
[13:43:02.583] [SBL] STATE=State.Playing position=0.0s
[13:43:02.594] [MGL] VLC_EVENT=EventType.MediaPlayerPlaying
[13:43:02.610] [Rover1] STATE=State.Playing position=0.0s
[13:43:02.631] [Sentinel] VLC_EVENT=EventType.MediaPlayerPlaying
[13:43:02.638] [Rocket Ranch] STATE=State.Playing position=0.0s
[13:43:02.661] [Rover 2] VLC_EVENT=EventType.MediaPlayerPlaying
[13:43:02.694] [SBL] VLC_EVENT=EventType.MediaPlayerBuffering
[13:43:02.694] [SBL] VLC_EVENT=EventType.MediaPlayerBuffering
[13:43:02.695] [SBL] VLC_EVENT=EventType.MediaPlayerBuffering
[13:43:02.696] [SBL] VLC_EVENT=EventType.MediaPlayerBuffering
[13:43:02.696] [SBL] VLC_EVENT=EventType.MediaPlayerBuffering
[13:43:02.697] [SBL] VLC_EVENT=EventType.MediaPlayerBuffering
[13:43:02.698] [SBL] VLC_EVENT=EventType.MediaPlayerBuffering
[13:43:02.698] [SBL] VLC_EVENT=EventType.MediaPlayerBuffering
[13:43:02.699] [SBL] VLC_EVENT=EventType.MediaPlayerBuffering
[13:43:02.700] [SBL] VLC_EVENT=EventType.MediaPlayerBuffering
[13:43:02.700] [SBL] VLC_EVENT=EventType.MediaPlayerBuffering
[13:43:02.701] [SBL] VLC_EVENT=EventType.MediaPlayerBuffering
[13:43:02.701] [Rover 2] STATE=State.Playing position=0.0s
[13:43:02.701] [SBL] VLC_EVENT=EventType.MediaPlayerBuffering
[13:43:02.702] [SBL] VLC_EVENT=EventType.MediaPlayerBuffering
[13:43:02.703] [SBL] VLC_EVENT=EventType.MediaPlayerBuffering
[13:43:02.703] [SBL] VLC_EVENT=EventType.MediaPlayerBuffering
[13:43:02.704] [SBL] VLC_EVENT=EventType.MediaPlayerBuffering
[13:43:02.705] [SBL] VLC_EVENT=EventType.MediaPlayerBuffering
[13:43:02.706] [SBL] VLC_EVENT=EventType.MediaPlayerBuffering
[13:43:02.706] [SBL] VLC_EVENT=EventType.MediaPlayerBuffering
[13:43:02.707] [SBL] VLC_EVENT=EventType.MediaPlayerBuffering
[13:43:02.707] [SBL] VLC_EVENT=EventType.MediaPlayerBuffering
[13:43:02.708] [SBL] VLC_EVENT=EventType.MediaPlayerBuffering
[13:43:02.715] [SBL] VLC_EVENT=EventType.MediaPlayerBuffering
[13:43:02.716] [SBL] VLC_EVENT=EventType.MediaPlayerBuffering
[13:43:02.717] [Rocket Ranch] VLC_EVENT=EventType.MediaPlayerBuffering
[13:43:02.717] [SBL] VLC_EVENT=EventType.MediaPlayerBuffering
[13:43:02.717] [Rocket Ranch] VLC_EVENT=EventType.MediaPlayerBuffering
[13:43:02.718] [SBL] VLC_EVENT=EventType.MediaPlayerBuffering
[13:43:02.718] [Rocket Ranch] VLC_EVENT=EventType.MediaPlayerBuffering
[13:43:02.719] [SBL] VLC_EVENT=EventType.MediaPlayerBuffering
[13:43:02.720] [Rocket Ranch] VLC_EVENT=EventType.MediaPlayerBuffering
[13:43:02.720] [SBL] VLC_EVENT=EventType.MediaPlayerBuffering
[13:43:02.721] [Rocket Ranch] VLC_EVENT=EventType.MediaPlayerBuffering
[13:43:02.721] [SBL] VLC_EVENT=EventType.MediaPlayerBuffering
[13:43:02.722] [Rocket Ranch] VLC_EVENT=EventType.MediaPlayerBuffering
[13:43:02.722] [SBL] VLC_EVENT=EventType.MediaPlayerBuffering
[13:43:02.723] [Rocket Ranch] VLC_EVENT=EventType.MediaPlayerBuffering
[13:43:02.723] [SBL] VLC_EVENT=EventType.MediaPlayerBuffering
[13:43:02.724] [Rocket Ranch] VLC_EVENT=EventType.MediaPlayerBuffering
[13:43:02.725] [Rocket Ranch] VLC_EVENT=EventType.MediaPlayerBuffering
[13:43:02.726] [Rocket Ranch] VLC_EVENT=EventType.MediaPlayerBuffering
[13:43:02.726] [Rocket Ranch] VLC_EVENT=EventType.MediaPlayerBuffering
[13:43:02.727] [Rocket Ranch] VLC_EVENT=EventType.MediaPlayerBuffering
[13:43:02.727] [Rocket Ranch] VLC_EVENT=EventType.MediaPlayerBuffering
[13:43:02.740] [MGL] VLC_EVENT=EventType.MediaPlayerBuffering
[13:43:02.742] [MGL] VLC_EVENT=EventType.MediaPlayerBuffering
[13:43:02.742] [MGL] VLC_EVENT=EventType.MediaPlayerBuffering
[13:43:02.743] [MGL] VLC_EVENT=EventType.MediaPlayerBuffering
[13:43:02.744] [MGL] VLC_EVENT=EventType.MediaPlayerBuffering
[13:43:02.745] [MGL] VLC_EVENT=EventType.MediaPlayerBuffering
[13:43:02.756] [Rocket Ranch] VLC_EVENT=EventType.MediaPlayerBuffering
[13:43:02.757] [Sentinel] STATE=State.Playing position=0.0s
[13:43:02.757] [Rocket Ranch] VLC_EVENT=EventType.MediaPlayerBuffering
[13:43:02.758] [MGL] VLC_EVENT=EventType.MediaPlayerBuffering
[13:43:02.759] [Rocket Ranch] VLC_EVENT=EventType.MediaPlayerBuffering
[13:43:02.760] [MGL] VLC_EVENT=EventType.MediaPlayerBuffering
[13:43:02.760] [Rocket Ranch] VLC_EVENT=EventType.MediaPlayerBuffering
[13:43:02.761] [MGL] VLC_EVENT=EventType.MediaPlayerBuffering
[13:43:02.761] [MGL] VLC_EVENT=EventType.MediaPlayerBuffering
[13:43:02.762] [MGL] VLC_EVENT=EventType.MediaPlayerBuffering
[13:43:02.762] [Rocket Ranch] VLC_EVENT=EventType.MediaPlayerBuffering
[13:43:02.763] [MGL] VLC_EVENT=EventType.MediaPlayerBuffering
[13:43:02.763] [Rocket Ranch] VLC_EVENT=EventType.MediaPlayerBuffering
[13:43:02.764] [MGL] VLC_EVENT=EventType.MediaPlayerBuffering
[13:43:02.764] [Rocket Ranch] VLC_EVENT=EventType.MediaPlayerBuffering
[13:43:02.765] [MGL] VLC_EVENT=EventType.MediaPlayerBuffering
[13:43:02.765] [Rocket Ranch] VLC_EVENT=EventType.MediaPlayerBuffering
[13:43:02.766] [MGL] VLC_EVENT=EventType.MediaPlayerBuffering
[13:43:02.766] [Rocket Ranch] VLC_EVENT=EventType.MediaPlayerBuffering
[13:43:02.767] [MGL] VLC_EVENT=EventType.MediaPlayerBuffering
[13:43:02.767] [Rocket Ranch] VLC_EVENT=EventType.MediaPlayerBuffering
[13:43:02.768] [MGL] VLC_EVENT=EventType.MediaPlayerBuffering
[13:43:02.788] [Rover1] VLC_EVENT=EventType.MediaPlayerBuffering
[13:43:02.789] [Rover1] VLC_EVENT=EventType.MediaPlayerBuffering
[13:43:02.789] [Rover1] VLC_EVENT=EventType.MediaPlayerBuffering
[13:43:02.790] [Rover1] VLC_EVENT=EventType.MediaPlayerBuffering
[13:43:02.790] [MGL] STATE=State.Playing position=0.0s
[13:43:02.790] [Rover1] VLC_EVENT=EventType.MediaPlayerBuffering
[13:43:02.792] [Rover1] VLC_EVENT=EventType.MediaPlayerBuffering
[13:43:02.792] [Rover1] VLC_EVENT=EventType.MediaPlayerBuffering
[13:43:02.793] [Rover1] VLC_EVENT=EventType.MediaPlayerBuffering
[13:43:02.794] [Rover1] VLC_EVENT=EventType.MediaPlayerBuffering
[13:43:02.794] [Rover1] VLC_EVENT=EventType.MediaPlayerBuffering
[13:43:02.795] [Rover1] VLC_EVENT=EventType.MediaPlayerBuffering
[13:43:02.795] [Rover1] VLC_EVENT=EventType.MediaPlayerBuffering
[13:43:02.796] [Rover1] VLC_EVENT=EventType.MediaPlayerBuffering
[13:43:02.796] [Rover1] VLC_EVENT=EventType.MediaPlayerBuffering
[13:43:02.797] [Rover1] VLC_EVENT=EventType.MediaPlayerBuffering
[13:43:02.798] [Rover1] VLC_EVENT=EventType.MediaPlayerBuffering
[13:43:02.799] [Rover1] VLC_EVENT=EventType.MediaPlayerBuffering
[13:43:02.824] [MGL] VLC_EVENT=EventType.MediaPlayerBuffering
[13:43:02.826] [Rover 2] VLC_EVENT=EventType.MediaPlayerBuffering
[13:43:02.827] [Rover 2] VLC_EVENT=EventType.MediaPlayerBuffering
[13:43:02.827] [Sentinel] VLC_EVENT=EventType.MediaPlayerBuffering
[13:43:02.827] [Rover 2] VLC_EVENT=EventType.MediaPlayerBuffering
[13:43:02.828] [Sentinel] VLC_EVENT=EventType.MediaPlayerBuffering
[13:43:02.829] [Rover 2] VLC_EVENT=EventType.MediaPlayerBuffering
[13:43:02.829] [Sentinel] VLC_EVENT=EventType.MediaPlayerBuffering
[13:43:02.830] [Rover 2] VLC_EVENT=EventType.MediaPlayerBuffering
[13:43:02.830] [Sentinel] VLC_EVENT=EventType.MediaPlayerBuffering
[13:43:02.831] [Rover 2] VLC_EVENT=EventType.MediaPlayerBuffering
[13:43:02.832] [Sentinel] VLC_EVENT=EventType.MediaPlayerBuffering
[13:43:02.832] [Rover 2] VLC_EVENT=EventType.MediaPlayerBuffering
[13:43:02.833] [Sentinel] VLC_EVENT=EventType.MediaPlayerBuffering
[13:43:02.833] [Rover 2] VLC_EVENT=EventType.MediaPlayerBuffering
[13:43:02.834] [Sentinel] VLC_EVENT=EventType.MediaPlayerBuffering
[13:43:02.834] [Rover 2] VLC_EVENT=EventType.MediaPlayerBuffering
[13:43:02.835] [Sentinel] VLC_EVENT=EventType.MediaPlayerBuffering
[13:43:02.836] [Rover 2] VLC_EVENT=EventType.MediaPlayerBuffering
[13:43:02.836] [Sentinel] VLC_EVENT=EventType.MediaPlayerBuffering
[13:43:02.837] [Rover 2] VLC_EVENT=EventType.MediaPlayerBuffering
[13:43:02.837] [Sentinel] VLC_EVENT=EventType.MediaPlayerBuffering
[13:43:02.838] [Rover 2] VLC_EVENT=EventType.MediaPlayerBuffering
[13:43:02.839] [Sentinel] VLC_EVENT=EventType.MediaPlayerBuffering
[13:43:02.839] [Rover 2] VLC_EVENT=EventType.MediaPlayerBuffering
[13:43:02.840] [Sentinel] VLC_EVENT=EventType.MediaPlayerBuffering
[13:43:02.841] [Rover 2] VLC_EVENT=EventType.MediaPlayerBuffering
[13:43:02.841] [Sentinel] VLC_EVENT=EventType.MediaPlayerBuffering
[13:43:02.842] [Rover 2] VLC_EVENT=EventType.MediaPlayerBuffering
[13:43:02.842] [Sentinel] VLC_EVENT=EventType.MediaPlayerBuffering
[13:43:02.843] [Rover 2] VLC_EVENT=EventType.MediaPlayerBuffering
[13:43:02.843] [Sentinel] VLC_EVENT=EventType.MediaPlayerBuffering
[13:43:02.844] [Rover 2] VLC_EVENT=EventType.MediaPlayerBuffering
[13:43:02.844] [Sentinel] VLC_EVENT=EventType.MediaPlayerBuffering
[13:43:02.846] [Sentinel] VLC_EVENT=EventType.MediaPlayerBuffering
[13:43:02.858] [MGL] VLC_EVENT=EventType.MediaPlayerBuffering
[13:43:02.859] [MGL] VLC_EVENT=EventType.MediaPlayerBuffering
[13:43:02.860] [MGL] VLC_EVENT=EventType.MediaPlayerBuffering
[13:43:02.860] [MGL] VLC_EVENT=EventType.MediaPlayerBuffering
[13:43:02.861] [MGL] VLC_EVENT=EventType.MediaPlayerBuffering
[13:43:02.861] [MGL] VLC_EVENT=EventType.MediaPlayerBuffering
[13:43:02.863] [MGL] VLC_EVENT=EventType.MediaPlayerBuffering
[13:43:02.863] [MGL] VLC_EVENT=EventType.MediaPlayerBuffering
[13:43:02.864] [MGL] VLC_EVENT=EventType.MediaPlayerBuffering
[13:43:02.866] [MGL] VLC_EVENT=EventType.MediaPlayerBuffering
[13:43:02.867] [MGL] VLC_EVENT=EventType.MediaPlayerBuffering
[13:43:02.867] [MGL] VLC_EVENT=EventType.MediaPlayerBuffering
[13:43:02.868] [MGL] VLC_EVENT=EventType.MediaPlayerBuffering
[13:43:02.869] [MGL] VLC_EVENT=EventType.MediaPlayerBuffering
[13:43:02.886] [Rover 2] VLC_EVENT=EventType.MediaPlayerBuffering
[13:43:02.888] [Rover 2] VLC_EVENT=EventType.MediaPlayerBuffering
[13:43:02.889] [Rover 2] VLC_EVENT=EventType.MediaPlayerBuffering
[13:43:02.889] [Rover 2] VLC_EVENT=EventType.MediaPlayerBuffering
[13:43:02.890] [Rover 2] VLC_EVENT=EventType.MediaPlayerBuffering
[13:43:02.890] [Rover 2] VLC_EVENT=EventType.MediaPlayerBuffering
[13:43:02.891] [Rover 2] VLC_EVENT=EventType.MediaPlayerBuffering
[13:43:02.892] [Rover 2] VLC_EVENT=EventType.MediaPlayerBuffering
[13:43:02.892] [Rover 2] VLC_EVENT=EventType.MediaPlayerBuffering
[13:43:02.893] [Sentinel] VLC_EVENT=EventType.MediaPlayerBuffering
[13:43:02.893] [Rover 2] VLC_EVENT=EventType.MediaPlayerBuffering
[13:43:02.893] [Rover1] VLC_EVENT=EventType.MediaPlayerBuffering
[13:43:02.894] [Rover 2] VLC_EVENT=EventType.MediaPlayerBuffering
[13:43:02.896] [Rover 2] VLC_EVENT=EventType.MediaPlayerBuffering
[13:43:02.896] [Rover 2] VLC_EVENT=EventType.MediaPlayerBuffering
[13:43:02.897] [Rover 2] VLC_EVENT=EventType.MediaPlayerBuffering
[13:43:02.897] [Rover 2] VLC_EVENT=EventType.MediaPlayerBuffering
[13:43:02.926] [Sentinel] VLC_EVENT=EventType.MediaPlayerBuffering
[13:43:02.926] [Rover1] VLC_EVENT=EventType.MediaPlayerBuffering
[13:43:02.927] [Sentinel] VLC_EVENT=EventType.MediaPlayerBuffering
[13:43:02.928] [Rover1] VLC_EVENT=EventType.MediaPlayerBuffering
[13:43:02.928] [Sentinel] VLC_EVENT=EventType.MediaPlayerBuffering
[13:43:02.929] [Rover1] VLC_EVENT=EventType.MediaPlayerBuffering
[13:43:02.929] [Sentinel] VLC_EVENT=EventType.MediaPlayerBuffering
[13:43:02.930] [Rover1] VLC_EVENT=EventType.MediaPlayerBuffering
[13:43:02.931] [Sentinel] VLC_EVENT=EventType.MediaPlayerBuffering
[13:43:02.931] [Rover1] VLC_EVENT=EventType.MediaPlayerBuffering
[13:43:02.932] [Sentinel] VLC_EVENT=EventType.MediaPlayerBuffering
[13:43:02.932] [Rover1] VLC_EVENT=EventType.MediaPlayerBuffering
[13:43:02.932] [Sentinel] VLC_EVENT=EventType.MediaPlayerBuffering
[13:43:02.933] [Rover1] VLC_EVENT=EventType.MediaPlayerBuffering
[13:43:02.933] [Sentinel] VLC_EVENT=EventType.MediaPlayerBuffering
[13:43:02.934] [Rover1] VLC_EVENT=EventType.MediaPlayerBuffering
[13:43:02.934] [Sentinel] VLC_EVENT=EventType.MediaPlayerBuffering
[13:43:02.935] [Rover1] VLC_EVENT=EventType.MediaPlayerBuffering
[13:43:02.936] [Sentinel] VLC_EVENT=EventType.MediaPlayerBuffering
[13:43:02.937] [Rover1] VLC_EVENT=EventType.MediaPlayerBuffering
[13:43:02.937] [Sentinel] VLC_EVENT=EventType.MediaPlayerBuffering
[13:43:02.938] [Rover1] VLC_EVENT=EventType.MediaPlayerBuffering
[13:43:02.938] [Sentinel] VLC_EVENT=EventType.MediaPlayerBuffering
[13:43:02.939] [Rover1] VLC_EVENT=EventType.MediaPlayerBuffering
[13:43:02.939] [Sentinel] VLC_EVENT=EventType.MediaPlayerBuffering
[13:43:02.940] [Rover1] VLC_EVENT=EventType.MediaPlayerBuffering
[13:43:02.940] [Sentinel] VLC_EVENT=EventType.MediaPlayerBuffering
[13:43:02.941] [Rover1] VLC_EVENT=EventType.MediaPlayerBuffering
[13:43:03.225] [SCL] PROGRESS state=State.Playing position=12.6s advancing=True
[13:43:03.291] [MGL] PROGRESS state=State.Playing position=12.1s advancing=True
[13:43:03.585] [SBL] PROGRESS state=State.Playing position=12.2s advancing=True
[13:43:03.612] [Rover1] PROGRESS state=State.Playing position=11.9s advancing=True
[13:43:03.641] [Rocket Ranch] PROGRESS state=State.Playing position=12.1s advancing=True
[13:43:03.702] [Rover 2] PROGRESS state=State.Playing position=11.9s advancing=True
[13:43:03.759] [Sentinel] PROGRESS state=State.Playing position=11.9s advancing=True
[13:43:04.297] [MGL] PROGRESS state=State.Playing position=13.1s advancing=True
[13:43:05.124] [Rover1] PROGRESS state=State.Playing position=13.9s advancing=True
[13:43:05.149] [Rocket Ranch] PROGRESS state=State.Playing position=14.1s advancing=True
[13:43:05.240] [SCL] PROGRESS state=State.Playing position=14.6s advancing=True
[13:43:05.268] [Sentinel] PROGRESS state=State.Playing position=13.9s advancing=True
[13:43:05.303] [MGL] PROGRESS state=State.Playing position=14.1s advancing=True
[13:43:06.218] [Rover 2] PROGRESS state=State.Playing position=14.8s advancing=True
[13:43:06.246] [SCL] PROGRESS state=State.Playing position=15.6s advancing=True
[13:43:06.273] [Sentinel] PROGRESS state=State.Playing position=14.9s advancing=True
[13:43:07.161] [Rocket Ranch] PROGRESS state=State.Playing position=16.1s advancing=True
[13:43:07.281] [Sentinel] PROGRESS state=State.Playing position=15.9s advancing=True
[13:43:07.314] [MGL] PROGRESS state=State.Playing position=16.1s advancing=True
[13:43:07.608] [SBL] PROGRESS state=State.Playing position=16.2s advancing=True
[13:43:07.639] [Rover1] PROGRESS state=State.Playing position=15.9s advancing=True
[13:43:08.287] [Sentinel] PROGRESS state=State.Playing position=16.9s advancing=True
[13:43:08.322] [MGL] PROGRESS state=State.Playing position=17.1s advancing=True
[13:43:09.148] [Rover1] PROGRESS state=State.Playing position=17.9s advancing=True
[13:43:09.172] [Rocket Ranch] PROGRESS state=State.Playing position=18.1s advancing=True
[13:43:09.238] [Rover 2] PROGRESS state=State.Playing position=17.8s advancing=True
[13:43:09.269] [SCL] PROGRESS state=State.Playing position=18.6s advancing=True
[13:43:09.294] [Sentinel] PROGRESS state=State.Playing position=17.9s advancing=True
[13:43:09.332] [MGL] PROGRESS state=State.Playing position=18.1s advancing=True
[13:43:09.618] [SBL] PROGRESS state=State.Playing position=18.2s advancing=True
[13:43:10.244] [Rover 2] PROGRESS state=State.Playing position=18.8s advancing=True
[13:43:10.274] [SCL] PROGRESS state=State.Playing position=19.6s advancing=True
[13:43:10.301] [Sentinel] PROGRESS state=State.Playing position=18.9s advancing=True
[13:43:10.338] [MGL] PROGRESS state=State.Playing position=19.0s advancing=True
[13:43:11.128] [SBL] PROGRESS state=State.Playing position=20.2s advancing=True
[13:43:11.162] [Rover1] PROGRESS state=State.Playing position=19.9s advancing=True
[13:43:11.306] [Sentinel] PROGRESS state=State.Playing position=19.9s advancing=True
[13:43:11.344] [MGL] PROGRESS state=State.Playing position=20.0s advancing=True
[13:43:11.688] [Rocket Ranch] PROGRESS state=State.Playing position=20.1s advancing=True
[13:43:12.309] [SCL] PROGRESS state=State.Playing position=21.6s advancing=True
[13:43:12.349] [MGL] PROGRESS state=State.Playing position=21.0s advancing=True
[13:43:12.672] [Rover1] PROGRESS state=State.Playing position=20.9s advancing=True
[13:43:13.175] [Rover1] PROGRESS state=State.Playing position=21.9s advancing=True
[13:43:13.317] [Sentinel] PROGRESS state=State.Playing position=21.9s advancing=True
[13:43:13.356] [MGL] PROGRESS state=State.Playing position=22.1s advancing=True
[13:43:13.644] [SBL] PROGRESS state=State.Playing position=22.2s advancing=True
[13:43:13.699] [Rocket Ranch] PROGRESS state=State.Playing position=22.1s advancing=True
[13:43:14.205] [Rocket Ranch] PROGRESS state=State.Playing position=23.1s advancing=True
[13:43:14.271] [Rover 2] PROGRESS state=State.Playing position=22.8s advancing=True
[13:43:14.321] [SCL] PROGRESS state=State.Playing position=23.6s advancing=True
[13:43:14.324] [Sentinel] PROGRESS state=State.Playing position=22.9s advancing=True
[13:43:14.365] [MGL] PROGRESS state=State.Playing position=23.1s advancing=True
[13:43:15.154] [SBL] PROGRESS state=State.Playing position=24.2s advancing=True
[13:43:15.190] [Rover1] PROGRESS state=State.Playing position=23.9s advancing=True
[13:43:15.372] [MGL] PROGRESS state=State.Playing position=24.1s advancing=True
[13:43:16.377] [MGL] PROGRESS state=State.Playing position=25.1s advancing=True
[13:43:16.723] [SBL] VLC_EVENT=EventType.MediaPlayerBuffering
[13:43:16.724] [Rocket Ranch] PROGRESS state=State.Playing position=25.1s advancing=True
[13:43:16.808] [SBL] VLC_EVENT=EventType.MediaPlayerBuffering
[13:43:16.809] [SBL] VLC_EVENT=EventType.MediaPlayerBuffering
[13:43:16.810] [SBL] VLC_EVENT=EventType.MediaPlayerBuffering
[13:43:16.816] [SBL] VLC_EVENT=EventType.MediaPlayerBuffering
[13:43:16.816] [SBL] VLC_EVENT=EventType.MediaPlayerBuffering
[13:43:16.817] [SBL] VLC_EVENT=EventType.MediaPlayerBuffering
[13:43:16.818] [SBL] VLC_EVENT=EventType.MediaPlayerBuffering
[13:43:16.820] [SBL] VLC_EVENT=EventType.MediaPlayerBuffering
[13:43:16.820] [SBL] VLC_EVENT=EventType.MediaPlayerBuffering
[13:43:16.821] [SBL] VLC_EVENT=EventType.MediaPlayerBuffering
[13:43:16.822] [SBL] VLC_EVENT=EventType.MediaPlayerBuffering
[13:43:16.822] [SBL] VLC_EVENT=EventType.MediaPlayerBuffering
[13:43:16.823] [SBL] VLC_EVENT=EventType.MediaPlayerBuffering
[13:43:16.823] [SBL] VLC_EVENT=EventType.MediaPlayerBuffering
[13:43:16.824] [SBL] VLC_EVENT=EventType.MediaPlayerBuffering
[13:43:16.824] [SBL] VLC_EVENT=EventType.MediaPlayerBuffering
[13:43:16.825] [SBL] VLC_EVENT=EventType.MediaPlayerBuffering
[13:43:16.840] [SBL] VLC_EVENT=EventType.MediaPlayerBuffering
[13:43:16.842] [SBL] VLC_EVENT=EventType.MediaPlayerBuffering
[13:43:16.843] [SBL] VLC_EVENT=EventType.MediaPlayerBuffering
[13:43:16.847] [SBL] VLC_EVENT=EventType.MediaPlayerBuffering
[13:43:16.848] [SBL] VLC_EVENT=EventType.MediaPlayerBuffering
[13:43:16.849] [SBL] VLC_EVENT=EventType.MediaPlayerBuffering
[13:43:16.850] [SBL] VLC_EVENT=EventType.MediaPlayerBuffering
[13:43:16.851] [SBL] VLC_EVENT=EventType.MediaPlayerBuffering
[13:43:16.851] [SBL] VLC_EVENT=EventType.MediaPlayerBuffering
[13:43:16.852] [SBL] VLC_EVENT=EventType.MediaPlayerBuffering
[13:43:16.852] [SBL] VLC_EVENT=EventType.MediaPlayerBuffering
[13:43:16.853] [SBL] VLC_EVENT=EventType.MediaPlayerBuffering
[13:43:16.854] [SBL] VLC_EVENT=EventType.MediaPlayerBuffering
[13:43:16.855] [SBL] VLC_EVENT=EventType.MediaPlayerBuffering
[13:43:16.855] [SBL] VLC_EVENT=EventType.MediaPlayerBuffering
[13:43:17.163] [SBL] PROGRESS state=State.Playing position=40.1s advancing=True
[13:43:17.202] [Rover1] PROGRESS state=State.Playing position=25.9s advancing=True
[13:43:17.286] [Rover 2] PROGRESS state=State.Playing position=25.8s advancing=True
[13:43:17.339] [SCL] PROGRESS state=State.Playing position=26.6s advancing=True
[13:43:17.347] [Sentinel] PROGRESS state=State.Playing position=25.9s advancing=True
[13:43:17.831] [SCL] VLC_EVENT=EventType.MediaPlayerBuffering
[13:43:17.843] [SCL] PROGRESS state=State.Playing position=30.0s advancing=True
[13:43:18.172] [SBL] PROGRESS state=State.Playing position=41.1s advancing=True
[13:43:18.236] [Rocket Ranch] PROGRESS state=State.Playing position=27.1s advancing=True
[13:43:18.296] [Rover 2] PROGRESS state=State.Playing position=26.8s advancing=True
[13:43:18.355] [Sentinel] PROGRESS state=State.Playing position=26.9s advancing=True
[13:43:18.759] [MGL] VLC_EVENT=EventType.MediaPlayerBuffering
[13:43:18.891] [MGL] PROGRESS state=State.Playing position=30.0s advancing=True
[13:43:18.930] [SCL] VLC_EVENT=EventType.MediaPlayerBuffering
[13:43:18.931] [SCL] VLC_EVENT=EventType.MediaPlayerBuffering
[13:43:18.932] [SCL] VLC_EVENT=EventType.MediaPlayerBuffering
[13:43:18.932] [SCL] VLC_EVENT=EventType.MediaPlayerBuffering
[13:43:18.933] [SCL] VLC_EVENT=EventType.MediaPlayerBuffering
[13:43:18.933] [SCL] VLC_EVENT=EventType.MediaPlayerBuffering
[13:43:18.933] [SCL] VLC_EVENT=EventType.MediaPlayerBuffering
[13:43:18.934] [SCL] VLC_EVENT=EventType.MediaPlayerBuffering
[13:43:18.935] [SCL] VLC_EVENT=EventType.MediaPlayerBuffering
[13:43:18.935] [SCL] VLC_EVENT=EventType.MediaPlayerBuffering
[13:43:18.936] [SCL] VLC_EVENT=EventType.MediaPlayerBuffering
[13:43:18.936] [SCL] VLC_EVENT=EventType.MediaPlayerBuffering
[13:43:18.937] [SCL] VLC_EVENT=EventType.MediaPlayerBuffering
[13:43:18.938] [SCL] VLC_EVENT=EventType.MediaPlayerBuffering
[13:43:18.939] [SCL] VLC_EVENT=EventType.MediaPlayerBuffering
[13:43:18.939] [SCL] VLC_EVENT=EventType.MediaPlayerBuffering
[13:43:18.940] [SCL] VLC_EVENT=EventType.MediaPlayerBuffering
[13:43:18.940] [SCL] VLC_EVENT=EventType.MediaPlayerBuffering
[13:43:19.220] [Rover1] PROGRESS state=State.Playing position=27.9s advancing=True
[13:43:19.639] [MGL] VLC_EVENT=EventType.MediaPlayerBuffering
[13:43:19.640] [MGL] VLC_EVENT=EventType.MediaPlayerBuffering
[13:43:19.641] [MGL] VLC_EVENT=EventType.MediaPlayerBuffering
[13:43:19.641] [MGL] VLC_EVENT=EventType.MediaPlayerBuffering
[13:43:19.641] [MGL] VLC_EVENT=EventType.MediaPlayerBuffering
[13:43:19.642] [MGL] VLC_EVENT=EventType.MediaPlayerBuffering
[13:43:19.642] [MGL] VLC_EVENT=EventType.MediaPlayerBuffering
[13:43:19.643] [MGL] VLC_EVENT=EventType.MediaPlayerBuffering
[13:43:19.643] [MGL] VLC_EVENT=EventType.MediaPlayerBuffering
[13:43:19.644] [MGL] VLC_EVENT=EventType.MediaPlayerBuffering
[13:43:19.644] [MGL] VLC_EVENT=EventType.MediaPlayerBuffering
[13:43:19.645] [MGL] VLC_EVENT=EventType.MediaPlayerBuffering
[13:43:19.645] [MGL] VLC_EVENT=EventType.MediaPlayerBuffering
[13:43:19.646] [MGL] VLC_EVENT=EventType.MediaPlayerBuffering
[13:43:19.646] [MGL] VLC_EVENT=EventType.MediaPlayerBuffering
[13:43:19.647] [MGL] VLC_EVENT=EventType.MediaPlayerBuffering
[13:43:19.648] [MGL] VLC_EVENT=EventType.MediaPlayerBuffering
[13:43:20.226] [Rover1] PROGRESS state=State.Playing position=28.9s advancing=True
[13:43:20.246] [Rocket Ranch] PROGRESS state=State.Playing position=29.1s advancing=True
[13:43:20.953] [SCL] VLC_EVENT=EventType.MediaPlayerBuffering
[13:43:20.953] [SCL] VLC_EVENT=EventType.MediaPlayerBuffering
[13:43:20.954] [SCL] VLC_EVENT=EventType.MediaPlayerBuffering
[13:43:20.954] [SCL] VLC_EVENT=EventType.MediaPlayerBuffering
[13:43:20.955] [SCL] VLC_EVENT=EventType.MediaPlayerBuffering
[13:43:20.955] [SCL] VLC_EVENT=EventType.MediaPlayerBuffering
[13:43:20.956] [SCL] VLC_EVENT=EventType.MediaPlayerBuffering
[13:43:20.956] [SCL] VLC_EVENT=EventType.MediaPlayerBuffering
[13:43:20.957] [SCL] VLC_EVENT=EventType.MediaPlayerBuffering
[13:43:20.957] [SCL] VLC_EVENT=EventType.MediaPlayerBuffering
[13:43:20.958] [SCL] VLC_EVENT=EventType.MediaPlayerBuffering
[13:43:20.958] [SCL] VLC_EVENT=EventType.MediaPlayerBuffering
[13:43:20.958] [SCL] VLC_EVENT=EventType.MediaPlayerBuffering
[13:43:20.959] [SCL] VLC_EVENT=EventType.MediaPlayerBuffering
[13:43:21.232] [Rover1] PROGRESS state=State.Playing position=29.9s advancing=True
[13:43:21.361] [SCL] PROGRESS state=State.Playing position=42.0s advancing=True
[13:43:21.369] [Sentinel] PROGRESS state=State.Playing position=29.9s advancing=True
[13:43:21.707] [MGL] VLC_EVENT=EventType.MediaPlayerBuffering
[13:43:21.708] [MGL] VLC_EVENT=EventType.MediaPlayerBuffering
[13:43:21.709] [MGL] VLC_EVENT=EventType.MediaPlayerBuffering
[13:43:21.709] [MGL] VLC_EVENT=EventType.MediaPlayerBuffering
[13:43:21.709] [MGL] VLC_EVENT=EventType.MediaPlayerBuffering
[13:43:21.710] [MGL] VLC_EVENT=EventType.MediaPlayerBuffering
[13:43:21.710] [MGL] VLC_EVENT=EventType.MediaPlayerBuffering
[13:43:21.711] [MGL] VLC_EVENT=EventType.MediaPlayerBuffering
[13:43:21.711] [MGL] VLC_EVENT=EventType.MediaPlayerBuffering
[13:43:21.712] [MGL] VLC_EVENT=EventType.MediaPlayerBuffering
[13:43:21.712] [MGL] VLC_EVENT=EventType.MediaPlayerBuffering
[13:43:21.713] [MGL] VLC_EVENT=EventType.MediaPlayerBuffering
[13:43:21.713] [MGL] VLC_EVENT=EventType.MediaPlayerBuffering
[13:43:21.714] [MGL] VLC_EVENT=EventType.MediaPlayerBuffering
[13:43:21.714] [MGL] VLC_EVENT=EventType.MediaPlayerBuffering
[13:43:22.258] [Rocket Ranch] PROGRESS state=State.Playing position=31.1s advancing=True
[13:43:22.318] [Rover 2] PROGRESS state=State.Playing position=30.8s advancing=True
[13:43:22.368] [SCL] PROGRESS state=State.Playing position=43.0s advancing=True
[13:43:22.413] [MGL] PROGRESS state=State.Playing position=42.3s advancing=True
[13:43:22.700] [SBL] PROGRESS state=State.Playing position=45.4s advancing=True
[13:43:23.247] [Rover1] PROGRESS state=State.Playing position=31.9s advancing=True
[13:43:23.384] [Sentinel] PROGRESS state=State.Playing position=31.9s advancing=True
[13:43:23.423] [MGL] PROGRESS state=State.Playing position=43.3s advancing=True
[13:43:24.226] [SBL] PROGRESS state=State.Playing position=47.1s advancing=True
[13:43:24.267] [Rover1] PROGRESS state=State.Playing position=32.9s advancing=True
[13:43:24.310] [Rocket Ranch] PROGRESS state=State.Playing position=33.1s advancing=True
[13:43:24.338] [Rover 2] PROGRESS state=State.Playing position=32.8s advancing=True
[13:43:24.388] [SCL] PROGRESS state=State.Playing position=45.0s advancing=True
[13:43:25.277] [Rover1] PROGRESS state=State.Playing position=33.9s advancing=True
[13:43:25.353] [Rover 2] PROGRESS state=State.Playing position=33.8s advancing=True
[13:43:25.410] [Sentinel] PROGRESS state=State.Playing position=33.9s advancing=True
[13:43:25.454] [MGL] PROGRESS state=State.Playing position=45.3s advancing=True
[13:43:26.258] [SBL] PROGRESS state=State.Playing position=49.1s advancing=True
[13:43:26.308] [Rover1] PROGRESS state=State.Playing position=34.9s advancing=True
[13:43:26.373] [Rocket Ranch] PROGRESS state=State.Playing position=35.1s advancing=True
[13:43:26.404] [Rover 2] PROGRESS state=State.Playing position=34.8s advancing=True
[13:43:26.420] [SCL] PROGRESS state=State.Playing position=47.0s advancing=True
[13:43:26.423] [Sentinel] PROGRESS state=State.Playing position=34.9s advancing=True
[13:43:26.483] [MGL] PROGRESS state=State.Playing position=46.3s advancing=True
[13:43:27.335] [Rover1] PROGRESS state=State.Playing position=35.9s advancing=True
[13:43:27.445] [Sentinel] PROGRESS state=State.Playing position=35.9s advancing=True
[13:43:27.489] [MGL] PROGRESS state=State.Playing position=47.3s advancing=True
[13:43:28.337] [SBL] PROGRESS state=State.Playing position=51.1s advancing=True
[13:43:28.342] [Rover1] PROGRESS state=State.Playing position=36.9s advancing=True
[13:43:28.418] [Rocket Ranch] PROGRESS state=State.Playing position=37.1s advancing=True
[13:43:28.423] [Rover 2] PROGRESS state=State.Playing position=36.8s advancing=True
[13:43:28.448] [SCL] PROGRESS state=State.Playing position=49.0s advancing=True
[13:43:28.496] [MGL] PROGRESS state=State.Playing position=48.3s advancing=True
[13:43:29.426] [Rocket Ranch] PROGRESS state=State.Playing position=38.1s advancing=True
[13:43:29.430] [Rover 2] PROGRESS state=State.Playing position=37.8s advancing=True
[13:43:29.459] [Sentinel] PROGRESS state=State.Playing position=37.9s advancing=True
[13:43:29.503] [MGL] PROGRESS state=State.Playing position=49.3s advancing=True
[13:43:30.350] [SBL] PROGRESS state=State.Playing position=53.2s advancing=True
[13:43:30.354] [Rover1] PROGRESS state=State.Playing position=38.9s advancing=True
[13:43:30.463] [SCL] PROGRESS state=State.Playing position=51.0s advancing=True
[13:43:30.467] [Sentinel] PROGRESS state=State.Playing position=38.9s advancing=True
[13:43:31.362] [Rover1] PROGRESS state=State.Playing position=39.9s advancing=True
[13:43:31.438] [Rocket Ranch] PROGRESS state=State.Playing position=40.1s advancing=True
[13:43:31.515] [MGL] PROGRESS state=State.Playing position=51.3s advancing=True
[13:43:31.860] [SBL] PROGRESS state=State.Playing position=53.4s advancing=True
[13:43:32.363] [SBL] PROGRESS state=State.Playing position=55.2s advancing=True
[13:43:32.368] [Rover1] PROGRESS state=State.Playing position=40.9s advancing=True
[13:43:32.448] [Rover 2] PROGRESS state=State.Playing position=40.8s advancing=True
[13:43:32.476] [SCL] PROGRESS state=State.Playing position=53.1s advancing=True
[13:43:32.480] [Sentinel] PROGRESS state=State.Playing position=40.9s advancing=True
[13:43:32.523] [MGL] PROGRESS state=State.Playing position=52.3s advancing=True
[13:43:33.449] [Rocket Ranch] PROGRESS state=State.Playing position=42.1s advancing=True
[13:43:33.454] [Rover 2] PROGRESS state=State.Playing position=41.8s advancing=True
[13:43:33.489] [Sentinel] PROGRESS state=State.Playing position=41.9s advancing=True
[13:43:33.529] [MGL] PROGRESS state=State.Playing position=53.3s advancing=True
[13:43:33.871] [SBL] PROGRESS state=State.Playing position=55.4s advancing=True
[13:43:34.375] [SBL] PROGRESS state=State.Playing position=57.1s advancing=True
[13:43:34.379] [Rover1] PROGRESS state=State.Playing position=42.9s advancing=True
[13:43:34.490] [SCL] PROGRESS state=State.Playing position=55.0s advancing=True
[13:43:34.497] [Sentinel] PROGRESS state=State.Playing position=42.9s advancing=True
[13:43:34.536] [MGL] PROGRESS state=State.Playing position=54.3s advancing=True
[13:43:35.385] [Rover1] PROGRESS state=State.Playing position=43.9s advancing=True
[13:43:35.462] [Rocket Ranch] PROGRESS state=State.Playing position=44.1s advancing=True
[13:43:35.496] [SCL] PROGRESS state=State.Playing position=56.0s advancing=True
[13:43:35.504] [Sentinel] PROGRESS state=State.Playing position=43.9s advancing=True
[13:43:35.527] [SBL] VLC_EVENT=EventType.MediaPlayerBuffering
[13:43:35.528] [SBL] VLC_EVENT=EventType.MediaPlayerBuffering
[13:43:35.533] [SBL] VLC_EVENT=EventType.MediaPlayerBuffering
[13:43:35.534] [SBL] VLC_EVENT=EventType.MediaPlayerBuffering
[13:43:35.535] [SBL] VLC_EVENT=EventType.MediaPlayerBuffering
[13:43:35.536] [SBL] VLC_EVENT=EventType.MediaPlayerBuffering
[13:43:35.536] [SBL] VLC_EVENT=EventType.MediaPlayerBuffering
[13:43:35.537] [SBL] VLC_EVENT=EventType.MediaPlayerBuffering
[13:43:35.538] [SBL] VLC_EVENT=EventType.MediaPlayerBuffering
[13:43:35.539] [SBL] VLC_EVENT=EventType.MediaPlayerBuffering
[13:43:35.539] [SBL] VLC_EVENT=EventType.MediaPlayerBuffering
[13:43:35.540] [SBL] VLC_EVENT=EventType.MediaPlayerBuffering
[13:43:35.541] [SBL] VLC_EVENT=EventType.MediaPlayerBuffering
[13:43:35.542] [SBL] VLC_EVENT=EventType.MediaPlayerBuffering
[13:43:35.543] [SBL] VLC_EVENT=EventType.MediaPlayerBuffering
[13:43:35.544] [SBL] VLC_EVENT=EventType.MediaPlayerBuffering
[13:43:35.545] [SBL] VLC_EVENT=EventType.MediaPlayerBuffering
[13:43:35.546] [SBL] VLC_EVENT=EventType.MediaPlayerBuffering
[13:43:35.547] [SBL] VLC_EVENT=EventType.MediaPlayerBuffering
[13:43:35.548] [SBL] VLC_EVENT=EventType.MediaPlayerBuffering
[13:43:35.549] [SBL] VLC_EVENT=EventType.MediaPlayerBuffering
[13:43:35.549] [SBL] VLC_EVENT=EventType.MediaPlayerBuffering
[13:43:35.550] [SBL] VLC_EVENT=EventType.MediaPlayerBuffering
[13:43:35.551] [SBL] VLC_EVENT=EventType.MediaPlayerBuffering
[13:43:35.552] [SBL] VLC_EVENT=EventType.MediaPlayerBuffering
[13:43:35.553] [SBL] VLC_EVENT=EventType.MediaPlayerBuffering
[13:43:35.554] [SBL] VLC_EVENT=EventType.MediaPlayerBuffering
[13:43:35.555] [SBL] VLC_EVENT=EventType.MediaPlayerBuffering
[13:43:35.556] [SBL] VLC_EVENT=EventType.MediaPlayerBuffering
[13:43:35.557] [SBL] VLC_EVENT=EventType.MediaPlayerBuffering
[13:43:35.557] [SBL] VLC_EVENT=EventType.MediaPlayerBuffering
[13:43:35.558] [SBL] VLC_EVENT=EventType.MediaPlayerBuffering
[13:43:35.559] [SBL] VLC_EVENT=EventType.MediaPlayerBuffering
[13:43:36.386] [SBL] PROGRESS state=State.Playing position=59.1s advancing=True
[13:43:36.390] [Rover1] PROGRESS state=State.Playing position=44.9s advancing=True
[13:43:36.503] [SCL] PROGRESS state=State.Playing position=57.0s advancing=True
[13:43:36.509] [Sentinel] PROGRESS state=State.Playing position=44.9s advancing=True
[13:43:37.397] [Rover1] PROGRESS state=State.Playing position=45.9s advancing=True
[13:43:37.474] [Rocket Ranch] PROGRESS state=State.Playing position=46.1s advancing=True
[13:43:37.477] [Rover 2] PROGRESS state=State.Playing position=45.8s advancing=True
[13:43:37.510] [SCL] PROGRESS state=State.Playing position=58.0s advancing=True
[13:43:37.515] [Sentinel] PROGRESS state=State.Playing position=45.9s advancing=True
[13:43:37.555] [MGL] PROGRESS state=State.Playing position=57.3s advancing=True
[13:43:37.636] [SBL] VLC_EVENT=EventType.MediaPlayerBuffering
[13:43:37.638] [SBL] VLC_EVENT=EventType.MediaPlayerBuffering
[13:43:37.639] [SBL] VLC_EVENT=EventType.MediaPlayerBuffering
[13:43:37.640] [SBL] VLC_EVENT=EventType.MediaPlayerBuffering
[13:43:37.644] [SBL] VLC_EVENT=EventType.MediaPlayerBuffering
[13:43:37.646] [SBL] VLC_EVENT=EventType.MediaPlayerBuffering
[13:43:37.647] [SBL] VLC_EVENT=EventType.MediaPlayerBuffering
[13:43:37.648] [SBL] VLC_EVENT=EventType.MediaPlayerBuffering
[13:43:37.649] [SBL] VLC_EVENT=EventType.MediaPlayerBuffering
[13:43:37.650] [SBL] VLC_EVENT=EventType.MediaPlayerBuffering
[13:43:37.650] [SBL] VLC_EVENT=EventType.MediaPlayerBuffering
[13:43:37.651] [SBL] VLC_EVENT=EventType.MediaPlayerBuffering
[13:43:37.653] [SBL] VLC_EVENT=EventType.MediaPlayerBuffering
[13:43:37.654] [SBL] VLC_EVENT=EventType.MediaPlayerBuffering
[13:43:37.655] [SBL] VLC_EVENT=EventType.MediaPlayerBuffering
[13:43:37.655] [SBL] VLC_EVENT=EventType.MediaPlayerBuffering
[13:43:37.656] [SBL] VLC_EVENT=EventType.MediaPlayerBuffering
[13:43:37.657] [SBL] VLC_EVENT=EventType.MediaPlayerBuffering
[13:43:37.657] [SBL] VLC_EVENT=EventType.MediaPlayerBuffering
[13:43:37.658] [SBL] VLC_EVENT=EventType.MediaPlayerBuffering
[13:43:37.659] [SBL] VLC_EVENT=EventType.MediaPlayerBuffering
[13:43:37.660] [SBL] VLC_EVENT=EventType.MediaPlayerBuffering
[13:43:37.661] [SBL] VLC_EVENT=EventType.MediaPlayerBuffering
[13:43:37.662] [SBL] VLC_EVENT=EventType.MediaPlayerBuffering
[13:43:37.663] [SBL] VLC_EVENT=EventType.MediaPlayerBuffering
[13:43:37.664] [SBL] VLC_EVENT=EventType.MediaPlayerBuffering
[13:43:37.665] [SBL] VLC_EVENT=EventType.MediaPlayerBuffering
[13:43:37.665] [SBL] VLC_EVENT=EventType.MediaPlayerBuffering
[13:43:37.666] [SBL] VLC_EVENT=EventType.MediaPlayerBuffering
[13:43:37.667] [SBL] VLC_EVENT=EventType.MediaPlayerBuffering
[13:43:37.668] [SBL] VLC_EVENT=EventType.MediaPlayerBuffering
[13:43:37.668] [SBL] VLC_EVENT=EventType.MediaPlayerBuffering
[13:43:37.669] [SBL] VLC_EVENT=EventType.MediaPlayerBuffering
[13:43:37.670] [SBL] VLC_EVENT=EventType.MediaPlayerBuffering
[13:43:38.399] [SBL] PROGRESS state=State.Playing position=61.0s advancing=True
[13:43:38.405] [Rover1] PROGRESS state=State.Playing position=46.9s advancing=True
[13:43:38.564] [MGL] PROGRESS state=State.Playing position=58.3s advancing=True
[13:43:39.024] [SCL] PROGRESS state=State.Playing position=60.0s advancing=True
[13:43:39.412] [Rover1] PROGRESS state=State.Playing position=47.9s advancing=True
[13:43:39.488] [Rocket Ranch] PROGRESS state=State.Playing position=48.1s advancing=True
[13:43:39.492] [Rover 2] PROGRESS state=State.Playing position=47.8s advancing=True
[13:43:39.532] [Sentinel] PROGRESS state=State.Playing position=47.9s advancing=True
[13:43:39.754] [SBL] VLC_EVENT=EventType.MediaPlayerBuffering
[13:43:39.756] [SBL] VLC_EVENT=EventType.MediaPlayerBuffering
[13:43:39.757] [SBL] VLC_EVENT=EventType.MediaPlayerBuffering
[13:43:39.760] [SBL] VLC_EVENT=EventType.MediaPlayerBuffering
[13:43:39.761] [SBL] VLC_EVENT=EventType.MediaPlayerBuffering
[13:43:39.761] [SBL] VLC_EVENT=EventType.MediaPlayerBuffering
[13:43:39.762] [SBL] VLC_EVENT=EventType.MediaPlayerBuffering
[13:43:39.763] [SBL] VLC_EVENT=EventType.MediaPlayerBuffering
[13:43:39.764] [SBL] VLC_EVENT=EventType.MediaPlayerBuffering
[13:43:39.765] [SBL] VLC_EVENT=EventType.MediaPlayerBuffering
[13:43:39.765] [SBL] VLC_EVENT=EventType.MediaPlayerBuffering
[13:43:39.766] [SBL] VLC_EVENT=EventType.MediaPlayerBuffering
[13:43:39.767] [SBL] VLC_EVENT=EventType.MediaPlayerBuffering
[13:43:39.768] [SBL] VLC_EVENT=EventType.MediaPlayerBuffering
[13:43:39.769] [SBL] VLC_EVENT=EventType.MediaPlayerBuffering
[13:43:39.770] [SBL] VLC_EVENT=EventType.MediaPlayerBuffering
[13:43:39.771] [SBL] VLC_EVENT=EventType.MediaPlayerBuffering
[13:43:39.772] [SBL] VLC_EVENT=EventType.MediaPlayerBuffering
[13:43:39.773] [SBL] VLC_EVENT=EventType.MediaPlayerBuffering
[13:43:39.773] [SBL] VLC_EVENT=EventType.MediaPlayerBuffering
[13:43:39.774] [SBL] VLC_EVENT=EventType.MediaPlayerBuffering
[13:43:39.775] [SBL] VLC_EVENT=EventType.MediaPlayerBuffering
[13:43:39.776] [SBL] VLC_EVENT=EventType.MediaPlayerBuffering
[13:43:39.777] [SBL] VLC_EVENT=EventType.MediaPlayerBuffering
[13:43:39.778] [SBL] VLC_EVENT=EventType.MediaPlayerBuffering
[13:43:39.779] [SBL] VLC_EVENT=EventType.MediaPlayerBuffering
[13:43:39.780] [SBL] VLC_EVENT=EventType.MediaPlayerBuffering
[13:43:39.781] [SBL] VLC_EVENT=EventType.MediaPlayerBuffering
[13:43:39.781] [SBL] VLC_EVENT=EventType.MediaPlayerBuffering
[13:43:39.783] [SBL] VLC_EVENT=EventType.MediaPlayerBuffering
[13:43:39.784] [SBL] VLC_EVENT=EventType.MediaPlayerBuffering
[13:43:39.785] [SBL] VLC_EVENT=EventType.MediaPlayerBuffering
[13:43:39.785] [SBL] VLC_EVENT=EventType.MediaPlayerBuffering
[13:43:39.786] [SBL] VLC_EVENT=EventType.MediaPlayerBuffering
[13:43:39.787] [SBL] VLC_EVENT=EventType.MediaPlayerBuffering
[13:43:40.075] [MGL] PROGRESS state=State.Playing position=60.3s advancing=True
[13:43:40.419] [Rover1] PROGRESS state=State.Playing position=48.9s advancing=True
[13:43:40.499] [Rover 2] PROGRESS state=State.Playing position=48.8s advancing=True
[13:43:40.540] [Sentinel] PROGRESS state=State.Playing position=48.9s advancing=True
[13:43:41.044] [Sentinel] PROGRESS state=State.Playing position=49.9s advancing=True
[13:43:41.421] [SBL] PROGRESS state=State.Playing position=64.2s advancing=True
[13:43:41.427] [Rover1] PROGRESS state=State.Playing position=49.9s advancing=True
[13:43:41.502] [Rocket Ranch] PROGRESS state=State.Playing position=50.1s advancing=True
[13:43:41.509] [Rover 2] PROGRESS state=State.Playing position=49.8s advancing=True
[13:43:41.586] [MGL] PROGRESS state=State.Playing position=61.3s advancing=True
[13:43:41.866] [SBL] VLC_EVENT=EventType.MediaPlayerBuffering
[13:43:41.867] [SBL] VLC_EVENT=EventType.MediaPlayerBuffering
[13:43:41.868] [SBL] VLC_EVENT=EventType.MediaPlayerBuffering
[13:43:41.871] [SBL] VLC_EVENT=EventType.MediaPlayerBuffering
[13:43:41.872] [SBL] VLC_EVENT=EventType.MediaPlayerBuffering
[13:43:41.873] [SBL] VLC_EVENT=EventType.MediaPlayerBuffering
[13:43:41.873] [SBL] VLC_EVENT=EventType.MediaPlayerBuffering
[13:43:41.874] [SBL] VLC_EVENT=EventType.MediaPlayerBuffering
[13:43:41.875] [SBL] VLC_EVENT=EventType.MediaPlayerBuffering
[13:43:41.876] [SBL] VLC_EVENT=EventType.MediaPlayerBuffering
[13:43:41.877] [SBL] VLC_EVENT=EventType.MediaPlayerBuffering
[13:43:41.877] [SBL] VLC_EVENT=EventType.MediaPlayerBuffering
[13:43:41.878] [SBL] VLC_EVENT=EventType.MediaPlayerBuffering
[13:43:41.879] [SBL] VLC_EVENT=EventType.MediaPlayerBuffering
[13:43:41.880] [SBL] VLC_EVENT=EventType.MediaPlayerBuffering
[13:43:41.880] [SBL] VLC_EVENT=EventType.MediaPlayerBuffering
[13:43:41.881] [SBL] VLC_EVENT=EventType.MediaPlayerBuffering
[13:43:41.882] [SBL] VLC_EVENT=EventType.MediaPlayerBuffering
[13:43:41.883] [SBL] VLC_EVENT=EventType.MediaPlayerBuffering
[13:43:41.884] [SBL] VLC_EVENT=EventType.MediaPlayerBuffering
[13:43:41.885] [SBL] VLC_EVENT=EventType.MediaPlayerBuffering
[13:43:41.886] [SBL] VLC_EVENT=EventType.MediaPlayerBuffering
[13:43:41.887] [SBL] VLC_EVENT=EventType.MediaPlayerBuffering
[13:43:41.887] [SBL] VLC_EVENT=EventType.MediaPlayerBuffering
[13:43:41.888] [SBL] VLC_EVENT=EventType.MediaPlayerBuffering
[13:43:41.889] [SBL] VLC_EVENT=EventType.MediaPlayerBuffering
[13:43:41.890] [SBL] VLC_EVENT=EventType.MediaPlayerBuffering
[13:43:41.890] [SBL] VLC_EVENT=EventType.MediaPlayerBuffering
[13:43:41.891] [SBL] VLC_EVENT=EventType.MediaPlayerBuffering
[13:43:41.892] [SBL] VLC_EVENT=EventType.MediaPlayerBuffering
[13:43:41.893] [SBL] VLC_EVENT=EventType.MediaPlayerBuffering
[13:43:41.894] [SBL] VLC_EVENT=EventType.MediaPlayerBuffering
[13:43:41.895] [SBL] VLC_EVENT=EventType.MediaPlayerBuffering
[13:43:41.895] [SBL] VLC_EVENT=EventType.MediaPlayerBuffering
[13:43:41.896] [SBL] VLC_EVENT=EventType.MediaPlayerBuffering
[13:43:41.897] [SBL] VLC_EVENT=EventType.MediaPlayerBuffering
[13:43:41.898] [SBL] VLC_EVENT=EventType.MediaPlayerBuffering
[13:43:42.443] [Rover1] PROGRESS state=State.Playing position=50.9s advancing=True
[13:43:42.555] [SCL] PROGRESS state=State.Playing position=63.0s advancing=True
[13:43:42.571] [Sentinel] PROGRESS state=State.Playing position=50.9s advancing=True
[13:43:42.602] [MGL] PROGRESS state=State.Playing position=62.3s advancing=True
[13:43:43.440] [SBL] PROGRESS state=State.Playing position=66.1s advancing=True
[13:43:43.449] [Rover1] PROGRESS state=State.Playing position=51.9s advancing=True
[13:43:43.521] [Rocket Ranch] PROGRESS state=State.Playing position=52.1s advancing=True
[13:43:43.531] [Rover 2] PROGRESS state=State.Playing position=51.8s advancing=True
[13:43:43.971] [SBL] VLC_EVENT=EventType.MediaPlayerBuffering
[13:43:43.974] [SBL] VLC_EVENT=EventType.MediaPlayerBuffering
[13:43:43.978] [SBL] VLC_EVENT=EventType.MediaPlayerBuffering
[13:43:43.979] [SBL] VLC_EVENT=EventType.MediaPlayerBuffering
[13:43:43.979] [SBL] VLC_EVENT=EventType.MediaPlayerBuffering
[13:43:43.980] [SBL] VLC_EVENT=EventType.MediaPlayerBuffering
[13:43:43.981] [SBL] VLC_EVENT=EventType.MediaPlayerBuffering
[13:43:43.982] [SBL] VLC_EVENT=EventType.MediaPlayerBuffering
[13:43:43.983] [SBL] VLC_EVENT=EventType.MediaPlayerBuffering
[13:43:43.984] [SBL] VLC_EVENT=EventType.MediaPlayerBuffering
[13:43:43.985] [SBL] VLC_EVENT=EventType.MediaPlayerBuffering
[13:43:43.986] [SBL] VLC_EVENT=EventType.MediaPlayerBuffering
[13:43:43.987] [SBL] VLC_EVENT=EventType.MediaPlayerBuffering
[13:43:43.988] [SBL] VLC_EVENT=EventType.MediaPlayerBuffering
[13:43:43.989] [SBL] VLC_EVENT=EventType.MediaPlayerBuffering
[13:43:43.989] [SBL] VLC_EVENT=EventType.MediaPlayerBuffering
[13:43:43.990] [SBL] VLC_EVENT=EventType.MediaPlayerBuffering
[13:43:43.991] [SBL] VLC_EVENT=EventType.MediaPlayerBuffering
[13:43:43.992] [SBL] VLC_EVENT=EventType.MediaPlayerBuffering
[13:43:43.992] [SBL] VLC_EVENT=EventType.MediaPlayerBuffering
[13:43:43.993] [SBL] VLC_EVENT=EventType.MediaPlayerBuffering
[13:43:43.994] [SBL] VLC_EVENT=EventType.MediaPlayerBuffering
[13:43:43.995] [SBL] VLC_EVENT=EventType.MediaPlayerBuffering
[13:43:43.995] [SBL] VLC_EVENT=EventType.MediaPlayerBuffering
[13:43:43.996] [SBL] VLC_EVENT=EventType.MediaPlayerBuffering
[13:43:43.997] [SBL] VLC_EVENT=EventType.MediaPlayerBuffering
[13:43:43.998] [SBL] VLC_EVENT=EventType.MediaPlayerBuffering
[13:43:43.998] [SBL] VLC_EVENT=EventType.MediaPlayerBuffering
[13:43:43.999] [SBL] VLC_EVENT=EventType.MediaPlayerBuffering
[13:43:43.000] [SBL] VLC_EVENT=EventType.MediaPlayerBuffering
[13:43:43.000] [SBL] VLC_EVENT=EventType.MediaPlayerBuffering
[13:43:44.002] [SBL] VLC_EVENT=EventType.MediaPlayerBuffering
[13:43:44.003] [SBL] VLC_EVENT=EventType.MediaPlayerBuffering
[13:43:44.004] [SBL] VLC_EVENT=EventType.MediaPlayerBuffering
[13:43:44.005] [SBL] VLC_EVENT=EventType.MediaPlayerBuffering
[13:43:44.006] [SBL] VLC_EVENT=EventType.MediaPlayerBuffering
[13:43:44.006] [SBL] VLC_EVENT=EventType.MediaPlayerBuffering
[13:43:44.007] [SBL] VLC_EVENT=EventType.MediaPlayerBuffering
[13:43:44.069] [SCL] PROGRESS state=State.Playing position=65.0s advancing=True
[13:43:44.116] [MGL] PROGRESS state=State.Playing position=64.3s advancing=True
[13:43:44.455] [Rover1] PROGRESS state=State.Playing position=52.9s advancing=True
[13:43:44.528] [Rocket Ranch] PROGRESS state=State.Playing position=53.1s advancing=True
[13:43:44.586] [Sentinel] PROGRESS state=State.Playing position=52.9s advancing=True
[13:43:45.089] [Sentinel] PROGRESS state=State.Playing position=53.9s advancing=True
[13:43:45.453] [SBL] PROGRESS state=State.Playing position=68.0s advancing=True
[13:43:45.542] [Rover 2] PROGRESS state=State.Playing position=53.8s advancing=True
[13:43:45.624] [MGL] PROGRESS state=State.Playing position=65.3s advancing=True
[13:43:46.090] [SBL] VLC_EVENT=EventType.MediaPlayerBuffering
[13:43:46.096] [Sentinel] PROGRESS state=State.Playing position=54.9s advancing=True
[13:43:46.096] [SBL] VLC_EVENT=EventType.MediaPlayerBuffering
[13:43:46.098] [SBL] VLC_EVENT=EventType.MediaPlayerBuffering
[13:43:46.098] [SBL] VLC_EVENT=EventType.MediaPlayerBuffering
[13:43:46.099] [SBL] VLC_EVENT=EventType.MediaPlayerBuffering
[13:43:46.100] [SBL] VLC_EVENT=EventType.MediaPlayerBuffering
[13:43:46.101] [SBL] VLC_EVENT=EventType.MediaPlayerBuffering
[13:43:46.102] [SBL] VLC_EVENT=EventType.MediaPlayerBuffering
[13:43:46.103] [SBL] VLC_EVENT=EventType.MediaPlayerBuffering
[13:43:46.104] [SBL] VLC_EVENT=EventType.MediaPlayerBuffering
[13:43:46.104] [SBL] VLC_EVENT=EventType.MediaPlayerBuffering
[13:43:46.105] [SBL] VLC_EVENT=EventType.MediaPlayerBuffering
[13:43:46.106] [SBL] VLC_EVENT=EventType.MediaPlayerBuffering
[13:43:46.107] [SBL] VLC_EVENT=EventType.MediaPlayerBuffering
[13:43:46.108] [SBL] VLC_EVENT=EventType.MediaPlayerBuffering
[13:43:46.109] [SBL] VLC_EVENT=EventType.MediaPlayerBuffering
[13:43:46.109] [SBL] VLC_EVENT=EventType.MediaPlayerBuffering
[13:43:46.110] [SBL] VLC_EVENT=EventType.MediaPlayerBuffering
[13:43:46.111] [SBL] VLC_EVENT=EventType.MediaPlayerBuffering
[13:43:46.111] [SBL] VLC_EVENT=EventType.MediaPlayerBuffering
[13:43:46.112] [SBL] VLC_EVENT=EventType.MediaPlayerBuffering
[13:43:46.113] [SBL] VLC_EVENT=EventType.MediaPlayerBuffering
[13:43:46.114] [SBL] VLC_EVENT=EventType.MediaPlayerBuffering
[13:43:46.115] [SBL] VLC_EVENT=EventType.MediaPlayerBuffering
[13:43:46.116] [SBL] VLC_EVENT=EventType.MediaPlayerBuffering
[13:43:46.117] [SBL] VLC_EVENT=EventType.MediaPlayerBuffering
[13:43:46.117] [SBL] VLC_EVENT=EventType.MediaPlayerBuffering
[13:43:46.118] [SBL] VLC_EVENT=EventType.MediaPlayerBuffering
[13:43:46.118] [SBL] VLC_EVENT=EventType.MediaPlayerBuffering
[13:43:46.119] [SBL] VLC_EVENT=EventType.MediaPlayerBuffering
[13:43:46.120] [SBL] VLC_EVENT=EventType.MediaPlayerBuffering
[13:43:46.121] [SBL] VLC_EVENT=EventType.MediaPlayerBuffering
[13:43:46.122] [SBL] VLC_EVENT=EventType.MediaPlayerBuffering
[13:43:46.123] [SBL] VLC_EVENT=EventType.MediaPlayerBuffering
[13:43:46.124] [SBL] VLC_EVENT=EventType.MediaPlayerBuffering
[13:43:46.125] [SBL] VLC_EVENT=EventType.MediaPlayerBuffering
[13:43:46.126] [SBL] VLC_EVENT=EventType.MediaPlayerBuffering
[13:43:46.126] [SBL] VLC_EVENT=EventType.MediaPlayerBuffering
[13:43:46.127] [SBL] VLC_EVENT=EventType.MediaPlayerBuffering
[13:43:46.128] [SBL] VLC_EVENT=EventType.MediaPlayerBuffering
[13:43:46.459] [SBL] PROGRESS state=State.Playing position=67.2s advancing=True
[13:43:46.467] [Rover1] PROGRESS state=State.Playing position=54.9s advancing=True
[13:43:46.541] [Rocket Ranch] PROGRESS state=State.Playing position=55.1s advancing=True
[13:43:46.585] [SCL] PROGRESS state=State.Playing position=67.0s advancing=True
[13:43:46.631] [MGL] PROGRESS state=State.Playing position=66.3s advancing=True
[13:43:47.088] [SCL] PROGRESS state=State.Playing position=68.0s advancing=True
[13:43:47.467] [SBL] PROGRESS state=State.Playing position=70.0s advancing=True
[13:43:47.472] [Rover1] PROGRESS state=State.Playing position=55.9s advancing=True
[13:43:47.555] [Rover 2] PROGRESS state=State.Playing position=55.8s advancing=True
[13:43:47.607] [Sentinel] PROGRESS state=State.Playing position=55.9s advancing=True
[13:43:48.049] [Rocket Ranch] PROGRESS state=State.Playing position=57.1s advancing=True
[13:43:48.096] [SCL] PROGRESS state=State.Playing position=69.0s advancing=True
[13:43:48.141] [MGL] PROGRESS state=State.Playing position=68.3s advancing=True
[13:43:48.192] [SBL] VLC_EVENT=EventType.MediaPlayerBuffering
[13:43:48.198] [SBL] VLC_EVENT=EventType.MediaPlayerBuffering
[13:43:48.199] [SBL] VLC_EVENT=EventType.MediaPlayerBuffering
[13:43:48.201] [SBL] VLC_EVENT=EventType.MediaPlayerBuffering
[13:43:48.202] [SBL] VLC_EVENT=EventType.MediaPlayerBuffering
[13:43:48.202] [SBL] VLC_EVENT=EventType.MediaPlayerBuffering
[13:43:48.204] [SBL] VLC_EVENT=EventType.MediaPlayerBuffering
[13:43:48.204] [SBL] VLC_EVENT=EventType.MediaPlayerBuffering
[13:43:48.205] [SBL] VLC_EVENT=EventType.MediaPlayerBuffering
[13:43:48.206] [SBL] VLC_EVENT=EventType.MediaPlayerBuffering
[13:43:48.207] [SBL] VLC_EVENT=EventType.MediaPlayerBuffering
[13:43:48.208] [SBL] VLC_EVENT=EventType.MediaPlayerBuffering
[13:43:48.208] [SBL] VLC_EVENT=EventType.MediaPlayerBuffering
[13:43:48.209] [SBL] VLC_EVENT=EventType.MediaPlayerBuffering
[13:43:48.210] [SBL] VLC_EVENT=EventType.MediaPlayerBuffering
[13:43:48.211] [SBL] VLC_EVENT=EventType.MediaPlayerBuffering
[13:43:48.211] [SBL] VLC_EVENT=EventType.MediaPlayerBuffering
[13:43:48.212] [SBL] VLC_EVENT=EventType.MediaPlayerBuffering
[13:43:48.213] [SBL] VLC_EVENT=EventType.MediaPlayerBuffering
[13:43:48.214] [SBL] VLC_EVENT=EventType.MediaPlayerBuffering
[13:43:48.215] [SBL] VLC_EVENT=EventType.MediaPlayerBuffering
[13:43:48.216] [SBL] VLC_EVENT=EventType.MediaPlayerBuffering
[13:43:48.217] [SBL] VLC_EVENT=EventType.MediaPlayerBuffering
[13:43:48.218] [SBL] VLC_EVENT=EventType.MediaPlayerBuffering
[13:43:48.219] [SBL] VLC_EVENT=EventType.MediaPlayerBuffering
[13:43:48.219] [SBL] VLC_EVENT=EventType.MediaPlayerBuffering
[13:43:48.220] [SBL] VLC_EVENT=EventType.MediaPlayerBuffering
[13:43:48.221] [SBL] VLC_EVENT=EventType.MediaPlayerBuffering
[13:43:48.221] [SBL] VLC_EVENT=EventType.MediaPlayerBuffering
[13:43:48.222] [SBL] VLC_EVENT=EventType.MediaPlayerBuffering
[13:43:48.223] [SBL] VLC_EVENT=EventType.MediaPlayerBuffering
[13:43:48.225] [SBL] VLC_EVENT=EventType.MediaPlayerBuffering
[13:43:48.226] [SBL] VLC_EVENT=EventType.MediaPlayerBuffering
[13:43:48.227] [SBL] VLC_EVENT=EventType.MediaPlayerBuffering
[13:43:48.227] [SBL] VLC_EVENT=EventType.MediaPlayerBuffering
[13:43:48.228] [SBL] VLC_EVENT=EventType.MediaPlayerBuffering
[13:43:48.229] [SBL] VLC_EVENT=EventType.MediaPlayerBuffering
[13:43:48.230] [SBL] VLC_EVENT=EventType.MediaPlayerBuffering
[13:43:48.230] [SBL] VLC_EVENT=EventType.MediaPlayerBuffering
[13:43:48.231] [SBL] VLC_EVENT=EventType.MediaPlayerBuffering
[13:43:48.478] [Rover1] PROGRESS state=State.Playing position=56.9s advancing=True
[13:43:48.613] [Sentinel] PROGRESS state=State.Playing position=56.9s advancing=True
[13:43:48.979] [SBL] PROGRESS state=State.Playing position=69.2s advancing=True
[13:43:49.117] [Sentinel] PROGRESS state=State.Playing position=57.9s advancing=True
[13:43:49.483] [SBL] PROGRESS state=State.Playing position=71.6s advancing=True
[13:43:49.569] [Rover 2] PROGRESS state=State.Playing position=57.8s advancing=True
[13:43:50.123] [Sentinel] PROGRESS state=State.Playing position=58.9s advancing=True
[13:43:50.305] [SBL] VLC_EVENT=EventType.MediaPlayerBuffering
[13:43:50.306] [SBL] VLC_EVENT=EventType.MediaPlayerBuffering
[13:43:50.307] [SBL] VLC_EVENT=EventType.MediaPlayerBuffering
[13:43:50.308] [SBL] VLC_EVENT=EventType.MediaPlayerBuffering
[13:43:50.310] [SBL] VLC_EVENT=EventType.MediaPlayerBuffering
[13:43:50.311] [SBL] VLC_EVENT=EventType.MediaPlayerBuffering
[13:43:50.312] [SBL] VLC_EVENT=EventType.MediaPlayerBuffering
[13:43:50.312] [SBL] VLC_EVENT=EventType.MediaPlayerBuffering
[13:43:50.313] [SBL] VLC_EVENT=EventType.MediaPlayerBuffering
[13:43:50.314] [SBL] VLC_EVENT=EventType.MediaPlayerBuffering
[13:43:50.315] [SBL] VLC_EVENT=EventType.MediaPlayerBuffering
[13:43:50.316] [SBL] VLC_EVENT=EventType.MediaPlayerBuffering
[13:43:50.316] [SBL] VLC_EVENT=EventType.MediaPlayerBuffering
[13:43:50.317] [SBL] VLC_EVENT=EventType.MediaPlayerBuffering
[13:43:50.318] [SBL] VLC_EVENT=EventType.MediaPlayerBuffering
[13:43:50.318] [SBL] VLC_EVENT=EventType.MediaPlayerBuffering
[13:43:50.319] [SBL] VLC_EVENT=EventType.MediaPlayerBuffering
[13:43:50.320] [SBL] VLC_EVENT=EventType.MediaPlayerBuffering
[13:43:50.320] [SBL] VLC_EVENT=EventType.MediaPlayerBuffering
[13:43:50.321] [SBL] VLC_EVENT=EventType.MediaPlayerBuffering
[13:43:50.322] [SBL] VLC_EVENT=EventType.MediaPlayerBuffering
[13:43:50.323] [SBL] VLC_EVENT=EventType.MediaPlayerBuffering
[13:43:50.324] [SBL] VLC_EVENT=EventType.MediaPlayerBuffering
[13:43:50.325] [SBL] VLC_EVENT=EventType.MediaPlayerBuffering
[13:43:50.325] [SBL] VLC_EVENT=EventType.MediaPlayerBuffering
[13:43:50.326] [SBL] VLC_EVENT=EventType.MediaPlayerBuffering
[13:43:50.327] [SBL] VLC_EVENT=EventType.MediaPlayerBuffering
[13:43:50.327] [SBL] VLC_EVENT=EventType.MediaPlayerBuffering
[13:43:50.328] [SBL] VLC_EVENT=EventType.MediaPlayerBuffering
[13:43:50.329] [SBL] VLC_EVENT=EventType.MediaPlayerBuffering
[13:43:50.330] [SBL] VLC_EVENT=EventType.MediaPlayerBuffering
[13:43:50.331] [SBL] VLC_EVENT=EventType.MediaPlayerBuffering
[13:43:50.331] [SBL] VLC_EVENT=EventType.MediaPlayerBuffering
[13:43:50.332] [SBL] VLC_EVENT=EventType.MediaPlayerBuffering
[13:43:50.333] [SBL] VLC_EVENT=EventType.MediaPlayerBuffering
[13:43:50.333] [SBL] VLC_EVENT=EventType.MediaPlayerBuffering
[13:43:50.334] [SBL] VLC_EVENT=EventType.MediaPlayerBuffering
[13:43:50.335] [SBL] VLC_EVENT=EventType.MediaPlayerBuffering
[13:43:50.336] [SBL] VLC_EVENT=EventType.MediaPlayerBuffering
[13:43:50.336] [SBL] VLC_EVENT=EventType.MediaPlayerBuffering
[13:43:50.337] [SBL] VLC_EVENT=EventType.MediaPlayerBuffering
[13:43:50.338] [SBL] VLC_EVENT=EventType.MediaPlayerBuffering
[13:43:50.492] [Rover1] PROGRESS state=State.Playing position=58.9s advancing=True
[13:43:50.566] [Rocket Ranch] PROGRESS state=State.Playing position=59.1s advancing=True
[13:43:50.615] [SCL] PROGRESS state=State.Playing position=71.0s advancing=True
[13:43:50.659] [MGL] PROGRESS state=State.Playing position=70.3s advancing=True
[13:43:50.992] [SBL] PROGRESS state=State.Playing position=71.2s advancing=True
[13:43:51.118] [SCL] PROGRESS state=State.Playing position=72.0s advancing=True
[13:43:51.497] [SBL] PROGRESS state=State.Playing position=73.3s advancing=True
[13:43:51.502] [Rover1] PROGRESS state=State.Playing position=59.9s advancing=True
[13:43:51.665] [MGL] PROGRESS state=State.Playing position=71.3s advancing=True
[13:43:52.124] [SCL] PROGRESS state=State.Playing position=73.0s advancing=True
[13:43:52.506] [SBL] PROGRESS state=State.Playing position=74.3s advancing=True
[13:43:52.577] [Rocket Ranch] PROGRESS state=State.Playing position=61.1s advancing=True
[13:43:52.638] [Sentinel] PROGRESS state=State.Playing position=60.9s advancing=True
[13:43:53.089] [Rover 2] PROGRESS state=State.Playing position=61.8s advancing=True
[13:43:53.513] [SBL] PROGRESS state=State.Playing position=75.3s advancing=True
[13:43:54.147] [Sentinel] PROGRESS state=State.Playing position=62.9s advancing=True
[13:43:54.519] [SBL] PROGRESS state=State.Playing position=76.3s advancing=True
[13:43:54.524] [Rover1] PROGRESS state=State.Playing position=62.9s advancing=True
[13:43:54.588] [Rocket Ranch] PROGRESS state=State.Playing position=63.1s advancing=True
[13:43:54.641] [SCL] PROGRESS state=State.Playing position=75.0s advancing=True
[13:43:54.690] [MGL] PROGRESS state=State.Playing position=74.3s advancing=True
[13:43:55.144] [SCL] PROGRESS state=State.Playing position=76.0s advancing=True
[13:43:55.532] [Rover1] PROGRESS state=State.Playing position=63.9s advancing=True
[13:43:55.606] [Rover 2] PROGRESS state=State.Playing position=63.8s advancing=True
[13:43:55.701] [MGL] PROGRESS state=State.Playing position=75.3s advancing=True
[13:43:56.110] [Rover 2] PROGRESS state=State.Playing position=64.8s advancing=True
[13:43:56.158] [SCL] PROGRESS state=State.Playing position=77.0s advancing=True
[13:43:56.534] [SBL] PROGRESS state=State.Playing position=78.3s advancing=True
[13:43:56.601] [Rocket Ranch] PROGRESS state=State.Playing position=65.1s advancing=True
[13:43:56.678] [Sentinel] PROGRESS state=State.Playing position=64.9s advancing=True
[13:43:57.042] [Rover1] PROGRESS state=State.Playing position=65.9s advancing=True
[13:43:57.116] [Rover 2] PROGRESS state=State.Playing position=65.8s advancing=True
[13:43:57.210] [MGL] PROGRESS state=State.Playing position=77.3s advancing=True
[13:43:57.541] [SBL] PROGRESS state=State.Playing position=79.3s advancing=True
[13:43:58.111] [Rocket Ranch] PROGRESS state=State.Playing position=67.1s advancing=True
[13:43:58.196] [Sentinel] PROGRESS state=State.Playing position=66.9s advancing=True
[13:43:58.627] [Rover 2] PROGRESS state=State.Playing position=66.8s advancing=True
[13:43:58.678] [SCL] PROGRESS state=State.Playing position=79.0s advancing=True
[13:43:59.051] [SBL] PROGRESS state=State.Playing position=81.3s advancing=True
[13:43:59.187] [SCL] PROGRESS state=State.Playing position=80.0s advancing=True
[13:43:59.230] [MGL] PROGRESS state=State.Playing position=79.4s advancing=True
[13:43:59.558] [Rover1] PROGRESS state=State.Playing position=67.9s advancing=True
[13:43:59.624] [Rocket Ranch] PROGRESS state=State.Playing position=68.1s advancing=True
[13:43:59.634] [Rover 2] PROGRESS state=State.Playing position=67.8s advancing=True
[13:44:00.139] [Rover 2] PROGRESS state=State.Playing position=68.8s advancing=True
[13:44:00.218] [SCL] PROGRESS state=State.Playing position=81.0s advancing=True
[13:44:00.561] [SBL] PROGRESS state=State.Playing position=82.3s advancing=True
[13:44:00.571] [Rover1] PROGRESS state=State.Playing position=68.9s advancing=True
[13:44:01.079] [Rover1] PROGRESS state=State.Playing position=69.9s advancing=True
[13:44:01.138] [Rocket Ranch] PROGRESS state=State.Playing position=70.1s advancing=True
[13:44:01.157] [Rover 2] PROGRESS state=State.Playing position=69.8s advancing=True
[13:44:01.231] [SCL] PROGRESS state=State.Playing position=82.0s advancing=True
[13:44:01.577] [SBL] PROGRESS state=State.Playing position=83.3s advancing=True
[13:44:02.090] [Rover1] PROGRESS state=State.Playing position=70.9s advancing=True
[13:44:02.166] [Rover 2] PROGRESS state=State.Playing position=70.8s advancing=True
[13:44:02.248] [Sentinel] PROGRESS state=State.Playing position=70.9s advancing=True
[13:44:03.087] [SBL] PROGRESS state=State.Playing position=85.3s advancing=True
[13:44:03.158] [Rocket Ranch] PROGRESS state=State.Playing position=72.1s advancing=True
[13:44:03.243] [SCL] PROGRESS state=State.Playing position=84.0s advancing=True
[13:44:03.261] [MGL] PROGRESS state=State.Playing position=83.3s advancing=True
[13:44:03.601] [Rover1] PROGRESS state=State.Playing position=71.9s advancing=True
[13:44:03.677] [Rover 2] PROGRESS state=State.Playing position=71.8s advancing=True
[13:44:04.253] [SCL] PROGRESS state=State.Playing position=85.0s advancing=True
[13:44:04.597] [SBL] PROGRESS state=State.Playing position=86.3s advancing=True
[13:44:04.606] [Rover1] PROGRESS state=State.Playing position=72.9s advancing=True
[13:44:05.110] [Rover1] PROGRESS state=State.Playing position=73.9s advancing=True
[13:44:05.171] [Rocket Ranch] PROGRESS state=State.Playing position=74.1s advancing=True
[13:44:05.187] [Rover 2] PROGRESS state=State.Playing position=73.8s advancing=True
[13:44:05.268] [Sentinel] PROGRESS state=State.Playing position=73.9s advancing=True
[13:44:05.276] [MGL] PROGRESS state=State.Playing position=85.4s advancing=True
[13:44:05.604] [SBL] PROGRESS state=State.Playing position=87.3s advancing=True
[13:44:06.200] [Rover 2] PROGRESS state=State.Playing position=74.8s advancing=True
[13:44:06.281] [Sentinel] PROGRESS state=State.Playing position=74.9s advancing=True
[13:44:07.118] [SBL] PROGRESS state=State.Playing position=89.3s advancing=True
[13:44:07.280] [SCL] PROGRESS state=State.Playing position=88.0s advancing=True
[13:44:07.290] [Sentinel] PROGRESS state=State.Playing position=75.9s advancing=True
[13:44:07.300] [MGL] PROGRESS state=State.Playing position=87.3s advancing=True
[13:44:07.636] [Rover1] PROGRESS state=State.Playing position=75.9s advancing=True
[13:44:07.694] [Rocket Ranch] PROGRESS state=State.Playing position=76.1s advancing=True
[13:44:07.711] [Rover 2] PROGRESS state=State.Playing position=75.8s advancing=True
[13:44:08.652] [Rover1] PROGRESS state=State.Playing position=76.9s advancing=True
[13:44:09.138] [SBL] PROGRESS state=State.Playing position=91.3s advancing=True
[13:44:09.161] [Rover1] PROGRESS state=State.Playing position=77.9s advancing=True
[13:44:09.242] [Rover 2] PROGRESS state=State.Playing position=77.8s advancing=True
[13:44:09.300] [SCL] PROGRESS state=State.Playing position=90.0s advancing=True
[13:44:09.312] [Sentinel] PROGRESS state=State.Playing position=77.9s advancing=True
[13:44:09.323] [MGL] PROGRESS state=State.Playing position=89.3s advancing=True
[13:44:09.723] [Rocket Ranch] PROGRESS state=State.Playing position=78.1s advancing=True
[13:44:10.259] [Rover 2] PROGRESS state=State.Playing position=78.8s advancing=True
[13:44:10.313] [SCL] PROGRESS state=State.Playing position=91.0s advancing=True
[13:44:10.325] [Sentinel] PROGRESS state=State.Playing position=78.9s advancing=True
[13:45:16.895] [SBL] RESOLVE_FEED starting original=https://youtube.com/watch
[13:45:16.896] [SCL] RESOLVE_FEED starting original=https://youtube.com/watch
[13:45:16.897] [MGL] RESOLVE_FEED starting original=https://youtube.com/watch
[13:45:16.899] [Sentinel] RESOLVE_FEED starting original=https://youtube.com/watch
[13:45:16.900] [Rover1] RESOLVE_FEED starting original=https://www.youtube.com/watch
[13:45:16.901] [Rocket Ranch] RESOLVE_FEED starting original=https://youtube.com/watch
[13:45:16.903] [Rover 2] RESOLVE_FEED starting original=https://youtube.com/watch
[13:45:19.817] [SBL] STREAM_START original=https://youtube.com/watch
[13:45:20.069] [SBL] SET_MEDIA url=https://manifest.googlevideo.com/api/manifest/hls_playlist/expire/1788133369/ei/mWuUapTwA7CEkucP-bvM0Q8/ip/2600:4040:282f:6200:bd75:1171:b122:320e/id/mhJRzQsLZGg.17/itag/96/source/yt_live_broadcast/requiressl/yes/ratebypass/yes/live/1/sgoap/gir%3Dyes%3Bitag%3D140/sgovp/gir%3Dyes%3Bitag%3D137/rqh/1/hls_chunk_host/rr11---sn-8xgp1vo-p5qes.googlevideo.com/xpc/EgVo2aDSNQ%3D%3D/playlist_duration/30/manifest_duration/30/ss/1/ssa/1/bui/AR3QkAl9GEbdokro1l6s29HybJgXaPMDNRJQ0m15JgVpnL8gVYsK4A7GAr0NW3Qwd1d86oG7OuIJY8qT/spc/KBGBcsCLl3NTv-eKwXeE2LElab-7cMlPBBG4uuumbWvHqSA2zOAIapR03p5sWJmW/vprv/1/reg/0/playlist_type/DVR/initcwndbps/4061250/met/1788111769,/mh/3F/mm/44/mn/sn-8xgp1vo-p5qes/ms/lva/mv/m/mvi/11/pl/38/rms/lva,lva/dover/11/pacing/0/keepalive/yes/fexp/51565116,52135441/mt/1788111394/sparams/expire,ei,ip,id,itag,source,requiressl,ratebypass,live,sgoap,sgovp,rqh,xpc,playlist_duration,manifest_duration,ss,ssa,bui,spc,vprv,reg,playlist_type/sig/AE0s2JYwRAIgTfX6O1qJi2wMkHsH6RFsYW-QXT8sl9OYSnDhXI4nS08CIETxG6iOJsybdtu2jUx09ybCwo9zx1QLZUCpeu-f-X0G/lsparams/hls_chunk_host,initcwndbps,met,mh,mm,mn,ms,mv,mvi,pl,rms/lsig/APaTxxMwRQIgSh_nBdbAOmoHa4Td2mRxkI433JAg-L_MgE7hQccZpbgCIQDsNjs5Q7YxwaaLTzYJGw4oZga2_3tVwLsrBXy_MpQE1w%3D%3D/playlist/index.m3u8 url_status=new
[13:45:20.071] [SBL] MEDIA_CREATED url=https://manifest.googlevideo.com/api/manifest/hls_playlist/expire/1788133369/ei/mWuUapTwA7CEkucP-bvM0Q8/ip/2600:4040:282f:6200:bd75:1171:b122:320e/id/mhJRzQsLZGg.17/itag/96/source/yt_live_broadcast/requiressl/yes/ratebypass/yes/live/1/sgoap/gir%3Dyes%3Bitag%3D140/sgovp/gir%3Dyes%3Bitag%3D137/rqh/1/hls_chunk_host/rr11---sn-8xgp1vo-p5qes.googlevideo.com/xpc/EgVo2aDSNQ%3D%3D/playlist_duration/30/manifest_duration/30/ss/1/ssa/1/bui/AR3QkAl9GEbdokro1l6s29HybJgXaPMDNRJQ0m15JgVpnL8gVYsK4A7GAr0NW3Qwd1d86oG7OuIJY8qT/spc/KBGBcsCLl3NTv-eKwXeE2LElab-7cMlPBBG4uuumbWvHqSA2zOAIapR03p5sWJmW/vprv/1/reg/0/playlist_type/DVR/initcwndbps/4061250/met/1788111769,/mh/3F/mm/44/mn/sn-8xgp1vo-p5qes/ms/lva/mv/m/mvi/11/pl/38/rms/lva,lva/dover/11/pacing/0/keepalive/yes/fexp/51565116,52135441/mt/1788111394/sparams/expire,ei,ip,id,itag,source,requiressl,ratebypass,live,sgoap,sgovp,rqh,xpc,playlist_duration,manifest_duration,ss,ssa,bui,spc,vprv,reg,playlist_type/sig/AE0s2JYwRAIgTfX6O1qJi2wMkHsH6RFsYW-QXT8sl9OYSnDhXI4nS08CIETxG6iOJsybdtu2jUx09ybCwo9zx1QLZUCpeu-f-X0G/lsparams/hls_chunk_host,initcwndbps,met,mh,mm,mn,ms,mv,mvi,pl,rms/lsig/APaTxxMwRQIgSh_nBdbAOmoHa4Td2mRxkI433JAg-L_MgE7hQccZpbgCIQDsNjs5Q7YxwaaLTzYJGw4oZga2_3tVwLsrBXy_MpQE1w%3D%3D/playlist/index.m3u8
[13:45:20.073] [SBL] STATE=State.NothingSpecial position=-0.0s
[13:45:20.198] [SBL] PLAY requested runtime=0.1s
[13:45:20.251] [SBL] VLC_EVENT=EventType.MediaPlayerOpening
[13:45:20.277] [SBL] VLC_EVENT=EventType.MediaPlayerBuffering
[13:45:20.298] [MGL] STREAM_START original=https://youtube.com/watch
[13:45:20.319] [MGL] SET_MEDIA url=https://manifest.googlevideo.com/api/manifest/hls_playlist/expire/1788133369/ei/mWuUaoPzHpy1kucPjajgIA/ip/2600:4040:282f:6200:bd75:1171:b122:320e/id/cOmmvhDQ2HM.13/itag/96/source/yt_live_broadcast/requiressl/yes/ratebypass/yes/live/1/sgoap/gir%3Dyes%3Bitag%3D140/sgovp/gir%3Dyes%3Bitag%3D137/rqh/1/hls_chunk_host/rr7---sn-8xgp1vo-p5qe7.googlevideo.com/xpc/EgVo2aDSNQ%3D%3D/playlist_duration/30/manifest_duration/30/ss/1/ssa/1/bui/AR3QkAkI_UNNFESskC8l9FMIeCwHsANXeqmYwNWojboVU9y-8HWMHjvnyX4AKrO08fPVhdM_hz-JlU80/spc/KBGBcr96bTutpCyQm7IJmw-XqSCSvVC3hQxq6HEBHjBKKFBLDG_xY7zc5YHzep9M/vprv/1/reg/0/playlist_type/DVR/initcwndbps/4042500/met/1788111769,/mh/m4/mm/44/mn/sn-8xgp1vo-p5qe7/ms/lva/mv/m/mvi/7/pl/38/rms/lva,lva/dover/11/pacing/0/keepalive/yes/fexp/51565116,52135441/mt/1788111394/sparams/expire,ei,ip,id,itag,source,requiressl,ratebypass,live,sgoap,sgovp,rqh,xpc,playlist_duration,manifest_duration,ss,ssa,bui,spc,vprv,reg,playlist_type/sig/AE0s2JYwRQIhAN4Yvj2qYbeACpqgc0sfFnQv99ERPnZnXHTyTpBMXTkFAiBXftnWKlNZRr0cqcMiUOaDVcxCEi56eTg8-J-ciC_piA%3D%3D/lsparams/hls_chunk_host,initcwndbps,met,mh,mm,mn,ms,mv,mvi,pl,rms/lsig/APaTxxMwRgIhAJ4FKo4UsoFWTCBS0tvlMJFTrxO9ouM28rSWhYbXGiLWAiEA5YZqpXbd33Jmlb6dPLHVKJ_PZH_70r25NwOwb2FCz-A%3D/playlist/index.m3u8 url_status=new
[13:45:20.322] [MGL] MEDIA_CREATED url=https://manifest.googlevideo.com/api/manifest/hls_playlist/expire/1788133369/ei/mWuUaoPzHpy1kucPjajgIA/ip/2600:4040:282f:6200:bd75:1171:b122:320e/id/cOmmvhDQ2HM.13/itag/96/source/yt_live_broadcast/requiressl/yes/ratebypass/yes/live/1/sgoap/gir%3Dyes%3Bitag%3D140/sgovp/gir%3Dyes%3Bitag%3D137/rqh/1/hls_chunk_host/rr7---sn-8xgp1vo-p5qe7.googlevideo.com/xpc/EgVo2aDSNQ%3D%3D/playlist_duration/30/manifest_duration/30/ss/1/ssa/1/bui/AR3QkAkI_UNNFESskC8l9FMIeCwHsANXeqmYwNWojboVU9y-8HWMHjvnyX4AKrO08fPVhdM_hz-JlU80/spc/KBGBcr96bTutpCyQm7IJmw-XqSCSvVC3hQxq6HEBHjBKKFBLDG_xY7zc5YHzep9M/vprv/1/reg/0/playlist_type/DVR/initcwndbps/4042500/met/1788111769,/mh/m4/mm/44/mn/sn-8xgp1vo-p5qe7/ms/lva/mv/m/mvi/7/pl/38/rms/lva,lva/dover/11/pacing/0/keepalive/yes/fexp/51565116,52135441/mt/1788111394/sparams/expire,ei,ip,id,itag,source,requiressl,ratebypass,live,sgoap,sgovp,rqh,xpc,playlist_duration,manifest_duration,ss,ssa,bui,spc,vprv,reg,playlist_type/sig/AE0s2JYwRQIhAN4Yvj2qYbeACpqgc0sfFnQv99ERPnZnXHTyTpBMXTkFAiBXftnWKlNZRr0cqcMiUOaDVcxCEi56eTg8-J-ciC_piA%3D%3D/lsparams/hls_chunk_host,initcwndbps,met,mh,mm,mn,ms,mv,mvi,pl,rms/lsig/APaTxxMwRgIhAJ4FKo4UsoFWTCBS0tvlMJFTrxO9ouM28rSWhYbXGiLWAiEA5YZqpXbd33Jmlb6dPLHVKJ_PZH_70r25NwOwb2FCz-A%3D/playlist/index.m3u8
[13:45:20.353] [MGL] STATE=State.NothingSpecial position=-0.0s
[13:45:20.454] [SBL] VLC_EVENT=EventType.MediaPlayerPlaying
[13:45:20.522] [MGL] PLAY requested runtime=0.2s
[13:45:20.525] [MGL] VLC_EVENT=EventType.MediaPlayerOpening
[13:45:20.525] [Rover1] STREAM_START original=https://www.youtube.com/watch
[13:45:20.525] [MGL] VLC_EVENT=EventType.MediaPlayerBuffering
[13:45:20.542] [Rover1] SET_MEDIA url=https://manifest.googlevideo.com/api/manifest/hls_playlist/expire/1788133369/ei/mWuUat34HpaDkucPlffXAQ/ip/2600:4040:282f:6200:bd75:1171:b122:320e/id/inCQ49QGmqQ.2/itag/96/source/yt_live_broadcast/requiressl/yes/ratebypass/yes/live/1/sgoap/gir%3Dyes%3Bitag%3D140/sgovp/gir%3Dyes%3Bitag%3D137/rqh/1/hls_chunk_host/rr13---sn-8xgp1vo-p5qes.googlevideo.com/xpc/EgVo2aDSNQ%3D%3D/playlist_duration/30/manifest_duration/30/bui/AR3QkAl2PHabdGSeDVp4yjJjSwAVTdFOAMOPEEScDWaTGoDtXGjHWbKeA7Nnx6Xbm-YG6ffZGHICbQ5E/spc/KBGBcpcSjKJHU6MDensakndlkAvBexpNBoiOk889Qon5i_jg8aJIUMmTjjCs7RAh/vprv/1/reg/0/playlist_type/DVR/initcwndbps/4061250/met/1788111769,/mh/9I/mm/44/mn/sn-8xgp1vo-p5qes/ms/lva/mv/m/mvi/13/pl/38/rms/lva,lva/dover/11/pacing/0/keepalive/yes/fexp/51565115,52135441/mt/1788111394/sparams/expire,ei,ip,id,itag,source,requiressl,ratebypass,live,sgoap,sgovp,rqh,xpc,playlist_duration,manifest_duration,bui,spc,vprv,reg,playlist_type/sig/AE0s2JYwRQIhAPGKj1aLdSuJWGtBDMY6aoe-BYlBFw2CM8IS1bipqtvaAiAnwaNU8FZ-Xcr0lXhOckK8pnXz5ApObmHxQ7mtEWSCBg%3D%3D/lsparams/hls_chunk_host,initcwndbps,met,mh,mm,mn,ms,mv,mvi,pl,rms/lsig/APaTxxMwRAIgUDxByKSqzlhh6pZjhRaS3njaGYCKMV_dWlmbY2kIKScCICBgIUaV82IgZjrZAl_qEhXdcdKAkonFu0q25K_TRTFE/playlist/index.m3u8 url_status=new
[13:45:20.544] [Rover1] MEDIA_CREATED url=https://manifest.googlevideo.com/api/manifest/hls_playlist/expire/1788133369/ei/mWuUat34HpaDkucPlffXAQ/ip/2600:4040:282f:6200:bd75:1171:b122:320e/id/inCQ49QGmqQ.2/itag/96/source/yt_live_broadcast/requiressl/yes/ratebypass/yes/live/1/sgoap/gir%3Dyes%3Bitag%3D140/sgovp/gir%3Dyes%3Bitag%3D137/rqh/1/hls_chunk_host/rr13---sn-8xgp1vo-p5qes.googlevideo.com/xpc/EgVo2aDSNQ%3D%3D/playlist_duration/30/manifest_duration/30/bui/AR3QkAl2PHabdGSeDVp4yjJjSwAVTdFOAMOPEEScDWaTGoDtXGjHWbKeA7Nnx6Xbm-YG6ffZGHICbQ5E/spc/KBGBcpcSjKJHU6MDensakndlkAvBexpNBoiOk889Qon5i_jg8aJIUMmTjjCs7RAh/vprv/1/reg/0/playlist_type/DVR/initcwndbps/4061250/met/1788111769,/mh/9I/mm/44/mn/sn-8xgp1vo-p5qes/ms/lva/mv/m/mvi/13/pl/38/rms/lva,lva/dover/11/pacing/0/keepalive/yes/fexp/51565115,52135441/mt/1788111394/sparams/expire,ei,ip,id,itag,source,requiressl,ratebypass,live,sgoap,sgovp,rqh,xpc,playlist_duration,manifest_duration,bui,spc,vprv,reg,playlist_type/sig/AE0s2JYwRQIhAPGKj1aLdSuJWGtBDMY6aoe-BYlBFw2CM8IS1bipqtvaAiAnwaNU8FZ-Xcr0lXhOckK8pnXz5ApObmHxQ7mtEWSCBg%3D%3D/lsparams/hls_chunk_host,initcwndbps,met,mh,mm,mn,ms,mv,mvi,pl,rms/lsig/APaTxxMwRAIgUDxByKSqzlhh6pZjhRaS3njaGYCKMV_dWlmbY2kIKScCICBgIUaV82IgZjrZAl_qEhXdcdKAkonFu0q25K_TRTFE/playlist/index.m3u8
[13:45:20.545] [Rover1] STATE=State.NothingSpecial position=-0.0s
[13:45:20.599] [Sentinel] STREAM_START original=https://youtube.com/watch
[13:45:20.606] [SBL] VLC_EVENT=EventType.MediaPlayerBuffering
[13:45:20.606] [SBL] VLC_EVENT=EventType.MediaPlayerBuffering
[13:45:20.607] [SBL] VLC_EVENT=EventType.MediaPlayerBuffering
[13:45:20.607] [SBL] VLC_EVENT=EventType.MediaPlayerBuffering
[13:45:20.608] [SBL] VLC_EVENT=EventType.MediaPlayerBuffering
[13:45:20.609] [SBL] VLC_EVENT=EventType.MediaPlayerBuffering
[13:45:20.610] [SBL] VLC_EVENT=EventType.MediaPlayerBuffering
[13:45:20.611] [SBL] VLC_EVENT=EventType.MediaPlayerBuffering
[13:45:20.611] [SBL] VLC_EVENT=EventType.MediaPlayerBuffering
[13:45:20.612] [SBL] VLC_EVENT=EventType.MediaPlayerBuffering
[13:45:20.613] [SBL] VLC_EVENT=EventType.MediaPlayerBuffering
[13:45:20.613] [SBL] VLC_EVENT=EventType.MediaPlayerBuffering
[13:45:20.614] [SBL] VLC_EVENT=EventType.MediaPlayerBuffering
[13:45:20.615] [SBL] VLC_EVENT=EventType.MediaPlayerBuffering
[13:45:20.615] [SBL] VLC_EVENT=EventType.MediaPlayerBuffering
[13:45:20.616] [SBL] VLC_EVENT=EventType.MediaPlayerBuffering
[13:45:20.616] [SBL] VLC_EVENT=EventType.MediaPlayerBuffering
[13:45:20.617] [SBL] VLC_EVENT=EventType.MediaPlayerBuffering
[13:45:20.617] [SBL] VLC_EVENT=EventType.MediaPlayerBuffering
[13:45:20.618] [SBL] VLC_EVENT=EventType.MediaPlayerBuffering
[13:45:20.619] [SBL] VLC_EVENT=EventType.MediaPlayerBuffering
[13:45:20.620] [SBL] VLC_EVENT=EventType.MediaPlayerBuffering
[13:45:20.620] [SBL] VLC_EVENT=EventType.MediaPlayerBuffering
[13:45:20.621] [SBL] VLC_EVENT=EventType.MediaPlayerBuffering
[13:45:20.621] [SBL] VLC_EVENT=EventType.MediaPlayerBuffering
[13:45:20.621] [Sentinel] SET_MEDIA url=https://manifest.googlevideo.com/api/manifest/hls_playlist/expire/1788133369/ei/mWuUavH1JtW-kucPnaP0sAE/ip/2600:4040:282f:6200:bd75:1171:b122:320e/id/IQV0DlS1Ew0.4/itag/96/source/yt_live_broadcast/requiressl/yes/ratebypass/yes/live/1/sgoap/gir%3Dyes%3Bitag%3D140/sgovp/gir%3Dyes%3Bitag%3D137/rqh/1/hls_chunk_host/rr6---sn-8xgp1vo-p5qes.googlevideo.com/xpc/EgVo2aDSNQ%3D%3D/playlist_duration/30/manifest_duration/30/bui/AR3QkAkCKG9gatTJHEgtJWMl1jzP_td786LExq9DiibMbXfbzgIuzmGvO1ZPHX7U2eNgeQNF-wiZTPPC/spc/KBGBcu8kslAHlcqkLO174Fp0Odx9Ueqsk-JphlIUVKvaTlogD-i-cfF0S-TWAlNc/vprv/1/reg/0/playlist_type/DVR/initcwndbps/4061250/met/1788111769,/mh/dC/mm/44/mn/sn-8xgp1vo-p5qes/ms/lva/mv/m/mvi/6/pl/38/rms/lva,lva/dover/11/pacing/0/keepalive/yes/fexp/51565115,52135441/mt/1788111394/sparams/expire,ei,ip,id,itag,source,requiressl,ratebypass,live,sgoap,sgovp,rqh,xpc,playlist_duration,manifest_duration,bui,spc,vprv,reg,playlist_type/sig/AE0s2JYwRAIgX1n7UDnFbj-kQfTFMdv0kxlFSsBiDutsruG3dH2CMroCIE7JIXze0gUfgU9QF34TVnx0KFVugad9GEVMY4Or8ieQ/lsparams/hls_chunk_host,initcwndbps,met,mh,mm,mn,ms,mv,mvi,pl,rms/lsig/APaTxxMwRgIhANGjH1RrzU1vvSbEMDlp0ACuIZqx8aYBudcj4HHb40liAiEAuo0icQ5kItP_8Q9AL7XxFeBCdBPjP0vv6SdRnzvxVtU%3D/playlist/index.m3u8 url_status=new
[13:45:20.622] [SBL] VLC_EVENT=EventType.MediaPlayerBuffering
[13:45:20.623] [SBL] VLC_EVENT=EventType.MediaPlayerBuffering
[13:45:20.623] [SBL] VLC_EVENT=EventType.MediaPlayerBuffering
[13:45:20.624] [SBL] VLC_EVENT=EventType.MediaPlayerBuffering
[13:45:20.624] [Sentinel] MEDIA_CREATED url=https://manifest.googlevideo.com/api/manifest/hls_playlist/expire/1788133369/ei/mWuUavH1JtW-kucPnaP0sAE/ip/2600:4040:282f:6200:bd75:1171:b122:320e/id/IQV0DlS1Ew0.4/itag/96/source/yt_live_broadcast/requiressl/yes/ratebypass/yes/live/1/sgoap/gir%3Dyes%3Bitag%3D140/sgovp/gir%3Dyes%3Bitag%3D137/rqh/1/hls_chunk_host/rr6---sn-8xgp1vo-p5qes.googlevideo.com/xpc/EgVo2aDSNQ%3D%3D/playlist_duration/30/manifest_duration/30/bui/AR3QkAkCKG9gatTJHEgtJWMl1jzP_td786LExq9DiibMbXfbzgIuzmGvO1ZPHX7U2eNgeQNF-wiZTPPC/spc/KBGBcu8kslAHlcqkLO174Fp0Odx9Ueqsk-JphlIUVKvaTlogD-i-cfF0S-TWAlNc/vprv/1/reg/0/playlist_type/DVR/initcwndbps/4061250/met/1788111769,/mh/dC/mm/44/mn/sn-8xgp1vo-p5qes/ms/lva/mv/m/mvi/6/pl/38/rms/lva,lva/dover/11/pacing/0/keepalive/yes/fexp/51565115,52135441/mt/1788111394/sparams/expire,ei,ip,id,itag,source,requiressl,ratebypass,live,sgoap,sgovp,rqh,xpc,playlist_duration,manifest_duration,bui,spc,vprv,reg,playlist_type/sig/AE0s2JYwRAIgX1n7UDnFbj-kQfTFMdv0kxlFSsBiDutsruG3dH2CMroCIE7JIXze0gUfgU9QF34TVnx0KFVugad9GEVMY4Or8ieQ/lsparams/hls_chunk_host,initcwndbps,met,mh,mm,mn,ms,mv,mvi,pl,rms/lsig/APaTxxMwRgIhANGjH1RrzU1vvSbEMDlp0ACuIZqx8aYBudcj4HHb40liAiEAuo0icQ5kItP_8Q9AL7XxFeBCdBPjP0vv6SdRnzvxVtU%3D/playlist/index.m3u8
[13:45:20.625] [SBL] VLC_EVENT=EventType.MediaPlayerBuffering
[13:45:20.625] [Sentinel] STATE=State.NothingSpecial position=-0.0s
[13:45:20.626] [SBL] VLC_EVENT=EventType.MediaPlayerBuffering
[13:45:20.627] [SBL] VLC_EVENT=EventType.MediaPlayerBuffering
[13:45:20.637] [MGL] VLC_EVENT=EventType.MediaPlayerPlaying
[13:45:20.710] [SCL] STREAM_START original=https://youtube.com/watch
[13:45:20.726] [SCL] SET_MEDIA url=https://manifest.googlevideo.com/api/manifest/hls_playlist/expire/1788133369/ei/mWuUapHNI9W-kucP8qjh4A8/ip/2600:4040:282f:6200:bd75:1171:b122:320e/id/Jm8wRjD3xVA.3/itag/96/source/yt_live_broadcast/requiressl/yes/ratebypass/yes/live/1/sgoap/gir%3Dyes%3Bitag%3D140/sgovp/gir%3Dyes%3Bitag%3D137/rqh/1/hls_chunk_host/rr1---sn-8xgp1vo-p5qe.googlevideo.com/xpc/EgVo2aDSNQ%3D%3D/playlist_duration/30/manifest_duration/30/ss/1/ssa/1/bui/AR3QkAlCUgCAi3zPv641fqTmnk39PndD6NiUtoSSQA2RUA44T8NeZTbDgrx5L9x9WliVeEGwClzgm-u9/spc/KBGBcmFtU3uRUkSmxmCtLhnCTiK_8iH0No3SwYZwbbOxlXbj5_LuWnSu9olq_ZWY/vprv/1/reg/0/playlist_type/DVR/initcwndbps/4185000/met/1788111769,/mh/Mv/mm/44/mn/sn-8xgp1vo-p5qe/ms/lva/mv/m/mvi/1/pl/38/rms/lva,lva/dover/11/pacing/0/keepalive/yes/fexp/51565116,52135441/mt/1788111394/sparams/expire,ei,ip,id,itag,source,requiressl,ratebypass,live,sgoap,sgovp,rqh,xpc,playlist_duration,manifest_duration,ss,ssa,bui,spc,vprv,reg,playlist_type/sig/AE0s2JYwRQIgWvLd4V6TEyHigYyHMInBgbAdTQCMcap0k5Y6wCjo-8sCIQCzqhCk8-bBnhqJOqDKch6LEb1LI1-V1UMjmDgt3HFm_g%3D%3D/lsparams/hls_chunk_host,initcwndbps,met,mh,mm,mn,ms,mv,mvi,pl,rms/lsig/APaTxxMwRAIgIOreckWQ9rp9zF8uyL5rmFRmhiPVXVILQHgIBA6XBoUCIEbLpewKYcLzfhceE-LHIsnHMry3pu2ttV9ddpl-jNyq/playlist/index.m3u8 url_status=new
[13:45:20.728] [SCL] MEDIA_CREATED url=https://manifest.googlevideo.com/api/manifest/hls_playlist/expire/1788133369/ei/mWuUapHNI9W-kucP8qjh4A8/ip/2600:4040:282f:6200:bd75:1171:b122:320e/id/Jm8wRjD3xVA.3/itag/96/source/yt_live_broadcast/requiressl/yes/ratebypass/yes/live/1/sgoap/gir%3Dyes%3Bitag%3D140/sgovp/gir%3Dyes%3Bitag%3D137/rqh/1/hls_chunk_host/rr1---sn-8xgp1vo-p5qe.googlevideo.com/xpc/EgVo2aDSNQ%3D%3D/playlist_duration/30/manifest_duration/30/ss/1/ssa/1/bui/AR3QkAlCUgCAi3zPv641fqTmnk39PndD6NiUtoSSQA2RUA44T8NeZTbDgrx5L9x9WliVeEGwClzgm-u9/spc/KBGBcmFtU3uRUkSmxmCtLhnCTiK_8iH0No3SwYZwbbOxlXbj5_LuWnSu9olq_ZWY/vprv/1/reg/0/playlist_type/DVR/initcwndbps/4185000/met/1788111769,/mh/Mv/mm/44/mn/sn-8xgp1vo-p5qe/ms/lva/mv/m/mvi/1/pl/38/rms/lva,lva/dover/11/pacing/0/keepalive/yes/fexp/51565116,52135441/mt/1788111394/sparams/expire,ei,ip,id,itag,source,requiressl,ratebypass,live,sgoap,sgovp,rqh,xpc,playlist_duration,manifest_duration,ss,ssa,bui,spc,vprv,reg,playlist_type/sig/AE0s2JYwRQIgWvLd4V6TEyHigYyHMInBgbAdTQCMcap0k5Y6wCjo-8sCIQCzqhCk8-bBnhqJOqDKch6LEb1LI1-V1UMjmDgt3HFm_g%3D%3D/lsparams/hls_chunk_host,initcwndbps,met,mh,mm,mn,ms,mv,mvi,pl,rms/lsig/APaTxxMwRAIgIOreckWQ9rp9zF8uyL5rmFRmhiPVXVILQHgIBA6XBoUCIEbLpewKYcLzfhceE-LHIsnHMry3pu2ttV9ddpl-jNyq/playlist/index.m3u8
[13:45:20.729] [SCL] STATE=State.NothingSpecial position=-0.0s
[13:45:20.811] [MGL] VLC_EVENT=EventType.MediaPlayerBuffering
[13:45:20.812] [MGL] VLC_EVENT=EventType.MediaPlayerBuffering
[13:45:20.812] [MGL] VLC_EVENT=EventType.MediaPlayerBuffering
[13:45:20.813] [MGL] VLC_EVENT=EventType.MediaPlayerBuffering
[13:45:20.813] [MGL] VLC_EVENT=EventType.MediaPlayerBuffering
[13:45:20.814] [MGL] VLC_EVENT=EventType.MediaPlayerBuffering
[13:45:20.814] [MGL] VLC_EVENT=EventType.MediaPlayerBuffering
[13:45:20.814] [MGL] VLC_EVENT=EventType.MediaPlayerBuffering
[13:45:20.815] [MGL] VLC_EVENT=EventType.MediaPlayerBuffering
[13:45:20.815] [MGL] VLC_EVENT=EventType.MediaPlayerBuffering
[13:45:20.816] [MGL] VLC_EVENT=EventType.MediaPlayerBuffering
[13:45:20.816] [MGL] VLC_EVENT=EventType.MediaPlayerBuffering
[13:45:20.817] [MGL] VLC_EVENT=EventType.MediaPlayerBuffering
[13:45:20.817] [MGL] VLC_EVENT=EventType.MediaPlayerBuffering
[13:45:20.818] [MGL] VLC_EVENT=EventType.MediaPlayerBuffering
[13:45:20.818] [MGL] VLC_EVENT=EventType.MediaPlayerBuffering
[13:45:20.818] [MGL] VLC_EVENT=EventType.MediaPlayerBuffering
[13:45:20.819] [MGL] VLC_EVENT=EventType.MediaPlayerBuffering
[13:45:20.871] [MGL] VLC_EVENT=EventType.MediaPlayerBuffering
[13:45:20.872] [MGL] VLC_EVENT=EventType.MediaPlayerBuffering
[13:45:20.873] [MGL] VLC_EVENT=EventType.MediaPlayerBuffering
[13:45:20.874] [MGL] VLC_EVENT=EventType.MediaPlayerBuffering
[13:45:20.874] [Rover 2] STREAM_START original=https://youtube.com/watch
[13:45:20.875] [MGL] VLC_EVENT=EventType.MediaPlayerBuffering
[13:45:20.876] [MGL] VLC_EVENT=EventType.MediaPlayerBuffering
[13:45:20.876] [MGL] VLC_EVENT=EventType.MediaPlayerBuffering
[13:45:20.877] [MGL] VLC_EVENT=EventType.MediaPlayerBuffering
[13:45:20.877] [MGL] VLC_EVENT=EventType.MediaPlayerBuffering
[13:45:20.878] [MGL] VLC_EVENT=EventType.MediaPlayerBuffering
[13:45:20.879] [MGL] VLC_EVENT=EventType.MediaPlayerBuffering
[13:45:20.881] [MGL] VLC_EVENT=EventType.MediaPlayerBuffering
[13:45:20.882] [MGL] VLC_EVENT=EventType.MediaPlayerBuffering
[13:45:20.883] [MGL] VLC_EVENT=EventType.MediaPlayerBuffering
[13:45:20.904] [Rover 2] SET_MEDIA url=https://manifest.googlevideo.com/api/manifest/hls_playlist/expire/1788133369/ei/mWuUarTHI_WAkucPsabL0QU/ip/2600:4040:282f:6200:bd75:1171:b122:320e/id/tS2PHJmvJzo.3/itag/96/source/yt_live_broadcast/requiressl/yes/ratebypass/yes/live/1/sgoap/gir%3Dyes%3Bitag%3D140/sgovp/gir%3Dyes%3Bitag%3D137/rqh/1/hls_chunk_host/rr3---sn-8xgp1vo-p5qee.googlevideo.com/xpc/EgVo2aDSNQ%3D%3D/playlist_duration/30/manifest_duration/30/bui/AR3QkAnAR_EElq1w0ocLWGhvpffocvKPcXzDcWcppT8t2bxPSHBTGLeR3ffJgldffxRUvtRc0xEF_RpR/spc/KBGBco0PTT9vppm-5yoClCwaLuOCl4MTcTMx3lsp9uuejij_qgKktWDrjNUSqO9e/vprv/1/reg/0/playlist_type/DVR/initcwndbps/4158750/met/1788111769,/mh/Js/mm/44/mn/sn-8xgp1vo-p5qee/ms/lva/mv/m/mvi/3/pl/38/rms/lva,lva/dover/11/pacing/0/keepalive/yes/fexp/51565116,52135441/mt/1788111394/sparams/expire,ei,ip,id,itag,source,requiressl,ratebypass,live,sgoap,sgovp,rqh,xpc,playlist_duration,manifest_duration,bui,spc,vprv,reg,playlist_type/sig/AE0s2JYwRQIhAK1ik8yglGniYkOLWj9speabn3gm5i9y2qtbEm3jlQfbAiAky_uULdLKJw_iZQ_psp-QqI_I2KPnnqvDbZBwAN2ExQ%3D%3D/lsparams/hls_chunk_host,initcwndbps,met,mh,mm,mn,ms,mv,mvi,pl,rms/lsig/APaTxxMwRQIhAK18Jk_JvBJqJeoiiqMFQgREWR1vEal6UHvjoT8PMUnAAiBp2XKpYwu3XpAu1KyI9njInvAhHhBzsH8UvCwTM9esqQ%3D%3D/playlist/index.m3u8 url_status=new
[13:45:20.907] [Rover 2] MEDIA_CREATED url=https://manifest.googlevideo.com/api/manifest/hls_playlist/expire/1788133369/ei/mWuUarTHI_WAkucPsabL0QU/ip/2600:4040:282f:6200:bd75:1171:b122:320e/id/tS2PHJmvJzo.3/itag/96/source/yt_live_broadcast/requiressl/yes/ratebypass/yes/live/1/sgoap/gir%3Dyes%3Bitag%3D140/sgovp/gir%3Dyes%3Bitag%3D137/rqh/1/hls_chunk_host/rr3---sn-8xgp1vo-p5qee.googlevideo.com/xpc/EgVo2aDSNQ%3D%3D/playlist_duration/30/manifest_duration/30/bui/AR3QkAnAR_EElq1w0ocLWGhvpffocvKPcXzDcWcppT8t2bxPSHBTGLeR3ffJgldffxRUvtRc0xEF_RpR/spc/KBGBco0PTT9vppm-5yoClCwaLuOCl4MTcTMx3lsp9uuejij_qgKktWDrjNUSqO9e/vprv/1/reg/0/playlist_type/DVR/initcwndbps/4158750/met/1788111769,/mh/Js/mm/44/mn/sn-8xgp1vo-p5qee/ms/lva/mv/m/mvi/3/pl/38/rms/lva,lva/dover/11/pacing/0/keepalive/yes/fexp/51565116,52135441/mt/1788111394/sparams/expire,ei,ip,id,itag,source,requiressl,ratebypass,live,sgoap,sgovp,rqh,xpc,playlist_duration,manifest_duration,bui,spc,vprv,reg,playlist_type/sig/AE0s2JYwRQIhAK1ik8yglGniYkOLWj9speabn3gm5i9y2qtbEm3jlQfbAiAky_uULdLKJw_iZQ_psp-QqI_I2KPnnqvDbZBwAN2ExQ%3D%3D/lsparams/hls_chunk_host,initcwndbps,met,mh,mm,mn,ms,mv,mvi,pl,rms/lsig/APaTxxMwRQIhAK18Jk_JvBJqJeoiiqMFQgREWR1vEal6UHvjoT8PMUnAAiBp2XKpYwu3XpAu1KyI9njInvAhHhBzsH8UvCwTM9esqQ%3D%3D/playlist/index.m3u8
[13:45:20.908] [Rover 2] STATE=State.NothingSpecial position=-0.0s
[13:45:21.029] [Rocket Ranch] STREAM_START original=https://youtube.com/watch
[13:45:21.051] [Rocket Ranch] SET_MEDIA url=https://manifest.googlevideo.com/api/manifest/hls_playlist/expire/1788133369/ei/mWuUapeHJ66BkucP-uPqgAE/ip/2600:4040:282f:6200:bd75:1171:b122:320e/id/qw3uaLRrYNY.3/itag/96/source/yt_live_broadcast/requiressl/yes/ratebypass/yes/live/1/sgoap/gir%3Dyes%3Bitag%3D140/sgovp/gir%3Dyes%3Bitag%3D137/rqh/1/hls_chunk_host/rr8---sn-8xgp1vo-p5qel.googlevideo.com/xpc/EgVo2aDSNQ%3D%3D/playlist_duration/30/manifest_duration/30/bui/AR3QkAmrJOi-1fz2a3KTTKTkt02K-OzcVCrDEWS4wUX5c6xQzIgSkNpWR0OzGl7MD4MCJgMpN3lpruGo/spc/KBGBcnVDhP_u5d7bEuwHzhDYdy_wc2WoN1qbRhZsHTkFZZTPWh70cZYNBoUAW-25/vprv/1/reg/0/playlist_type/DVR/initcwndbps/4176250/met/1788111769,/mh/RC/mm/44/mn/sn-8xgp1vo-p5qel/ms/lva/mv/m/mvi/8/pl/38/rms/lva,lva/dover/11/pacing/0/keepalive/yes/fexp/51565116,52135441/mt/1788111394/sparams/expire,ei,ip,id,itag,source,requiressl,ratebypass,live,sgoap,sgovp,rqh,xpc,playlist_duration,manifest_duration,bui,spc,vprv,reg,playlist_type/sig/AE0s2JYwRAIgQD0tBdp3Y0YaukHZy44pRs49PxIzhYoHhJZnRKDaTHYCICMdnyvwfx_QMJz_tAIgBChSaEdsoXiyFhA_DW4gona8/lsparams/hls_chunk_host,initcwndbps,met,mh,mm,mn,ms,mv,mvi,pl,rms/lsig/APaTxxMwRQIhAMypemyCOu1PnSD5VBJmORLGO8bsBlJUgst37a6H5FhpAiAvLF6fRdT98uQXCTyhUvaz5kOwVSM_RBswUn0e2VfiNQ%3D%3D/playlist/index.m3u8 url_status=new
[13:45:21.053] [Rocket Ranch] MEDIA_CREATED url=https://manifest.googlevideo.com/api/manifest/hls_playlist/expire/1788133369/ei/mWuUapeHJ66BkucP-uPqgAE/ip/2600:4040:282f:6200:bd75:1171:b122:320e/id/qw3uaLRrYNY.3/itag/96/source/yt_live_broadcast/requiressl/yes/ratebypass/yes/live/1/sgoap/gir%3Dyes%3Bitag%3D140/sgovp/gir%3Dyes%3Bitag%3D137/rqh/1/hls_chunk_host/rr8---sn-8xgp1vo-p5qel.googlevideo.com/xpc/EgVo2aDSNQ%3D%3D/playlist_duration/30/manifest_duration/30/bui/AR3QkAmrJOi-1fz2a3KTTKTkt02K-OzcVCrDEWS4wUX5c6xQzIgSkNpWR0OzGl7MD4MCJgMpN3lpruGo/spc/KBGBcnVDhP_u5d7bEuwHzhDYdy_wc2WoN1qbRhZsHTkFZZTPWh70cZYNBoUAW-25/vprv/1/reg/0/playlist_type/DVR/initcwndbps/4176250/met/1788111769,/mh/RC/mm/44/mn/sn-8xgp1vo-p5qel/ms/lva/mv/m/mvi/8/pl/38/rms/lva,lva/dover/11/pacing/0/keepalive/yes/fexp/51565116,52135441/mt/1788111394/sparams/expire,ei,ip,id,itag,source,requiressl,ratebypass,live,sgoap,sgovp,rqh,xpc,playlist_duration,manifest_duration,bui,spc,vprv,reg,playlist_type/sig/AE0s2JYwRAIgQD0tBdp3Y0YaukHZy44pRs49PxIzhYoHhJZnRKDaTHYCICMdnyvwfx_QMJz_tAIgBChSaEdsoXiyFhA_DW4gona8/lsparams/hls_chunk_host,initcwndbps,met,mh,mm,mn,ms,mv,mvi,pl,rms/lsig/APaTxxMwRQIhAMypemyCOu1PnSD5VBJmORLGO8bsBlJUgst37a6H5FhpAiAvLF6fRdT98uQXCTyhUvaz5kOwVSM_RBswUn0e2VfiNQ%3D%3D/playlist/index.m3u8
[13:45:21.054] [Rocket Ranch] STATE=State.NothingSpecial position=-0.0s
[13:45:21.164] [SBL] STATE=State.Playing position=0.0s
[13:45:21.165] [Rover1] PLAY requested runtime=0.6s
[13:45:21.165] [Sentinel] PLAY requested runtime=0.5s
[13:45:21.166] [SCL] PLAY requested runtime=0.4s
[13:45:21.166] [Rover1] VLC_EVENT=EventType.MediaPlayerOpening
[13:45:21.166] [MGL] STATE=State.Playing position=0.0s
[13:45:21.167] [Sentinel] VLC_EVENT=EventType.MediaPlayerOpening
[13:45:21.167] [Rover1] VLC_EVENT=EventType.MediaPlayerBuffering
[13:45:21.168] [SCL] VLC_EVENT=EventType.MediaPlayerOpening
[13:45:21.168] [Rover 2] PLAY requested runtime=0.3s
[13:45:21.168] [Sentinel] VLC_EVENT=EventType.MediaPlayerBuffering
[13:45:21.169] [SCL] VLC_EVENT=EventType.MediaPlayerBuffering
[13:45:21.170] [Rover1] STATE=State.Opening position=0.0s
[13:45:21.171] [Rover 2] VLC_EVENT=EventType.MediaPlayerOpening
[13:45:21.171] [Sentinel] STATE=State.Opening position=0.0s
[13:45:21.172] [Rover 2] VLC_EVENT=EventType.MediaPlayerBuffering
[13:45:21.172] [Rocket Ranch] PLAY requested runtime=0.1s
[13:45:21.175] [Rocket Ranch] VLC_EVENT=EventType.MediaPlayerOpening
[13:45:21.175] [Rocket Ranch] VLC_EVENT=EventType.MediaPlayerBuffering
[13:45:21.230] [SCL] STATE=State.Opening position=0.0s
[13:45:21.285] [Rover1] VLC_EVENT=EventType.MediaPlayerPlaying
[13:45:21.289] [Rover 2] VLC_EVENT=EventType.MediaPlayerPlaying
[13:45:21.291] [SCL] VLC_EVENT=EventType.MediaPlayerPlaying
[13:45:21.295] [Sentinel] VLC_EVENT=EventType.MediaPlayerPlaying
[13:45:21.301] [Rocket Ranch] VLC_EVENT=EventType.MediaPlayerPlaying
[13:45:21.368] [Rover 2] VLC_EVENT=EventType.MediaPlayerBuffering
[13:45:21.369] [Rover 2] VLC_EVENT=EventType.MediaPlayerBuffering
[13:45:21.370] [Rover 2] VLC_EVENT=EventType.MediaPlayerBuffering
[13:45:21.371] [Rover 2] VLC_EVENT=EventType.MediaPlayerBuffering
[13:45:21.373] [Rover 2] VLC_EVENT=EventType.MediaPlayerBuffering
[13:45:21.373] [Rover 2] VLC_EVENT=EventType.MediaPlayerBuffering
[13:45:21.374] [Rover 2] VLC_EVENT=EventType.MediaPlayerBuffering
[13:45:21.375] [Rover 2] VLC_EVENT=EventType.MediaPlayerBuffering
[13:45:21.386] [Rover 2] VLC_EVENT=EventType.MediaPlayerBuffering
[13:45:21.387] [Rover 2] VLC_EVENT=EventType.MediaPlayerBuffering
[13:45:21.388] [Rover 2] VLC_EVENT=EventType.MediaPlayerBuffering
[13:45:21.388] [Rover 2] VLC_EVENT=EventType.MediaPlayerBuffering
[13:45:21.388] [Rover 2] VLC_EVENT=EventType.MediaPlayerBuffering
[13:45:21.389] [Rover 2] VLC_EVENT=EventType.MediaPlayerBuffering
[13:45:21.390] [Rover 2] VLC_EVENT=EventType.MediaPlayerBuffering
[13:45:21.391] [Rover 2] VLC_EVENT=EventType.MediaPlayerBuffering
[13:45:21.391] [Rover 2] VLC_EVENT=EventType.MediaPlayerBuffering
[13:45:21.409] [Rover 2] STATE=State.Playing position=0.0s
[13:45:21.414] [Rover1] VLC_EVENT=EventType.MediaPlayerBuffering
[13:45:21.415] [Rover1] VLC_EVENT=EventType.MediaPlayerBuffering
[13:45:21.415] [Rover1] VLC_EVENT=EventType.MediaPlayerBuffering
[13:45:21.416] [Rover1] VLC_EVENT=EventType.MediaPlayerBuffering
[13:45:21.416] [Rover1] VLC_EVENT=EventType.MediaPlayerBuffering
[13:45:21.417] [Rover1] VLC_EVENT=EventType.MediaPlayerBuffering
[13:45:21.417] [Rover1] VLC_EVENT=EventType.MediaPlayerBuffering
[13:45:21.418] [Rover1] VLC_EVENT=EventType.MediaPlayerBuffering
[13:45:21.419] [Rover1] VLC_EVENT=EventType.MediaPlayerBuffering
[13:45:21.420] [Rover1] VLC_EVENT=EventType.MediaPlayerBuffering
[13:45:21.421] [Rover1] VLC_EVENT=EventType.MediaPlayerBuffering
[13:45:21.421] [Rover1] VLC_EVENT=EventType.MediaPlayerBuffering
[13:45:21.422] [Rover1] VLC_EVENT=EventType.MediaPlayerBuffering
[13:45:21.422] [Rover1] VLC_EVENT=EventType.MediaPlayerBuffering
[13:45:21.423] [Rover1] VLC_EVENT=EventType.MediaPlayerBuffering
[13:45:21.424] [Rover1] VLC_EVENT=EventType.MediaPlayerBuffering
[13:45:21.424] [Rover1] VLC_EVENT=EventType.MediaPlayerBuffering
[13:45:21.425] [Rover1] VLC_EVENT=EventType.MediaPlayerBuffering
[13:45:21.436] [Sentinel] VLC_EVENT=EventType.MediaPlayerBuffering
[13:45:21.436] [Sentinel] VLC_EVENT=EventType.MediaPlayerBuffering
[13:45:21.437] [Sentinel] VLC_EVENT=EventType.MediaPlayerBuffering
[13:45:21.438] [Sentinel] VLC_EVENT=EventType.MediaPlayerBuffering
[13:45:21.439] [Sentinel] VLC_EVENT=EventType.MediaPlayerBuffering
[13:45:21.440] [Sentinel] VLC_EVENT=EventType.MediaPlayerBuffering
[13:45:21.441] [Sentinel] VLC_EVENT=EventType.MediaPlayerBuffering
[13:45:21.442] [Sentinel] VLC_EVENT=EventType.MediaPlayerBuffering
[13:45:21.442] [Sentinel] VLC_EVENT=EventType.MediaPlayerBuffering
[13:45:21.443] [Sentinel] VLC_EVENT=EventType.MediaPlayerBuffering
[13:45:21.443] [Sentinel] VLC_EVENT=EventType.MediaPlayerBuffering
[13:45:21.444] [Sentinel] VLC_EVENT=EventType.MediaPlayerBuffering
[13:45:21.445] [Sentinel] VLC_EVENT=EventType.MediaPlayerBuffering
[13:45:21.445] [Sentinel] VLC_EVENT=EventType.MediaPlayerBuffering
[13:45:21.446] [Sentinel] VLC_EVENT=EventType.MediaPlayerBuffering
[13:45:21.446] [Sentinel] VLC_EVENT=EventType.MediaPlayerBuffering
[13:45:21.447] [Rocket Ranch] VLC_EVENT=EventType.MediaPlayerBuffering
[13:45:21.447] [Sentinel] VLC_EVENT=EventType.MediaPlayerBuffering
[13:45:21.448] [Rocket Ranch] VLC_EVENT=EventType.MediaPlayerBuffering
[13:45:21.450] [Rocket Ranch] VLC_EVENT=EventType.MediaPlayerBuffering
[13:45:21.451] [Rocket Ranch] VLC_EVENT=EventType.MediaPlayerBuffering
[13:45:21.452] [Rocket Ranch] VLC_EVENT=EventType.MediaPlayerBuffering
[13:45:21.453] [Rocket Ranch] VLC_EVENT=EventType.MediaPlayerBuffering
[13:45:21.453] [Rover 2] VLC_EVENT=EventType.MediaPlayerBuffering
[13:45:21.453] [Rocket Ranch] VLC_EVENT=EventType.MediaPlayerBuffering
[13:45:21.455] [Rocket Ranch] VLC_EVENT=EventType.MediaPlayerBuffering
[13:45:21.456] [Rocket Ranch] VLC_EVENT=EventType.MediaPlayerBuffering
[13:45:21.456] [Rover 2] VLC_EVENT=EventType.MediaPlayerBuffering
[13:45:21.457] [Rover 2] VLC_EVENT=EventType.MediaPlayerBuffering
[13:45:21.457] [Rover 2] VLC_EVENT=EventType.MediaPlayerBuffering
[13:45:21.458] [Rover 2] VLC_EVENT=EventType.MediaPlayerBuffering
[13:45:21.459] [Rover 2] VLC_EVENT=EventType.MediaPlayerBuffering
[13:45:21.459] [Rover 2] VLC_EVENT=EventType.MediaPlayerBuffering
[13:45:21.460] [Rover 2] VLC_EVENT=EventType.MediaPlayerBuffering
[13:45:21.460] [Rover 2] VLC_EVENT=EventType.MediaPlayerBuffering
[13:45:21.461] [Rover 2] VLC_EVENT=EventType.MediaPlayerBuffering
[13:45:21.461] [Rover 2] VLC_EVENT=EventType.MediaPlayerBuffering
[13:45:21.462] [Rover 2] VLC_EVENT=EventType.MediaPlayerBuffering
[13:45:21.463] [Rover 2] VLC_EVENT=EventType.MediaPlayerBuffering
[13:45:21.463] [Rover 2] VLC_EVENT=EventType.MediaPlayerBuffering
[13:45:21.464] [Rover 2] VLC_EVENT=EventType.MediaPlayerBuffering
[13:45:21.472] [Rocket Ranch] VLC_EVENT=EventType.MediaPlayerBuffering
[13:45:21.473] [Rocket Ranch] VLC_EVENT=EventType.MediaPlayerBuffering
[13:45:21.473] [Rocket Ranch] VLC_EVENT=EventType.MediaPlayerBuffering
[13:45:21.474] [Rocket Ranch] VLC_EVENT=EventType.MediaPlayerBuffering
[13:45:21.500] [Sentinel] VLC_EVENT=EventType.MediaPlayerBuffering
[13:45:21.511] [Sentinel] VLC_EVENT=EventType.MediaPlayerBuffering
[13:45:21.512] [Sentinel] VLC_EVENT=EventType.MediaPlayerBuffering
[13:45:21.512] [Sentinel] VLC_EVENT=EventType.MediaPlayerBuffering
[13:45:21.513] [Sentinel] VLC_EVENT=EventType.MediaPlayerBuffering
[13:45:21.513] [Sentinel] VLC_EVENT=EventType.MediaPlayerBuffering
[13:45:21.514] [Sentinel] VLC_EVENT=EventType.MediaPlayerBuffering
[13:45:21.515] [Sentinel] VLC_EVENT=EventType.MediaPlayerBuffering
[13:45:21.515] [Sentinel] VLC_EVENT=EventType.MediaPlayerBuffering
[13:45:21.516] [Sentinel] VLC_EVENT=EventType.MediaPlayerBuffering
[13:45:21.516] [Sentinel] VLC_EVENT=EventType.MediaPlayerBuffering
[13:45:21.517] [Sentinel] VLC_EVENT=EventType.MediaPlayerBuffering
[13:45:21.517] [Sentinel] VLC_EVENT=EventType.MediaPlayerBuffering
[13:45:21.518] [Sentinel] VLC_EVENT=EventType.MediaPlayerBuffering
[13:45:21.519] [Sentinel] VLC_EVENT=EventType.MediaPlayerBuffering
[13:45:21.534] [Rover1] VLC_EVENT=EventType.MediaPlayerBuffering
[13:45:21.535] [Rover1] VLC_EVENT=EventType.MediaPlayerBuffering
[13:45:21.536] [Rover1] VLC_EVENT=EventType.MediaPlayerBuffering
[13:45:21.536] [Rover1] VLC_EVENT=EventType.MediaPlayerBuffering
[13:45:21.536] [Rover1] VLC_EVENT=EventType.MediaPlayerBuffering
[13:45:21.537] [Rover1] VLC_EVENT=EventType.MediaPlayerBuffering
[13:45:21.537] [Rover1] VLC_EVENT=EventType.MediaPlayerBuffering
[13:45:21.538] [Rover1] VLC_EVENT=EventType.MediaPlayerBuffering
[13:45:21.539] [Rover1] VLC_EVENT=EventType.MediaPlayerBuffering
[13:45:21.540] [Rover1] VLC_EVENT=EventType.MediaPlayerBuffering
[13:45:21.540] [Rover1] VLC_EVENT=EventType.MediaPlayerBuffering
[13:45:21.541] [Rover1] VLC_EVENT=EventType.MediaPlayerBuffering
[13:45:21.541] [Rover1] VLC_EVENT=EventType.MediaPlayerBuffering
[13:45:21.542] [Rover1] VLC_EVENT=EventType.MediaPlayerBuffering
[13:45:21.554] [Rocket Ranch] STATE=State.Playing position=0.0s
[13:45:21.578] [Rocket Ranch] VLC_EVENT=EventType.MediaPlayerBuffering
[13:45:21.579] [Rocket Ranch] VLC_EVENT=EventType.MediaPlayerBuffering
[13:45:21.579] [Rocket Ranch] VLC_EVENT=EventType.MediaPlayerBuffering
[13:45:21.580] [Rocket Ranch] VLC_EVENT=EventType.MediaPlayerBuffering
[13:45:21.581] [Rocket Ranch] VLC_EVENT=EventType.MediaPlayerBuffering
[13:45:21.582] [Rocket Ranch] VLC_EVENT=EventType.MediaPlayerBuffering
[13:45:21.582] [Rocket Ranch] VLC_EVENT=EventType.MediaPlayerBuffering
[13:45:21.583] [Rocket Ranch] VLC_EVENT=EventType.MediaPlayerBuffering
[13:45:21.583] [Rocket Ranch] VLC_EVENT=EventType.MediaPlayerBuffering
[13:45:21.584] [Rocket Ranch] VLC_EVENT=EventType.MediaPlayerBuffering
[13:45:21.613] [SCL] VLC_EVENT=EventType.MediaPlayerBuffering
[13:45:21.614] [SCL] VLC_EVENT=EventType.MediaPlayerBuffering
[13:45:21.614] [SCL] VLC_EVENT=EventType.MediaPlayerBuffering
[13:45:21.615] [SCL] VLC_EVENT=EventType.MediaPlayerBuffering
[13:45:21.615] [SCL] VLC_EVENT=EventType.MediaPlayerBuffering
[13:45:21.616] [SCL] VLC_EVENT=EventType.MediaPlayerBuffering
[13:45:21.616] [SCL] VLC_EVENT=EventType.MediaPlayerBuffering
[13:45:21.616] [SCL] VLC_EVENT=EventType.MediaPlayerBuffering
[13:45:21.617] [SCL] VLC_EVENT=EventType.MediaPlayerBuffering
[13:45:21.617] [SCL] VLC_EVENT=EventType.MediaPlayerBuffering
[13:45:21.618] [SCL] VLC_EVENT=EventType.MediaPlayerBuffering
[13:45:21.618] [SCL] VLC_EVENT=EventType.MediaPlayerBuffering
[13:45:21.619] [SCL] VLC_EVENT=EventType.MediaPlayerBuffering
[13:45:21.620] [SCL] VLC_EVENT=EventType.MediaPlayerBuffering
[13:45:21.621] [SCL] VLC_EVENT=EventType.MediaPlayerBuffering
[13:45:21.622] [SCL] VLC_EVENT=EventType.MediaPlayerBuffering
[13:45:21.622] [SCL] VLC_EVENT=EventType.MediaPlayerBuffering
[13:45:21.623] [SCL] VLC_EVENT=EventType.MediaPlayerBuffering
[13:45:21.623] [SCL] VLC_EVENT=EventType.MediaPlayerBuffering
[13:45:21.624] [SCL] VLC_EVENT=EventType.MediaPlayerBuffering
[13:45:21.625] [SCL] VLC_EVENT=EventType.MediaPlayerBuffering
[13:45:21.625] [SCL] VLC_EVENT=EventType.MediaPlayerBuffering
[13:45:21.626] [SCL] VLC_EVENT=EventType.MediaPlayerBuffering
[13:45:21.626] [SCL] VLC_EVENT=EventType.MediaPlayerBuffering
[13:45:21.627] [SCL] VLC_EVENT=EventType.MediaPlayerBuffering
[13:45:21.628] [SCL] VLC_EVENT=EventType.MediaPlayerBuffering
[13:45:21.629] [SCL] VLC_EVENT=EventType.MediaPlayerBuffering
[13:45:21.631] [SCL] VLC_EVENT=EventType.MediaPlayerBuffering
[13:45:21.632] [SCL] VLC_EVENT=EventType.MediaPlayerBuffering
[13:45:21.633] [SCL] VLC_EVENT=EventType.MediaPlayerBuffering
[13:45:21.634] [SCL] VLC_EVENT=EventType.MediaPlayerBuffering
[13:45:21.635] [SCL] VLC_EVENT=EventType.MediaPlayerBuffering
[13:45:21.665] [SBL] PROGRESS state=State.Playing position=12.1s advancing=True
[13:45:21.668] [MGL] PROGRESS state=State.Playing position=11.9s advancing=True
[13:45:21.672] [Rover1] STATE=State.Playing position=0.0s
[13:45:21.672] [Sentinel] STATE=State.Playing position=0.0s
[13:45:21.732] [SCL] STATE=State.Playing position=0.0s
[13:45:22.172] [MGL] PROGRESS state=State.Playing position=13.0s advancing=True
[13:45:22.175] [Rover1] PROGRESS state=State.Playing position=12.4s advancing=True
[13:45:22.233] [SCL] PROGRESS state=State.Playing position=12.2s advancing=True
[13:45:22.411] [Rover 2] PROGRESS state=State.Playing position=12.5s advancing=True
[13:45:22.556] [Rocket Ranch] PROGRESS state=State.Playing position=12.2s advancing=True
[13:45:22.680] [Sentinel] PROGRESS state=State.Playing position=12.3s advancing=True
[13:45:23.173] [SBL] PROGRESS state=State.Playing position=14.1s advancing=True
[13:45:23.178] [MGL] PROGRESS state=State.Playing position=14.0s advancing=True
[13:45:23.181] [Rover1] PROGRESS state=State.Playing position=13.4s advancing=True
[13:45:23.184] [Sentinel] PROGRESS state=State.Playing position=13.3s advancing=True
[13:45:23.238] [SCL] PROGRESS state=State.Playing position=13.2s advancing=True
[13:45:23.418] [Rover 2] PROGRESS state=State.Playing position=13.5s advancing=True
[13:45:24.188] [Sentinel] PROGRESS state=State.Playing position=14.3s advancing=True
[13:45:24.244] [SCL] PROGRESS state=State.Playing position=14.2s advancing=True
[13:45:24.424] [Rover 2] PROGRESS state=State.Playing position=14.5s advancing=True
[13:45:24.566] [Rocket Ranch] PROGRESS state=State.Playing position=14.2s advancing=True
[13:45:24.686] [MGL] PROGRESS state=State.Playing position=15.0s advancing=True
[13:45:24.689] [Rover1] PROGRESS state=State.Playing position=14.4s advancing=True
[13:45:25.185] [SBL] PROGRESS state=State.Playing position=16.1s advancing=True
[13:45:25.189] [MGL] PROGRESS state=State.Playing position=16.0s advancing=True
[13:45:25.193] [Rover1] PROGRESS state=State.Playing position=15.4s advancing=True
[13:45:25.196] [Sentinel] PROGRESS state=State.Playing position=15.3s advancing=True
[13:45:25.251] [SCL] PROGRESS state=State.Playing position=15.2s advancing=True
[13:45:25.428] [Rover 2] PROGRESS state=State.Playing position=15.5s advancing=True
[13:45:26.074] [Rocket Ranch] PROGRESS state=State.Playing position=16.2s advancing=True
[13:45:26.198] [Rover1] PROGRESS state=State.Playing position=16.4s advancing=True
[13:45:26.256] [SCL] PROGRESS state=State.Playing position=16.2s advancing=True
[13:45:26.703] [Sentinel] PROGRESS state=State.Playing position=16.3s advancing=True
[13:45:27.195] [SBL] PROGRESS state=State.Playing position=18.1s advancing=True
[13:45:27.198] [MGL] PROGRESS state=State.Playing position=18.0s advancing=True
[13:45:27.205] [Sentinel] PROGRESS state=State.Playing position=17.3s advancing=True
[13:45:27.439] [Rover 2] PROGRESS state=State.Playing position=17.5s advancing=True
[13:45:28.268] [SCL] PROGRESS state=State.Playing position=18.2s advancing=True
[13:45:28.444] [Rover 2] PROGRESS state=State.Playing position=18.5s advancing=True
[13:45:28.586] [Rocket Ranch] PROGRESS state=State.Playing position=18.2s advancing=True
[13:45:28.705] [MGL] PROGRESS state=State.Playing position=19.0s advancing=True
[13:45:28.709] [Rover1] PROGRESS state=State.Playing position=18.4s advancing=True
[13:45:29.204] [SBL] PROGRESS state=State.Playing position=20.1s advancing=True
[13:45:29.274] [SCL] PROGRESS state=State.Playing position=19.2s advancing=True
[13:45:30.213] [MGL] PROGRESS state=State.Playing position=21.0s advancing=True
[13:45:30.216] [Rover1] PROGRESS state=State.Playing position=20.4s advancing=True
[13:45:30.279] [SCL] PROGRESS state=State.Playing position=20.2s advancing=True
[13:45:30.596] [Rocket Ranch] PROGRESS state=State.Playing position=20.2s advancing=True
[13:45:30.711] [SBL] PROGRESS state=State.Playing position=21.1s advancing=True
[13:45:30.726] [Sentinel] PROGRESS state=State.Playing position=20.3s advancing=True
[13:45:31.099] [Rocket Ranch] PROGRESS state=State.Playing position=21.3s advancing=True
[13:45:31.216] [SBL] PROGRESS state=State.Playing position=22.1s advancing=True
[13:45:31.222] [MGL] PROGRESS state=State.Playing position=22.0s advancing=True
[13:45:31.230] [Sentinel] PROGRESS state=State.Playing position=21.3s advancing=True
[13:45:31.285] [SCL] PROGRESS state=State.Playing position=21.2s advancing=True
[13:45:31.461] [Rover 2] PROGRESS state=State.Playing position=21.5s advancing=True
[13:45:32.256] [Sentinel] PROGRESS state=State.Playing position=22.3s advancing=True
[13:45:32.299] [SCL] PROGRESS state=State.Playing position=22.2s advancing=True
[13:45:32.484] [Rover 2] PROGRESS state=State.Playing position=22.5s advancing=True
[13:45:33.298] [SBL] PROGRESS state=State.Playing position=24.1s advancing=True
[13:45:33.303] [Rover1] PROGRESS state=State.Playing position=23.4s advancing=True
[13:45:33.329] [SCL] PROGRESS state=State.Playing position=23.2s advancing=True
[13:45:33.664] [Rocket Ranch] PROGRESS state=State.Playing position=23.2s advancing=True
[13:45:34.304] [SBL] PROGRESS state=State.Playing position=25.1s advancing=True
[13:45:34.306] [MGL] PROGRESS state=State.Playing position=25.0s advancing=True
[13:45:34.313] [Sentinel] PROGRESS state=State.Playing position=24.3s advancing=True
[13:45:34.501] [Rover 2] PROGRESS state=State.Playing position=24.5s advancing=True
[13:45:35.311] [MGL] PROGRESS state=State.Playing position=26.0s advancing=True
[13:45:35.317] [Sentinel] PROGRESS state=State.Playing position=25.3s advancing=True
[13:45:35.338] [SCL] PROGRESS state=State.Playing position=25.2s advancing=True
[13:45:35.506] [Rover 2] PROGRESS state=State.Playing position=25.5s advancing=True
[13:45:35.676] [Rocket Ranch] PROGRESS state=State.Playing position=25.2s advancing=True
[13:45:36.342] [Sentinel] PROGRESS state=State.Playing position=26.3s advancing=True
[13:45:36.347] [SCL] PROGRESS state=State.Playing position=26.2s advancing=True
[13:45:36.511] [Rover 2] PROGRESS state=State.Playing position=26.5s advancing=True
[13:45:37.186] [Rocket Ranch] PROGRESS state=State.Playing position=27.2s advancing=True
[13:45:37.338] [SBL] PROGRESS state=State.Playing position=28.1s advancing=True
[13:45:37.346] [Rover1] PROGRESS state=State.Playing position=27.4s advancing=True
[13:45:37.353] [SCL] PROGRESS state=State.Playing position=27.2s advancing=True
[13:45:38.345] [SBL] PROGRESS state=State.Playing position=29.1s advancing=True
[13:45:38.348] [MGL] PROGRESS state=State.Playing position=29.0s advancing=True
[13:45:38.355] [Sentinel] PROGRESS state=State.Playing position=28.3s advancing=True
[13:45:38.358] [SCL] PROGRESS state=State.Playing position=28.2s advancing=True
[13:45:38.521] [Rover 2] PROGRESS state=State.Playing position=28.5s advancing=True
[13:45:39.195] [Rocket Ranch] PROGRESS state=State.Playing position=29.2s advancing=True
[13:45:39.354] [MGL] PROGRESS state=State.Playing position=30.0s advancing=True
[13:45:39.365] [SCL] PROGRESS state=State.Playing position=29.2s advancing=True
[13:45:39.526] [Rover 2] PROGRESS state=State.Playing position=29.5s advancing=True
[13:45:40.363] [Rover1] PROGRESS state=State.Playing position=30.4s advancing=True
[13:45:41.205] [Rocket Ranch] PROGRESS state=State.Playing position=31.2s advancing=True
[13:45:41.362] [SBL] PROGRESS state=State.Playing position=32.1s advancing=True
[13:45:41.365] [MGL] PROGRESS state=State.Playing position=32.0s advancing=True
[13:45:41.369] [Rover1] PROGRESS state=State.Playing position=31.4s advancing=True
[13:45:41.375] [SCL] PROGRESS state=State.Playing position=31.2s advancing=True
[13:45:42.367] [SBL] PROGRESS state=State.Playing position=33.1s advancing=True
[13:45:42.370] [MGL] PROGRESS state=State.Playing position=33.0s advancing=True
[13:45:42.377] [Sentinel] PROGRESS state=State.Playing position=32.3s advancing=True
[13:45:43.217] [Rocket Ranch] PROGRESS state=State.Playing position=33.2s advancing=True
[13:45:43.376] [MGL] PROGRESS state=State.Playing position=34.0s advancing=True
[13:45:43.379] [Rover1] PROGRESS state=State.Playing position=33.4s advancing=True
[13:45:43.547] [Rover 2] PROGRESS state=State.Playing position=33.5s advancing=True
[13:45:44.377] [SBL] PROGRESS state=State.Playing position=35.1s advancing=True
[13:45:44.384] [Rover1] PROGRESS state=State.Playing position=34.4s advancing=True
[13:45:44.386] [Sentinel] PROGRESS state=State.Playing position=34.3s advancing=True
[13:45:44.391] [SCL] PROGRESS state=State.Playing position=34.2s advancing=True
[13:45:45.386] [MGL] PROGRESS state=State.Playing position=36.0s advancing=True
[13:45:45.389] [Rover1] PROGRESS state=State.Playing position=35.4s advancing=True
[13:45:45.730] [Rocket Ranch] PROGRESS state=State.Playing position=35.2s advancing=True
[13:45:46.232] [Rocket Ranch] PROGRESS state=State.Playing position=36.3s advancing=True
[13:45:46.388] [SBL] PROGRESS state=State.Playing position=37.1s advancing=True
[13:45:46.394] [MGL] PROGRESS state=State.Playing position=37.0s advancing=True
[13:45:46.407] [SCL] PROGRESS state=State.Playing position=36.2s advancing=True
[13:45:46.562] [Rover 2] PROGRESS state=State.Playing position=36.5s advancing=True
[13:45:47.396] [SBL] PROGRESS state=State.Playing position=38.1s advancing=True
[13:45:47.402] [MGL] PROGRESS state=State.Playing position=38.0s advancing=True
[13:45:47.410] [Sentinel] PROGRESS state=State.Playing position=37.3s advancing=True
[13:45:47.416] [SCL] PROGRESS state=State.Playing position=37.2s advancing=True
[13:45:47.570] [Rover 2] PROGRESS state=State.Playing position=37.5s advancing=True
[13:45:48.257] [Rocket Ranch] PROGRESS state=State.Playing position=38.2s advancing=True
[13:45:48.424] [SBL] PROGRESS state=State.Playing position=39.1s advancing=True
[13:45:48.441] [Rover1] PROGRESS state=State.Playing position=38.4s advancing=True
[13:45:48.446] [SCL] PROGRESS state=State.Playing position=38.2s advancing=True
[13:45:48.602] [Rover 2] PROGRESS state=State.Playing position=38.5s advancing=True
[13:45:49.269] [SBL] STOP runtime=29.2s
[13:45:49.297] [SBL] VLC_EVENT=EventType.MediaPlayerStopped
[13:45:49.358] [SCL] STOP runtime=28.6s
[13:45:49.387] [SCL] VLC_EVENT=EventType.MediaPlayerStopped
[13:45:49.441] [MGL] STOP runtime=29.1s
[13:45:49.470] [MGL] VLC_EVENT=EventType.MediaPlayerStopped
[13:45:49.527] [Sentinel] STOP runtime=28.9s
[13:45:49.559] [Sentinel] VLC_EVENT=EventType.MediaPlayerStopped
[13:45:49.619] [Rover1] STOP runtime=29.1s
[13:45:49.661] [Rover1] VLC_EVENT=EventType.MediaPlayerStopped
[13:45:49.713] [Rocket Ranch] STOP runtime=28.7s
[13:45:49.750] [Rocket Ranch] VLC_EVENT=EventType.MediaPlayerStopped
[13:45:49.805] [Rover 2] STOP runtime=28.9s
[13:45:49.843] [Rover 2] VLC_EVENT=EventType.MediaPlayerStopped
[13:45:49.910] [SBL] RESOLVE_FEED starting original=https://youtube.com/watch
[13:45:49.916] [SCL] RESOLVE_FEED starting original=https://youtube.com/watch
[13:45:49.943] [MGL] RESOLVE_FEED starting original=https://youtube.com/watch
[13:45:49.956] [Sentinel] RESOLVE_FEED starting original=https://youtube.com/watch
[13:45:49.962] [Rover1] RESOLVE_FEED starting original=https://www.youtube.com/watch
[13:45:49.967] [Rocket Ranch] RESOLVE_FEED starting original=https://youtube.com/watch
[13:45:51.811] [Sentinel] STREAM_START original=https://youtube.com/watch
[13:45:51.845] [Sentinel] SET_MEDIA url=https://manifest.googlevideo.com/api/manifest/hls_playlist/expire/1788133401/ei/uWuUatipBcS7j-8PpLKViQk/ip/2600:4040:282f:6200:bd75:1171:b122:320e/id/IQV0DlS1Ew0.4/itag/96/source/yt_live_broadcast/requiressl/yes/ratebypass/yes/live/1/sgoap/gir%3Dyes%3Bitag%3D140/sgovp/gir%3Dyes%3Bitag%3D137/rqh/1/hls_chunk_host/rr6---sn-8xgp1vo-p5qes.googlevideo.com/xpc/EgVo2aDSNQ%3D%3D/playlist_duration/30/manifest_duration/30/bui/AR3QkAmuF21xlXe9UFYWSpry1IzjSIicUUNoGacah0Nll3UTeZi3Oo4ZEJK2bce7bl6a46uVe0_c5Fa_/spc/KBGBckR_QQBJnRCufo1G38y02RmGthomg7sgcYuOrw-K9Y5mVXCUdvQu2J_70IUL/vprv/1/reg/0/playlist_type/DVR/initcwndbps/4186250/met/1788111801,/mh/dC/mm/44/mn/sn-8xgp1vo-p5qes/ms/lva/mv/m/mvi/6/pl/38/rms/lva,lva/dover/11/pacing/0/keepalive/yes/fexp/51565115,52135441/mt/1788111623/sparams/expire,ei,ip,id,itag,source,requiressl,ratebypass,live,sgoap,sgovp,rqh,xpc,playlist_duration,manifest_duration,bui,spc,vprv,reg,playlist_type/sig/AE0s2JYwRAIgT8phXDmjuLE4rxdLIk5RpuHZLsM2YhzsJhbaIGtdrgkCIE6bFdi4tlOvmDJBWzDfiiTslHmC1LH8iKkjzGeE-00g/lsparams/hls_chunk_host,initcwndbps,met,mh,mm,mn,ms,mv,mvi,pl,rms/lsig/APaTxxMwRgIhAL8SmpoxhgnzBJTHXYLdVG6qXYpIZve5MHLbU5Glvg3OAiEAgwhiwJPUz5qLTgd2_4NkHAu1r_g232rOnRAmcJbmnYA%3D/playlist/index.m3u8 url_status=new
[13:45:51.860] [Sentinel] MEDIA_CREATED url=https://manifest.googlevideo.com/api/manifest/hls_playlist/expire/1788133401/ei/uWuUatipBcS7j-8PpLKViQk/ip/2600:4040:282f:6200:bd75:1171:b122:320e/id/IQV0DlS1Ew0.4/itag/96/source/yt_live_broadcast/requiressl/yes/ratebypass/yes/live/1/sgoap/gir%3Dyes%3Bitag%3D140/sgovp/gir%3Dyes%3Bitag%3D137/rqh/1/hls_chunk_host/rr6---sn-8xgp1vo-p5qes.googlevideo.com/xpc/EgVo2aDSNQ%3D%3D/playlist_duration/30/manifest_duration/30/bui/AR3QkAmuF21xlXe9UFYWSpry1IzjSIicUUNoGacah0Nll3UTeZi3Oo4ZEJK2bce7bl6a46uVe0_c5Fa_/spc/KBGBckR_QQBJnRCufo1G38y02RmGthomg7sgcYuOrw-K9Y5mVXCUdvQu2J_70IUL/vprv/1/reg/0/playlist_type/DVR/initcwndbps/4186250/met/1788111801,/mh/dC/mm/44/mn/sn-8xgp1vo-p5qes/ms/lva/mv/m/mvi/6/pl/38/rms/lva,lva/dover/11/pacing/0/keepalive/yes/fexp/51565115,52135441/mt/1788111623/sparams/expire,ei,ip,id,itag,source,requiressl,ratebypass,live,sgoap,sgovp,rqh,xpc,playlist_duration,manifest_duration,bui,spc,vprv,reg,playlist_type/sig/AE0s2JYwRAIgT8phXDmjuLE4rxdLIk5RpuHZLsM2YhzsJhbaIGtdrgkCIE6bFdi4tlOvmDJBWzDfiiTslHmC1LH8iKkjzGeE-00g/lsparams/hls_chunk_host,initcwndbps,met,mh,mm,mn,ms,mv,mvi,pl,rms/lsig/APaTxxMwRgIhAL8SmpoxhgnzBJTHXYLdVG6qXYpIZve5MHLbU5Glvg3OAiEAgwhiwJPUz5qLTgd2_4NkHAu1r_g232rOnRAmcJbmnYA%3D/playlist/index.m3u8
[13:45:51.861] [Sentinel] STATE=State.NothingSpecial position=-0.0s
[13:45:51.993] [Sentinel] PLAY requested runtime=0.1s
[13:45:51.000] [Sentinel] VLC_EVENT=EventType.MediaPlayerOpening
[13:45:52.001] [Sentinel] VLC_EVENT=EventType.MediaPlayerBuffering
[13:45:52.030] [SCL] STREAM_START original=https://youtube.com/watch
[13:45:52.105] [SCL] SET_MEDIA url=https://manifest.googlevideo.com/api/manifest/hls_playlist/expire/1788133401/ei/uWuUarWxD9a1kucPrIfZ0QQ/ip/2600:4040:282f:6200:bd75:1171:b122:320e/id/Jm8wRjD3xVA.3/itag/96/source/yt_live_broadcast/requiressl/yes/ratebypass/yes/live/1/sgoap/gir%3Dyes%3Bitag%3D140/sgovp/gir%3Dyes%3Bitag%3D137/rqh/1/hls_chunk_host/rr1---sn-8xgp1vo-p5qe.googlevideo.com/xpc/EgVo2aDSNQ%3D%3D/playlist_duration/30/manifest_duration/30/ss/1/ssa/1/bui/AR3QkAk_F7kOfvJMag3gjzaFBLv1FSuJNt54dW2OR5GY7Dk5Eox2ISsOjRoFOR2C6emNoQP8Ld-j3xR7/spc/KBGBcrLLB0G3W1CXcHaBFoGOz5bqR49XscP74M7P-jSxa_Dzr-s3IQjqNOfW3JJt/vprv/1/reg/0/playlist_type/DVR/initcwndbps/4185000/met/1788111801,/mh/Mv/mm/44/mn/sn-8xgp1vo-p5qe/ms/lva/mv/m/mvi/1/pl/38/rms/lva,lva/dover/11/pacing/0/keepalive/yes/fexp/51565116,52135441/mt/1788111394/sparams/expire,ei,ip,id,itag,source,requiressl,ratebypass,live,sgoap,sgovp,rqh,xpc,playlist_duration,manifest_duration,ss,ssa,bui,spc,vprv,reg,playlist_type/sig/AE0s2JYwRgIhAP0Ncd6CGzeozKdxZTSpC9Rbz32V6zueKC-3rEVFJEPIAiEAqRdpPoM5i8dRENW4CZifMmU1Y9g8QlCRAmXcPmRbDSc%3D/lsparams/hls_chunk_host,initcwndbps,met,mh,mm,mn,ms,mv,mvi,pl,rms/lsig/APaTxxMwRQIhAJYOq4c0mXCiLANfTnifDnRUSMBFwXWXwtktsdHyRhx8AiBWg6FhAlcGaYD4yxl4MqGIQoWt2SVsl-s_bHLviSl6hg%3D%3D/playlist/index.m3u8 url_status=new
[13:45:52.117] [SCL] MEDIA_CREATED url=https://manifest.googlevideo.com/api/manifest/hls_playlist/expire/1788133401/ei/uWuUarWxD9a1kucPrIfZ0QQ/ip/2600:4040:282f:6200:bd75:1171:b122:320e/id/Jm8wRjD3xVA.3/itag/96/source/yt_live_broadcast/requiressl/yes/ratebypass/yes/live/1/sgoap/gir%3Dyes%3Bitag%3D140/sgovp/gir%3Dyes%3Bitag%3D137/rqh/1/hls_chunk_host/rr1---sn-8xgp1vo-p5qe.googlevideo.com/xpc/EgVo2aDSNQ%3D%3D/playlist_duration/30/manifest_duration/30/ss/1/ssa/1/bui/AR3QkAk_F7kOfvJMag3gjzaFBLv1FSuJNt54dW2OR5GY7Dk5Eox2ISsOjRoFOR2C6emNoQP8Ld-j3xR7/spc/KBGBcrLLB0G3W1CXcHaBFoGOz5bqR49XscP74M7P-jSxa_Dzr-s3IQjqNOfW3JJt/vprv/1/reg/0/playlist_type/DVR/initcwndbps/4185000/met/1788111801,/mh/Mv/mm/44/mn/sn-8xgp1vo-p5qe/ms/lva/mv/m/mvi/1/pl/38/rms/lva,lva/dover/11/pacing/0/keepalive/yes/fexp/51565116,52135441/mt/1788111394/sparams/expire,ei,ip,id,itag,source,requiressl,ratebypass,live,sgoap,sgovp,rqh,xpc,playlist_duration,manifest_duration,ss,ssa,bui,spc,vprv,reg,playlist_type/sig/AE0s2JYwRgIhAP0Ncd6CGzeozKdxZTSpC9Rbz32V6zueKC-3rEVFJEPIAiEAqRdpPoM5i8dRENW4CZifMmU1Y9g8QlCRAmXcPmRbDSc%3D/lsparams/hls_chunk_host,initcwndbps,met,mh,mm,mn,ms,mv,mvi,pl,rms/lsig/APaTxxMwRQIhAJYOq4c0mXCiLANfTnifDnRUSMBFwXWXwtktsdHyRhx8AiBWg6FhAlcGaYD4yxl4MqGIQoWt2SVsl-s_bHLviSl6hg%3D%3D/playlist/index.m3u8
[13:45:52.118] [SCL] STATE=State.NothingSpecial position=-0.0s
[13:45:52.136] [Sentinel] VLC_EVENT=EventType.MediaPlayerPlaying
[13:45:52.207] [MGL] STREAM_START original=https://youtube.com/watch
[13:45:52.242] [MGL] SET_MEDIA url=https://manifest.googlevideo.com/api/manifest/hls_playlist/expire/1788133401/ei/uWuUarOAFoeBkucP9Yad6QQ/ip/2600:4040:282f:6200:bd75:1171:b122:320e/id/cOmmvhDQ2HM.13/itag/96/source/yt_live_broadcast/requiressl/yes/ratebypass/yes/live/1/sgoap/gir%3Dyes%3Bitag%3D140/sgovp/gir%3Dyes%3Bitag%3D137/rqh/1/hls_chunk_host/rr7---sn-8xgp1vo-p5qe7.googlevideo.com/xpc/EgVo2aDSNQ%3D%3D/playlist_duration/30/manifest_duration/30/ss/1/ssa/1/bui/AR3QkAmU0ULm7RstdLiNazY4vbqIGuUlGAvLX8JhKi07Nlseee8NAFrrK37amtOFbrotpyy1yLVht0o2/spc/KBGBcrxuPOC4R2PotveE2dCw79uCHICCwO4-roy7L8z-pfXGeO7F0EvMlcDfpMfb/vprv/1/reg/0/playlist_type/DVR/initcwndbps/4038750/met/1788111801,/mh/m4/mm/44/mn/sn-8xgp1vo-p5qe7/ms/lva/mv/m/mvi/7/pl/38/rms/lva,lva/dover/11/pacing/0/keepalive/yes/fexp/51565116,52135441/mt/1788111623/sparams/expire,ei,ip,id,itag,source,requiressl,ratebypass,live,sgoap,sgovp,rqh,xpc,playlist_duration,manifest_duration,ss,ssa,bui,spc,vprv,reg,playlist_type/sig/AE0s2JYwRQIgBTVj_AyBtx3MJ0VLL141p_Olfwai8KgLQ_282yUECNwCIQDGUc2eR9ynnfxBiyx_c0TgNLPNRLuQbgaUX9BOny46gg%3D%3D/lsparams/hls_chunk_host,initcwndbps,met,mh,mm,mn,ms,mv,mvi,pl,rms/lsig/APaTxxMwRQIhAOsIPqjExWpbAtyZrl_ATb2UbC8t0NFe-HV28iQimbr6AiBInYMo6XL4mikEOTHRqhsBxO_lDsV5KxhJ-HzRDag_eQ%3D%3D/playlist/index.m3u8 url_status=new
[13:45:52.245] [MGL] MEDIA_CREATED url=https://manifest.googlevideo.com/api/manifest/hls_playlist/expire/1788133401/ei/uWuUarOAFoeBkucP9Yad6QQ/ip/2600:4040:282f:6200:bd75:1171:b122:320e/id/cOmmvhDQ2HM.13/itag/96/source/yt_live_broadcast/requiressl/yes/ratebypass/yes/live/1/sgoap/gir%3Dyes%3Bitag%3D140/sgovp/gir%3Dyes%3Bitag%3D137/rqh/1/hls_chunk_host/rr7---sn-8xgp1vo-p5qe7.googlevideo.com/xpc/EgVo2aDSNQ%3D%3D/playlist_duration/30/manifest_duration/30/ss/1/ssa/1/bui/AR3QkAmU0ULm7RstdLiNazY4vbqIGuUlGAvLX8JhKi07Nlseee8NAFrrK37amtOFbrotpyy1yLVht0o2/spc/KBGBcrxuPOC4R2PotveE2dCw79uCHICCwO4-roy7L8z-pfXGeO7F0EvMlcDfpMfb/vprv/1/reg/0/playlist_type/DVR/initcwndbps/4038750/met/1788111801,/mh/m4/mm/44/mn/sn-8xgp1vo-p5qe7/ms/lva/mv/m/mvi/7/pl/38/rms/lva,lva/dover/11/pacing/0/keepalive/yes/fexp/51565116,52135441/mt/1788111623/sparams/expire,ei,ip,id,itag,source,requiressl,ratebypass,live,sgoap,sgovp,rqh,xpc,playlist_duration,manifest_duration,ss,ssa,bui,spc,vprv,reg,playlist_type/sig/AE0s2JYwRQIgBTVj_AyBtx3MJ0VLL141p_Olfwai8KgLQ_282yUECNwCIQDGUc2eR9ynnfxBiyx_c0TgNLPNRLuQbgaUX9BOny46gg%3D%3D/lsparams/hls_chunk_host,initcwndbps,met,mh,mm,mn,ms,mv,mvi,pl,rms/lsig/APaTxxMwRQIhAOsIPqjExWpbAtyZrl_ATb2UbC8t0NFe-HV28iQimbr6AiBInYMo6XL4mikEOTHRqhsBxO_lDsV5KxhJ-HzRDag_eQ%3D%3D/playlist/index.m3u8
[13:45:52.246] [MGL] STATE=State.NothingSpecial position=-0.0s
[13:45:52.265] [Sentinel] VLC_EVENT=EventType.MediaPlayerBuffering
[13:45:52.269] [Sentinel] VLC_EVENT=EventType.MediaPlayerBuffering
[13:45:52.270] [Sentinel] VLC_EVENT=EventType.MediaPlayerBuffering
[13:45:52.270] [Sentinel] VLC_EVENT=EventType.MediaPlayerBuffering
[13:45:52.271] [Sentinel] VLC_EVENT=EventType.MediaPlayerBuffering
[13:45:52.271] [Sentinel] VLC_EVENT=EventType.MediaPlayerBuffering
[13:45:52.272] [Sentinel] VLC_EVENT=EventType.MediaPlayerBuffering
[13:45:52.272] [Sentinel] VLC_EVENT=EventType.MediaPlayerBuffering
[13:45:52.272] [Sentinel] VLC_EVENT=EventType.MediaPlayerBuffering
[13:45:52.273] [Sentinel] VLC_EVENT=EventType.MediaPlayerBuffering
[13:45:52.273] [Sentinel] VLC_EVENT=EventType.MediaPlayerBuffering
[13:45:52.273] [Sentinel] VLC_EVENT=EventType.MediaPlayerBuffering
[13:45:52.274] [Sentinel] VLC_EVENT=EventType.MediaPlayerBuffering
[13:45:52.275] [Sentinel] VLC_EVENT=EventType.MediaPlayerBuffering
[13:45:52.275] [Sentinel] VLC_EVENT=EventType.MediaPlayerBuffering
[13:45:52.276] [Sentinel] VLC_EVENT=EventType.MediaPlayerBuffering
[13:45:52.276] [Sentinel] VLC_EVENT=EventType.MediaPlayerBuffering
[13:45:52.277] [Sentinel] VLC_EVENT=EventType.MediaPlayerBuffering
[13:45:52.277] [Sentinel] VLC_EVENT=EventType.MediaPlayerBuffering
[13:45:52.278] [Sentinel] VLC_EVENT=EventType.MediaPlayerBuffering
[13:45:52.278] [Sentinel] VLC_EVENT=EventType.MediaPlayerBuffering
[13:45:52.279] [Sentinel] VLC_EVENT=EventType.MediaPlayerBuffering
[13:45:52.279] [Sentinel] VLC_EVENT=EventType.MediaPlayerBuffering
[13:45:52.280] [Sentinel] VLC_EVENT=EventType.MediaPlayerBuffering
[13:45:52.280] [Sentinel] VLC_EVENT=EventType.MediaPlayerBuffering
[13:45:52.281] [Sentinel] VLC_EVENT=EventType.MediaPlayerBuffering
[13:45:52.281] [Sentinel] VLC_EVENT=EventType.MediaPlayerBuffering
[13:45:52.282] [Sentinel] VLC_EVENT=EventType.MediaPlayerBuffering
[13:45:52.282] [Sentinel] VLC_EVENT=EventType.MediaPlayerBuffering
[13:45:52.283] [Sentinel] VLC_EVENT=EventType.MediaPlayerBuffering
[13:45:52.283] [Sentinel] VLC_EVENT=EventType.MediaPlayerBuffering
[13:45:52.284] [Sentinel] VLC_EVENT=EventType.MediaPlayerBuffering
[13:45:52.446] [SCL] PLAY requested runtime=0.3s
[13:45:52.449] [MGL] PLAY requested runtime=0.2s
[13:45:52.450] [Sentinel] STATE=State.Playing position=0.0s
[13:45:52.450] [SCL] VLC_EVENT=EventType.MediaPlayerOpening
[13:45:52.451] [MGL] VLC_EVENT=EventType.MediaPlayerOpening
[13:45:52.451] [SCL] VLC_EVENT=EventType.MediaPlayerBuffering
[13:45:52.451] [MGL] VLC_EVENT=EventType.MediaPlayerBuffering
[13:45:52.455] [Rocket Ranch] STREAM_START original=https://youtube.com/watch
[13:45:52.476] [Rocket Ranch] SET_MEDIA url=https://manifest.googlevideo.com/api/manifest/hls_playlist/expire/1788133401/ei/uWuUapa9J62AkucPnojJgAs/ip/2600:4040:282f:6200:bd75:1171:b122:320e/id/qw3uaLRrYNY.3/itag/96/source/yt_live_broadcast/requiressl/yes/ratebypass/yes/live/1/sgoap/gir%3Dyes%3Bitag%3D140/sgovp/gir%3Dyes%3Bitag%3D137/rqh/1/hls_chunk_host/rr8---sn-8xgp1vo-p5qel.googlevideo.com/xpc/EgVo2aDSNQ%3D%3D/playlist_duration/30/manifest_duration/30/bui/AR3QkAmnygQ_kTQN3Ncy_5B47b5195-s7G2iWJTaQLnUP4HIYvXzRwUeHjqxdl1f2sM8mYqyJHD7DimO/spc/KBGBcsIrX-d9myPjTt6zrTeuvx2_RSi0X4WdbM8WSQ6BHmFt31yl8ljsmJ7qFOTG9H4/vprv/1/reg/0/playlist_type/DVR/initcwndbps/4176250/met/1788111801,/mh/RC/mm/44/mn/sn-8xgp1vo-p5qel/ms/lva/mv/m/mvi/8/pl/38/rms/lva,lva/dover/11/pacing/0/keepalive/yes/fexp/51565115,52112905,52135441/mt/1788111394/sparams/expire,ei,ip,id,itag,source,requiressl,ratebypass,live,sgoap,sgovp,rqh,xpc,playlist_duration,manifest_duration,bui,spc,vprv,reg,playlist_type/sig/AE0s2JYwRQIhALJcUcncm3YseeMIEXgi8_Y5tjKiSNHeWbiWy6gV6UtpAiBRe2E0Br2wSZ0aKyYxcKBh1OSNqQMCcLVs7QeK16M5jQ%3D%3D/lsparams/hls_chunk_host,initcwndbps,met,mh,mm,mn,ms,mv,mvi,pl,rms/lsig/APaTxxMwRQIhAP30_pzJ2gNs1pxsoahmWsEKkA0jZE6A4SdUSLKAjohHAiAee5AZDC_toJ4Aelppl4TosxUNZzMDT2WLYB9j0yS7Nw%3D%3D/playlist/index.m3u8 url_status=new
[13:45:52.478] [Rocket Ranch] MEDIA_CREATED url=https://manifest.googlevideo.com/api/manifest/hls_playlist/expire/1788133401/ei/uWuUapa9J62AkucPnojJgAs/ip/2600:4040:282f:6200:bd75:1171:b122:320e/id/qw3uaLRrYNY.3/itag/96/source/yt_live_broadcast/requiressl/yes/ratebypass/yes/live/1/sgoap/gir%3Dyes%3Bitag%3D140/sgovp/gir%3Dyes%3Bitag%3D137/rqh/1/hls_chunk_host/rr8---sn-8xgp1vo-p5qel.googlevideo.com/xpc/EgVo2aDSNQ%3D%3D/playlist_duration/30/manifest_duration/30/bui/AR3QkAmnygQ_kTQN3Ncy_5B47b5195-s7G2iWJTaQLnUP4HIYvXzRwUeHjqxdl1f2sM8mYqyJHD7DimO/spc/KBGBcsIrX-d9myPjTt6zrTeuvx2_RSi0X4WdbM8WSQ6BHmFt31yl8ljsmJ7qFOTG9H4/vprv/1/reg/0/playlist_type/DVR/initcwndbps/4176250/met/1788111801,/mh/RC/mm/44/mn/sn-8xgp1vo-p5qel/ms/lva/mv/m/mvi/8/pl/38/rms/lva,lva/dover/11/pacing/0/keepalive/yes/fexp/51565115,52112905,52135441/mt/1788111394/sparams/expire,ei,ip,id,itag,source,requiressl,ratebypass,live,sgoap,sgovp,rqh,xpc,playlist_duration,manifest_duration,bui,spc,vprv,reg,playlist_type/sig/AE0s2JYwRQIhALJcUcncm3YseeMIEXgi8_Y5tjKiSNHeWbiWy6gV6UtpAiBRe2E0Br2wSZ0aKyYxcKBh1OSNqQMCcLVs7QeK16M5jQ%3D%3D/lsparams/hls_chunk_host,initcwndbps,met,mh,mm,mn,ms,mv,mvi,pl,rms/lsig/APaTxxMwRQIhAP30_pzJ2gNs1pxsoahmWsEKkA0jZE6A4SdUSLKAjohHAiAee5AZDC_toJ4Aelppl4TosxUNZzMDT2WLYB9j0yS7Nw%3D%3D/playlist/index.m3u8
[13:45:52.479] [Rocket Ranch] STATE=State.NothingSpecial position=-0.0s
[13:45:52.562] [MGL] VLC_EVENT=EventType.MediaPlayerPlaying
[13:45:52.571] [Rover1] STREAM_START original=https://www.youtube.com/watch
[13:45:52.582] [SCL] VLC_EVENT=EventType.MediaPlayerPlaying
[13:45:52.591] [Rover1] SET_MEDIA url=https://manifest.googlevideo.com/api/manifest/hls_playlist/expire/1788133401/ei/uWuUaoSaKcGDkucP-vW48Qs/ip/2600:4040:282f:6200:bd75:1171:b122:320e/id/inCQ49QGmqQ.2/itag/96/source/yt_live_broadcast/requiressl/yes/ratebypass/yes/live/1/sgoap/gir%3Dyes%3Bitag%3D140/sgovp/gir%3Dyes%3Bitag%3D137/rqh/1/hls_chunk_host/rr13---sn-8xgp1vo-p5qes.googlevideo.com/xpc/EgVo2aDSNQ%3D%3D/playlist_duration/30/manifest_duration/30/bui/AR3QkAl59IKZZcpiaQJEewUUSNLqX2if6o_e3j4xEm0ZmaqMOJ1VPDlM2h2v9UKIpXl_yVGkGFjzH-XP/spc/KBGBcu1ipZwP3-0BAkaT-NG5p4Li81_RgUjfhQkpx2ZzZXxThL2gf_ksdvfBC7I3/vprv/1/reg/0/playlist_type/DVR/initcwndbps/4061250/met/1788111801,/mh/9I/mm/44/mn/sn-8xgp1vo-p5qes/ms/lva/mv/m/mvi/13/pl/38/rms/lva,lva/dover/11/pacing/0/keepalive/yes/fexp/51565115,52135441/mt/1788111394/sparams/expire,ei,ip,id,itag,source,requiressl,ratebypass,live,sgoap,sgovp,rqh,xpc,playlist_duration,manifest_duration,bui,spc,vprv,reg,playlist_type/sig/AE0s2JYwRAIgEmGkE7RN8S-qpAwEYx55Hs8lMJreY3l2FNlkjjk9H5ECIBEYDVGx2KRe-hg7JwT4nEzjT0hMSsZUBlLuJqx3vwO5/lsparams/hls_chunk_host,initcwndbps,met,mh,mm,mn,ms,mv,mvi,pl,rms/lsig/APaTxxMwRQIgPHTX4t6A350N3g8-cqfP7U8JOatdyksjCviN5bo9CSgCIQD5iFU3nshLXO6MNoKoPqm_VWSr_kKMHsDa7zQHAspQPg%3D%3D/playlist/index.m3u8 url_status=new
[13:45:52.593] [Rover1] MEDIA_CREATED url=https://manifest.googlevideo.com/api/manifest/hls_playlist/expire/1788133401/ei/uWuUaoSaKcGDkucP-vW48Qs/ip/2600:4040:282f:6200:bd75:1171:b122:320e/id/inCQ49QGmqQ.2/itag/96/source/yt_live_broadcast/requiressl/yes/ratebypass/yes/live/1/sgoap/gir%3Dyes%3Bitag%3D140/sgovp/gir%3Dyes%3Bitag%3D137/rqh/1/hls_chunk_host/rr13---sn-8xgp1vo-p5qes.googlevideo.com/xpc/EgVo2aDSNQ%3D%3D/playlist_duration/30/manifest_duration/30/bui/AR3QkAl59IKZZcpiaQJEewUUSNLqX2if6o_e3j4xEm0ZmaqMOJ1VPDlM2h2v9UKIpXl_yVGkGFjzH-XP/spc/KBGBcu1ipZwP3-0BAkaT-NG5p4Li81_RgUjfhQkpx2ZzZXxThL2gf_ksdvfBC7I3/vprv/1/reg/0/playlist_type/DVR/initcwndbps/4061250/met/1788111801,/mh/9I/mm/44/mn/sn-8xgp1vo-p5qes/ms/lva/mv/m/mvi/13/pl/38/rms/lva,lva/dover/11/pacing/0/keepalive/yes/fexp/51565115,52135441/mt/1788111394/sparams/expire,ei,ip,id,itag,source,requiressl,ratebypass,live,sgoap,sgovp,rqh,xpc,playlist_duration,manifest_duration,bui,spc,vprv,reg,playlist_type/sig/AE0s2JYwRAIgEmGkE7RN8S-qpAwEYx55Hs8lMJreY3l2FNlkjjk9H5ECIBEYDVGx2KRe-hg7JwT4nEzjT0hMSsZUBlLuJqx3vwO5/lsparams/hls_chunk_host,initcwndbps,met,mh,mm,mn,ms,mv,mvi,pl,rms/lsig/APaTxxMwRQIgPHTX4t6A350N3g8-cqfP7U8JOatdyksjCviN5bo9CSgCIQD5iFU3nshLXO6MNoKoPqm_VWSr_kKMHsDa7zQHAspQPg%3D%3D/playlist/index.m3u8
[13:45:52.594] [Rover1] STATE=State.NothingSpecial position=-0.0s
[13:45:52.664] [MGL] VLC_EVENT=EventType.MediaPlayerBuffering
[13:45:52.665] [MGL] VLC_EVENT=EventType.MediaPlayerBuffering
[13:45:52.665] [MGL] VLC_EVENT=EventType.MediaPlayerBuffering
[13:45:52.666] [MGL] VLC_EVENT=EventType.MediaPlayerBuffering
[13:45:52.667] [MGL] VLC_EVENT=EventType.MediaPlayerBuffering
[13:45:52.668] [MGL] VLC_EVENT=EventType.MediaPlayerBuffering
[13:45:52.668] [MGL] VLC_EVENT=EventType.MediaPlayerBuffering
[13:45:52.669] [MGL] VLC_EVENT=EventType.MediaPlayerBuffering
[13:45:52.669] [MGL] VLC_EVENT=EventType.MediaPlayerBuffering
[13:45:52.670] [MGL] VLC_EVENT=EventType.MediaPlayerBuffering
[13:45:52.670] [MGL] VLC_EVENT=EventType.MediaPlayerBuffering
[13:45:52.671] [MGL] VLC_EVENT=EventType.MediaPlayerBuffering
[13:45:52.671] [MGL] VLC_EVENT=EventType.MediaPlayerBuffering
[13:45:52.672] [MGL] VLC_EVENT=EventType.MediaPlayerBuffering
[13:45:52.672] [MGL] VLC_EVENT=EventType.MediaPlayerBuffering
[13:45:52.673] [MGL] VLC_EVENT=EventType.MediaPlayerBuffering
[13:45:52.674] [MGL] VLC_EVENT=EventType.MediaPlayerBuffering
[13:45:52.675] [MGL] VLC_EVENT=EventType.MediaPlayerBuffering
[13:45:52.676] [MGL] VLC_EVENT=EventType.MediaPlayerBuffering
[13:45:52.676] [MGL] VLC_EVENT=EventType.MediaPlayerBuffering
[13:45:52.677] [MGL] VLC_EVENT=EventType.MediaPlayerBuffering
[13:45:52.678] [SCL] VLC_EVENT=EventType.MediaPlayerBuffering
[13:45:52.678] [MGL] VLC_EVENT=EventType.MediaPlayerBuffering
[13:45:52.679] [SCL] VLC_EVENT=EventType.MediaPlayerBuffering
[13:45:52.679] [MGL] VLC_EVENT=EventType.MediaPlayerBuffering
[13:45:52.680] [SCL] VLC_EVENT=EventType.MediaPlayerBuffering
[13:45:52.680] [MGL] VLC_EVENT=EventType.MediaPlayerBuffering
[13:45:52.680] [SCL] VLC_EVENT=EventType.MediaPlayerBuffering
[13:45:52.681] [MGL] VLC_EVENT=EventType.MediaPlayerBuffering
[13:45:52.681] [SCL] VLC_EVENT=EventType.MediaPlayerBuffering
[13:45:52.682] [MGL] VLC_EVENT=EventType.MediaPlayerBuffering
[13:45:52.682] [SCL] VLC_EVENT=EventType.MediaPlayerBuffering
[13:45:52.683] [MGL] VLC_EVENT=EventType.MediaPlayerBuffering
[13:45:52.683] [SCL] VLC_EVENT=EventType.MediaPlayerBuffering
[13:45:52.684] [MGL] VLC_EVENT=EventType.MediaPlayerBuffering
[13:45:52.685] [SCL] VLC_EVENT=EventType.MediaPlayerBuffering
[13:45:52.686] [MGL] VLC_EVENT=EventType.MediaPlayerBuffering
[13:45:52.686] [SCL] VLC_EVENT=EventType.MediaPlayerBuffering
[13:45:52.687] [MGL] VLC_EVENT=EventType.MediaPlayerBuffering
[13:45:52.688] [SCL] VLC_EVENT=EventType.MediaPlayerBuffering
[13:45:52.688] [MGL] VLC_EVENT=EventType.MediaPlayerBuffering
[13:45:52.688] [SCL] VLC_EVENT=EventType.MediaPlayerBuffering
[13:45:52.689] [MGL] VLC_EVENT=EventType.MediaPlayerBuffering
[13:45:52.689] [SCL] VLC_EVENT=EventType.MediaPlayerBuffering
[13:45:52.690] [Rocket Ranch] PLAY requested runtime=0.2s
[13:45:52.690] [SCL] VLC_EVENT=EventType.MediaPlayerBuffering
[13:45:52.691] [SCL] STATE=State.Playing position=0.0s
[13:45:52.691] [SCL] VLC_EVENT=EventType.MediaPlayerBuffering
[13:45:52.692] [Rocket Ranch] VLC_EVENT=EventType.MediaPlayerOpening
[13:45:52.693] [SCL] VLC_EVENT=EventType.MediaPlayerBuffering
[13:45:52.693] [Rocket Ranch] VLC_EVENT=EventType.MediaPlayerBuffering
[13:45:52.694] [SCL] VLC_EVENT=EventType.MediaPlayerBuffering
[13:45:52.695] [SCL] VLC_EVENT=EventType.MediaPlayerBuffering
[13:45:52.696] [SCL] VLC_EVENT=EventType.MediaPlayerBuffering
[13:45:52.697] [SCL] VLC_EVENT=EventType.MediaPlayerBuffering
[13:45:52.697] [SCL] VLC_EVENT=EventType.MediaPlayerBuffering
[13:45:52.698] [SCL] VLC_EVENT=EventType.MediaPlayerBuffering
[13:45:52.699] [SCL] VLC_EVENT=EventType.MediaPlayerBuffering
[13:45:52.699] [SCL] VLC_EVENT=EventType.MediaPlayerBuffering
[13:45:52.700] [SCL] VLC_EVENT=EventType.MediaPlayerBuffering
[13:45:52.700] [SCL] VLC_EVENT=EventType.MediaPlayerBuffering
[13:45:52.701] [SCL] VLC_EVENT=EventType.MediaPlayerBuffering
[13:45:52.701] [SCL] VLC_EVENT=EventType.MediaPlayerBuffering
[13:45:52.702] [SCL] VLC_EVENT=EventType.MediaPlayerBuffering
[13:45:52.702] [SCL] VLC_EVENT=EventType.MediaPlayerBuffering
[13:45:52.703] [SCL] VLC_EVENT=EventType.MediaPlayerBuffering
[13:45:52.704] [SCL] VLC_EVENT=EventType.MediaPlayerBuffering
[13:45:52.704] [SCL] VLC_EVENT=EventType.MediaPlayerBuffering
[13:45:52.704] [SBL] STREAM_START original=https://youtube.com/watch
[13:45:52.729] [SBL] SET_MEDIA url=https://manifest.googlevideo.com/api/manifest/hls_playlist/expire/1788133401/ei/uWuUaufjLPzhkucP6O3quAU/ip/2600:4040:282f:6200:bd75:1171:b122:320e/id/mhJRzQsLZGg.17/itag/96/source/yt_live_broadcast/requiressl/yes/ratebypass/yes/live/1/sgoap/gir%3Dyes%3Bitag%3D140/sgovp/gir%3Dyes%3Bitag%3D137/rqh/1/hls_chunk_host/rr11---sn-8xgp1vo-p5qes.googlevideo.com/xpc/EgVo2aDSNQ%3D%3D/playlist_duration/30/manifest_duration/30/ss/1/ssa/1/bui/AR3QkAmnDLkN0FZtPb4G4_IYgDXOFph2aNxJaYFdOtlV3LzNQu1K83z7FaAwVGs1FfHFpFLxK6FtX4oB/spc/KBGBctb7NHdEjTzlwLKLsvio6R1wY9VN6Gedl0d2VnB2gLv5MxZR4huMGm73C39J/vprv/1/reg/0/playlist_type/DVR/initcwndbps/4186250/met/1788111801,/mh/3F/mm/44/mn/sn-8xgp1vo-p5qes/ms/lva/mv/m/mvi/11/pl/38/rms/lva,lva/dover/11/pacing/0/keepalive/yes/fexp/51565116,52135441/mt/1788111623/sparams/expire,ei,ip,id,itag,source,requiressl,ratebypass,live,sgoap,sgovp,rqh,xpc,playlist_duration,manifest_duration,ss,ssa,bui,spc,vprv,reg,playlist_type/sig/AE0s2JYwRQIgRPf0a5ZOpQ6CbjLJpyekTHzz8WBLvutKI9thPX7nV_UCIQDt2ErsYrUBo1nj0HY4ffq4fR0Hb0EJpDEm1qkc_hb1tw%3D%3D/lsparams/hls_chunk_host,initcwndbps,met,mh,mm,mn,ms,mv,mvi,pl,rms/lsig/APaTxxMwRAIgMX8HfhqL7ZJ_DbByszCnWFHzdOYiKSzSLQlhPkPphpcCICAgQySbLfpPJhZb9u3pIno_ClHcRwep1YE3nfGIFTI8/playlist/index.m3u8 url_status=new
[13:45:52.732] [SBL] MEDIA_CREATED url=https://manifest.googlevideo.com/api/manifest/hls_playlist/expire/1788133401/ei/uWuUaufjLPzhkucP6O3quAU/ip/2600:4040:282f:6200:bd75:1171:b122:320e/id/mhJRzQsLZGg.17/itag/96/source/yt_live_broadcast/requiressl/yes/ratebypass/yes/live/1/sgoap/gir%3Dyes%3Bitag%3D140/sgovp/gir%3Dyes%3Bitag%3D137/rqh/1/hls_chunk_host/rr11---sn-8xgp1vo-p5qes.googlevideo.com/xpc/EgVo2aDSNQ%3D%3D/playlist_duration/30/manifest_duration/30/ss/1/ssa/1/bui/AR3QkAmnDLkN0FZtPb4G4_IYgDXOFph2aNxJaYFdOtlV3LzNQu1K83z7FaAwVGs1FfHFpFLxK6FtX4oB/spc/KBGBctb7NHdEjTzlwLKLsvio6R1wY9VN6Gedl0d2VnB2gLv5MxZR4huMGm73C39J/vprv/1/reg/0/playlist_type/DVR/initcwndbps/4186250/met/1788111801,/mh/3F/mm/44/mn/sn-8xgp1vo-p5qes/ms/lva/mv/m/mvi/11/pl/38/rms/lva,lva/dover/11/pacing/0/keepalive/yes/fexp/51565116,52135441/mt/1788111623/sparams/expire,ei,ip,id,itag,source,requiressl,ratebypass,live,sgoap,sgovp,rqh,xpc,playlist_duration,manifest_duration,ss,ssa,bui,spc,vprv,reg,playlist_type/sig/AE0s2JYwRQIgRPf0a5ZOpQ6CbjLJpyekTHzz8WBLvutKI9thPX7nV_UCIQDt2ErsYrUBo1nj0HY4ffq4fR0Hb0EJpDEm1qkc_hb1tw%3D%3D/lsparams/hls_chunk_host,initcwndbps,met,mh,mm,mn,ms,mv,mvi,pl,rms/lsig/APaTxxMwRAIgMX8HfhqL7ZJ_DbByszCnWFHzdOYiKSzSLQlhPkPphpcCICAgQySbLfpPJhZb9u3pIno_ClHcRwep1YE3nfGIFTI8/playlist/index.m3u8
[13:45:52.732] [SBL] STATE=State.NothingSpecial position=-0.0s
[13:45:52.808] [Rocket Ranch] VLC_EVENT=EventType.MediaPlayerPlaying
[13:45:52.857] [Rover1] PLAY requested runtime=0.3s
[13:45:52.858] [MGL] STATE=State.Playing position=0.0s
[13:45:52.858] [SBL] PLAY requested runtime=0.1s
[13:45:52.859] [Rover1] VLC_EVENT=EventType.MediaPlayerOpening
[13:45:52.859] [SBL] VLC_EVENT=EventType.MediaPlayerOpening
[13:45:52.859] [Rover1] VLC_EVENT=EventType.MediaPlayerBuffering
[13:45:52.860] [SBL] VLC_EVENT=EventType.MediaPlayerBuffering
[13:45:52.929] [Rocket Ranch] VLC_EVENT=EventType.MediaPlayerBuffering
[13:45:52.930] [Rocket Ranch] VLC_EVENT=EventType.MediaPlayerBuffering
[13:45:52.930] [Rocket Ranch] VLC_EVENT=EventType.MediaPlayerBuffering
[13:45:52.931] [Rocket Ranch] VLC_EVENT=EventType.MediaPlayerBuffering
[13:45:52.931] [Rocket Ranch] VLC_EVENT=EventType.MediaPlayerBuffering
[13:45:52.932] [Rocket Ranch] VLC_EVENT=EventType.MediaPlayerBuffering
[13:45:52.932] [Rocket Ranch] VLC_EVENT=EventType.MediaPlayerBuffering
[13:45:52.932] [Rocket Ranch] VLC_EVENT=EventType.MediaPlayerBuffering
[13:45:52.933] [Rocket Ranch] VLC_EVENT=EventType.MediaPlayerBuffering
[13:45:52.934] [Rocket Ranch] VLC_EVENT=EventType.MediaPlayerBuffering
[13:45:52.934] [Rocket Ranch] VLC_EVENT=EventType.MediaPlayerBuffering
[13:45:52.935] [Rocket Ranch] VLC_EVENT=EventType.MediaPlayerBuffering
[13:45:52.935] [Rocket Ranch] VLC_EVENT=EventType.MediaPlayerBuffering
[13:45:52.937] [Rocket Ranch] VLC_EVENT=EventType.MediaPlayerBuffering
[13:45:52.938] [Rocket Ranch] VLC_EVENT=EventType.MediaPlayerBuffering
[13:45:52.938] [Rocket Ranch] VLC_EVENT=EventType.MediaPlayerBuffering
[13:45:52.939] [Rocket Ranch] VLC_EVENT=EventType.MediaPlayerBuffering
[13:45:52.939] [Rocket Ranch] VLC_EVENT=EventType.MediaPlayerBuffering
[13:45:52.940] [Rocket Ranch] VLC_EVENT=EventType.MediaPlayerBuffering
[13:45:52.940] [Rocket Ranch] VLC_EVENT=EventType.MediaPlayerBuffering
[13:45:52.941] [Rocket Ranch] VLC_EVENT=EventType.MediaPlayerBuffering
[13:45:52.941] [Rocket Ranch] VLC_EVENT=EventType.MediaPlayerBuffering
[13:45:52.942] [Rocket Ranch] VLC_EVENT=EventType.MediaPlayerBuffering
[13:45:52.946] [SBL] VLC_EVENT=EventType.MediaPlayerPlaying
[13:45:52.977] [Rover1] VLC_EVENT=EventType.MediaPlayerPlaying
[13:45:52.979] [Rocket Ranch] STATE=State.Playing position=0.0s
[13:45:53.020] [SBL] VLC_EVENT=EventType.MediaPlayerBuffering
[13:45:53.021] [SBL] VLC_EVENT=EventType.MediaPlayerBuffering
[13:45:53.021] [SBL] VLC_EVENT=EventType.MediaPlayerBuffering
[13:45:53.022] [SBL] VLC_EVENT=EventType.MediaPlayerBuffering
[13:45:53.023] [SBL] VLC_EVENT=EventType.MediaPlayerBuffering
[13:45:53.023] [SBL] VLC_EVENT=EventType.MediaPlayerBuffering
[13:45:53.024] [SBL] VLC_EVENT=EventType.MediaPlayerBuffering
[13:45:53.025] [SBL] VLC_EVENT=EventType.MediaPlayerBuffering
[13:45:53.026] [SBL] VLC_EVENT=EventType.MediaPlayerBuffering
[13:45:53.028] [SBL] VLC_EVENT=EventType.MediaPlayerBuffering
[13:45:53.029] [SBL] VLC_EVENT=EventType.MediaPlayerBuffering
[13:45:53.029] [SBL] VLC_EVENT=EventType.MediaPlayerBuffering
[13:45:53.029] [SBL] VLC_EVENT=EventType.MediaPlayerBuffering
[13:45:53.030] [SBL] VLC_EVENT=EventType.MediaPlayerBuffering
[13:45:53.030] [SBL] VLC_EVENT=EventType.MediaPlayerBuffering
[13:45:53.031] [SBL] VLC_EVENT=EventType.MediaPlayerBuffering
[13:45:53.031] [SBL] VLC_EVENT=EventType.MediaPlayerBuffering
[13:45:53.041] [SBL] VLC_EVENT=EventType.MediaPlayerBuffering
[13:45:53.045] [SBL] VLC_EVENT=EventType.MediaPlayerBuffering
[13:45:53.046] [SBL] VLC_EVENT=EventType.MediaPlayerBuffering
[13:45:53.052] [SBL] VLC_EVENT=EventType.MediaPlayerBuffering
[13:45:53.053] [SBL] VLC_EVENT=EventType.MediaPlayerBuffering
[13:45:53.053] [SBL] VLC_EVENT=EventType.MediaPlayerBuffering
[13:45:53.054] [SBL] VLC_EVENT=EventType.MediaPlayerBuffering
[13:45:53.054] [SBL] VLC_EVENT=EventType.MediaPlayerBuffering
[13:45:53.055] [SBL] VLC_EVENT=EventType.MediaPlayerBuffering
[13:45:53.056] [SBL] VLC_EVENT=EventType.MediaPlayerBuffering
[13:45:53.056] [SBL] VLC_EVENT=EventType.MediaPlayerBuffering
[13:45:53.057] [SBL] VLC_EVENT=EventType.MediaPlayerBuffering
[13:45:53.057] [SBL] VLC_EVENT=EventType.MediaPlayerBuffering
[13:45:53.058] [SBL] VLC_EVENT=EventType.MediaPlayerBuffering
[13:45:53.059] [SBL] VLC_EVENT=EventType.MediaPlayerBuffering
[13:45:53.066] [Rover1] VLC_EVENT=EventType.MediaPlayerBuffering
[13:45:53.067] [Rover1] VLC_EVENT=EventType.MediaPlayerBuffering
[13:45:53.067] [Rover1] VLC_EVENT=EventType.MediaPlayerBuffering
[13:45:53.068] [Rover1] VLC_EVENT=EventType.MediaPlayerBuffering
[13:45:53.069] [Rover1] VLC_EVENT=EventType.MediaPlayerBuffering
[13:45:53.069] [Rover1] VLC_EVENT=EventType.MediaPlayerBuffering
[13:45:53.071] [Rover1] VLC_EVENT=EventType.MediaPlayerBuffering
[13:45:53.071] [Rover1] VLC_EVENT=EventType.MediaPlayerBuffering
[13:45:53.072] [Rover1] VLC_EVENT=EventType.MediaPlayerBuffering
[13:45:53.072] [Rover1] VLC_EVENT=EventType.MediaPlayerBuffering
[13:45:53.073] [Rover1] VLC_EVENT=EventType.MediaPlayerBuffering
[13:45:53.073] [Rover1] VLC_EVENT=EventType.MediaPlayerBuffering
[13:45:53.074] [Rover1] VLC_EVENT=EventType.MediaPlayerBuffering
[13:45:53.074] [Rover1] VLC_EVENT=EventType.MediaPlayerBuffering
[13:45:53.075] [Rover1] VLC_EVENT=EventType.MediaPlayerBuffering
[13:45:53.076] [Rover1] VLC_EVENT=EventType.MediaPlayerBuffering
[13:45:53.076] [Rover1] VLC_EVENT=EventType.MediaPlayerBuffering
[13:45:53.096] [Rover1] STATE=State.Playing position=0.0s
[13:45:53.110] [Rover1] VLC_EVENT=EventType.MediaPlayerBuffering
[13:45:53.113] [Rover1] VLC_EVENT=EventType.MediaPlayerBuffering
[13:45:53.114] [Rover1] VLC_EVENT=EventType.MediaPlayerBuffering
[13:45:53.114] [Rover1] VLC_EVENT=EventType.MediaPlayerBuffering
[13:45:53.115] [Rover1] VLC_EVENT=EventType.MediaPlayerBuffering
[13:45:53.116] [Rover1] VLC_EVENT=EventType.MediaPlayerBuffering
[13:45:53.117] [Rover1] VLC_EVENT=EventType.MediaPlayerBuffering
[13:45:53.117] [Rover1] VLC_EVENT=EventType.MediaPlayerBuffering
[13:45:53.118] [Rover1] VLC_EVENT=EventType.MediaPlayerBuffering
[13:45:53.118] [Rover1] VLC_EVENT=EventType.MediaPlayerBuffering
[13:45:53.119] [Rover1] VLC_EVENT=EventType.MediaPlayerBuffering
[13:45:53.119] [Rover1] VLC_EVENT=EventType.MediaPlayerBuffering
[13:45:53.120] [Rover1] VLC_EVENT=EventType.MediaPlayerBuffering
[13:45:53.120] [Rover1] VLC_EVENT=EventType.MediaPlayerBuffering
[13:45:53.121] [Rover1] VLC_EVENT=EventType.MediaPlayerBuffering
[13:45:53.192] [SCL] PROGRESS state=State.Playing position=12.1s advancing=True
[13:45:53.233] [SBL] STATE=State.Playing position=0.0s
[13:45:53.358] [MGL] PROGRESS state=State.Playing position=12.2s advancing=True
[13:45:53.450] [Sentinel] PROGRESS state=State.Playing position=12.6s advancing=True
[13:45:53.480] [Rocket Ranch] PROGRESS state=State.Playing position=11.9s advancing=True
[13:45:54.097] [Rover1] PROGRESS state=State.Playing position=12.8s advancing=True
[13:45:54.234] [SBL] PROGRESS state=State.Playing position=12.8s advancing=True
[13:45:54.363] [MGL] PROGRESS state=State.Playing position=13.2s advancing=True
[13:45:54.456] [Sentinel] PROGRESS state=State.Playing position=13.6s advancing=True
[13:45:54.485] [Rocket Ranch] PROGRESS state=State.Playing position=12.9s advancing=True
[13:45:55.202] [SCL] PROGRESS state=State.Playing position=14.1s advancing=True
[13:45:55.240] [SBL] PROGRESS state=State.Playing position=13.8s advancing=True
[13:45:55.460] [Sentinel] PROGRESS state=State.Playing position=14.6s advancing=True
[13:45:55.491] [Rocket Ranch] PROGRESS state=State.Playing position=14.0s advancing=True
[13:45:55.604] [Rover1] PROGRESS state=State.Playing position=13.8s advancing=True
[13:45:56.208] [SCL] PROGRESS state=State.Playing position=15.1s advancing=True
[13:45:56.373] [MGL] PROGRESS state=State.Playing position=15.2s advancing=True
[13:45:57.251] [SBL] PROGRESS state=State.Playing position=15.8s advancing=True
[13:45:57.379] [MGL] PROGRESS state=State.Playing position=16.2s advancing=True
[13:45:57.502] [Rocket Ranch] PROGRESS state=State.Playing position=16.0s advancing=True
[13:45:57.616] [Rover1] PROGRESS state=State.Playing position=15.8s advancing=True
[13:45:58.257] [SBL] PROGRESS state=State.Playing position=16.8s advancing=True
[13:45:58.384] [MGL] PROGRESS state=State.Playing position=17.2s advancing=True
[13:45:58.475] [Sentinel] PROGRESS state=State.Playing position=17.6s advancing=True
[13:45:58.724] [SCL] PROGRESS state=State.Playing position=17.1s advancing=True
[13:45:59.125] [Rover1] PROGRESS state=State.Playing position=17.8s advancing=True
[13:45:59.229] [SCL] PROGRESS state=State.Playing position=18.1s advancing=True
[13:45:59.263] [SBL] PROGRESS state=State.Playing position=17.8s advancing=True
[13:45:59.483] [Sentinel] PROGRESS state=State.Playing position=18.6s advancing=True
[13:45:59.515] [Rocket Ranch] PROGRESS state=State.Playing position=18.0s advancing=True
[13:46:00.236] [SCL] PROGRESS state=State.Playing position=19.1s advancing=True
[13:46:00.522] [Rocket Ranch] PROGRESS state=State.Playing position=19.0s advancing=True
[13:46:01.242] [SCL] PROGRESS state=State.Playing position=20.1s advancing=True
[13:46:01.639] [Rover1] PROGRESS state=State.Playing position=19.8s advancing=True
[13:46:02.142] [Rover1] PROGRESS state=State.Playing position=20.8s advancing=True
[13:46:02.250] [SCL] PROGRESS state=State.Playing position=21.1s advancing=True
[13:46:02.443] [MGL] PROGRESS state=State.Playing position=21.2s advancing=True
[13:46:02.501] [Sentinel] PROGRESS state=State.Playing position=21.6s advancing=True
[13:46:02.558] [Rocket Ranch] PROGRESS state=State.Playing position=21.0s advancing=True
[13:46:03.153] [Rover1] PROGRESS state=State.Playing position=21.8s advancing=True
[13:46:03.263] [SCL] PROGRESS state=State.Playing position=22.1s advancing=True
[13:46:03.507] [Sentinel] PROGRESS state=State.Playing position=22.6s advancing=True
[13:46:04.211] [Rover1] PROGRESS state=State.Playing position=22.8s advancing=True
[13:46:04.269] [SCL] PROGRESS state=State.Playing position=23.1s advancing=True
[13:46:04.350] [SBL] PROGRESS state=State.Playing position=22.8s advancing=True
[13:46:04.456] [MGL] PROGRESS state=State.Playing position=23.2s advancing=True
[13:46:04.587] [Rocket Ranch] PROGRESS state=State.Playing position=23.0s advancing=True
[13:46:05.357] [SBL] PROGRESS state=State.Playing position=23.8s advancing=True
[13:46:05.466] [MGL] PROGRESS state=State.Playing position=24.2s advancing=True
[13:46:05.721] [Rover1] PROGRESS state=State.Playing position=23.8s advancing=True
[13:46:06.225] [Rover1] PROGRESS state=State.Playing position=24.8s advancing=True
[13:46:06.281] [SCL] PROGRESS state=State.Playing position=25.1s advancing=True
[13:46:06.362] [SBL] PROGRESS state=State.Playing position=24.8s advancing=True
[13:46:06.526] [Sentinel] PROGRESS state=State.Playing position=25.6s advancing=True
[13:46:06.608] [Rocket Ranch] PROGRESS state=State.Playing position=25.0s advancing=True
[13:46:07.233] [Rover1] PROGRESS state=State.Playing position=25.8s advancing=True
[13:46:07.286] [SCL] PROGRESS state=State.Playing position=26.1s advancing=True
[13:46:08.241] [Rover1] PROGRESS state=State.Playing position=26.8s advancing=True
[13:46:08.293] [SCL] PROGRESS state=State.Playing position=27.1s advancing=True
[13:46:08.378] [SBL] PROGRESS state=State.Playing position=26.8s advancing=True
[13:46:08.509] [MGL] PROGRESS state=State.Playing position=27.2s advancing=True
[13:46:08.624] [Rocket Ranch] PROGRESS state=State.Playing position=27.0s advancing=True
[13:46:09.247] [Rover1] PROGRESS state=State.Playing position=27.8s advancing=True
[13:46:09.385] [SBL] PROGRESS state=State.Playing position=27.8s advancing=True
[13:46:09.514] [MGL] PROGRESS state=State.Playing position=28.2s advancing=True
[13:46:09.546] [Sentinel] PROGRESS state=State.Playing position=28.6s advancing=True
[13:46:10.133] [Rocket Ranch] PROGRESS state=State.Playing position=29.0s advancing=True
[13:46:10.254] [Rover1] PROGRESS state=State.Playing position=28.8s advancing=True
[13:46:10.306] [SCL] PROGRESS state=State.Playing position=29.1s advancing=True
[13:46:10.392] [SBL] PROGRESS state=State.Playing position=28.8s advancing=True
[13:46:10.553] [Sentinel] PROGRESS state=State.Playing position=29.6s advancing=True
[13:46:11.313] [SCL] PROGRESS state=State.Playing position=30.1s advancing=True
[13:46:11.525] [MGL] PROGRESS state=State.Playing position=30.2s advancing=True
[13:46:11.558] [Sentinel] PROGRESS state=State.Playing position=30.6s advancing=True
[13:46:12.144] [Rocket Ranch] PROGRESS state=State.Playing position=31.0s advancing=True
[13:46:12.266] [Rover1] PROGRESS state=State.Playing position=30.8s advancing=True
[13:46:12.319] [SCL] PROGRESS state=State.Playing position=31.1s advancing=True
[13:46:12.404] [SBL] PROGRESS state=State.Playing position=30.8s advancing=True
[13:46:12.532] [MGL] PROGRESS state=State.Playing position=31.2s advancing=True
[13:46:13.410] [SBL] PROGRESS state=State.Playing position=31.8s advancing=True
[13:46:13.538] [MGL] PROGRESS state=State.Playing position=32.2s advancing=True
[13:46:13.571] [Sentinel] PROGRESS state=State.Playing position=32.6s advancing=True
[13:46:14.330] [SCL] PROGRESS state=State.Playing position=33.1s advancing=True
[13:46:14.418] [SBL] PROGRESS state=State.Playing position=32.8s advancing=True
[13:46:14.658] [Rocket Ranch] PROGRESS state=State.Playing position=33.0s advancing=True
[13:46:15.161] [Rocket Ranch] PROGRESS state=State.Playing position=34.0s advancing=True
[13:46:15.336] [SCL] PROGRESS state=State.Playing position=34.1s advancing=True
[13:46:15.550] [MGL] PROGRESS state=State.Playing position=34.2s advancing=True
[13:46:15.582] [Sentinel] PROGRESS state=State.Playing position=34.6s advancing=True
[13:46:16.290] [Rover1] PROGRESS state=State.Playing position=34.8s advancing=True
[13:46:16.343] [SCL] PROGRESS state=State.Playing position=35.1s advancing=True
[13:46:17.175] [Rocket Ranch] PROGRESS state=State.Playing position=36.0s advancing=True
[13:46:17.562] [MGL] PROGRESS state=State.Playing position=36.2s advancing=True
[13:46:17.594] [Sentinel] PROGRESS state=State.Playing position=36.6s advancing=True
[13:46:18.303] [Rover1] PROGRESS state=State.Playing position=36.8s advancing=True
[13:46:18.354] [SCL] PROGRESS state=State.Playing position=37.1s advancing=True
[13:46:18.442] [SBL] PROGRESS state=State.Playing position=36.8s advancing=True
[13:46:19.308] [Rover1] PROGRESS state=State.Playing position=37.8s advancing=True
[13:46:19.361] [SCL] PROGRESS state=State.Playing position=38.1s advancing=True
[13:46:19.449] [SBL] PROGRESS state=State.Playing position=37.8s advancing=True
[13:46:19.574] [MGL] PROGRESS state=State.Playing position=38.2s advancing=True
[13:46:19.608] [Sentinel] PROGRESS state=State.Playing position=38.6s advancing=True
[13:46:19.694] [Rocket Ranch] PROGRESS state=State.Playing position=38.0s advancing=True
[13:46:20.315] [Rover1] PROGRESS state=State.Playing position=38.8s advancing=True
[13:46:20.369] [SCL] PROGRESS state=State.Playing position=39.1s advancing=True
[13:46:20.614] [Sentinel] PROGRESS state=State.Playing position=39.6s advancing=True
[13:46:21.321] [Rover1] PROGRESS state=State.Playing position=39.8s advancing=True
[13:46:21.375] [SCL] PROGRESS state=State.Playing position=40.1s advancing=True
[13:46:21.460] [SBL] PROGRESS state=State.Playing position=39.8s advancing=True
[13:46:21.586] [MGL] PROGRESS state=State.Playing position=40.2s advancing=True
[13:46:21.621] [Sentinel] PROGRESS state=State.Playing position=40.6s advancing=True
[13:46:21.705] [Rocket Ranch] PROGRESS state=State.Playing position=40.0s advancing=True
[13:46:22.381] [SCL] PROGRESS state=State.Playing position=41.1s advancing=True
[13:46:23.213] [Rocket Ranch] PROGRESS state=State.Playing position=42.0s advancing=True
[13:46:23.389] [SCL] PROGRESS state=State.Playing position=42.1s advancing=True
[13:46:23.474] [SBL] PROGRESS state=State.Playing position=41.8s advancing=True
[13:46:23.598] [MGL] PROGRESS state=State.Playing position=42.2s advancing=True
[13:46:23.631] [Sentinel] PROGRESS state=State.Playing position=42.6s advancing=True
[13:46:24.103] [MGL] PROGRESS state=State.Playing position=43.2s advancing=True
[13:46:24.341] [Rover1] PROGRESS state=State.Playing position=42.8s advancing=True
[13:46:24.480] [SBL] PROGRESS state=State.Playing position=42.8s advancing=True
[13:46:25.228] [Rocket Ranch] PROGRESS state=State.Playing position=44.0s advancing=True
[13:46:25.347] [Rover1] PROGRESS state=State.Playing position=43.8s advancing=True
[13:46:25.611] [MGL] PROGRESS state=State.Playing position=44.2s advancing=True
[13:46:26.375] [Rover1] PROGRESS state=State.Playing position=44.8s advancing=True
[13:46:26.407] [SCL] PROGRESS state=State.Playing position=45.1s advancing=True
[13:46:26.492] [SBL] PROGRESS state=State.Playing position=44.8s advancing=True
[13:46:27.153] [Sentinel] PROGRESS state=State.Playing position=46.6s advancing=True
[13:46:27.244] [Rocket Ranch] PROGRESS state=State.Playing position=46.0s advancing=True
[13:46:27.381] [Rover1] PROGRESS state=State.Playing position=45.8s advancing=True
[13:46:27.413] [SCL] PROGRESS state=State.Playing position=46.1s advancing=True
[13:46:27.498] [SBL] PROGRESS state=State.Playing position=45.8s advancing=True
[13:46:27.626] [MGL] PROGRESS state=State.Playing position=46.2s advancing=True
[13:46:28.253] [Rocket Ranch] PROGRESS state=State.Playing position=47.0s advancing=True
[13:46:28.388] [Rover1] PROGRESS state=State.Playing position=46.8s advancing=True
[13:46:28.507] [SBL] PROGRESS state=State.Playing position=46.8s advancing=True
[13:46:29.135] [MGL] PROGRESS state=State.Playing position=48.2s advancing=True
[13:46:29.394] [Rover1] PROGRESS state=State.Playing position=47.8s advancing=True
[13:46:29.425] [SCL] PROGRESS state=State.Playing position=48.1s advancing=True
[13:46:29.512] [SBL] PROGRESS state=State.Playing position=47.8s advancing=True
[13:46:30.266] [Rocket Ranch] PROGRESS state=State.Playing position=49.0s advancing=True
[13:46:30.433] [SCL] PROGRESS state=State.Playing position=49.1s advancing=True
[13:46:31.178] [Sentinel] PROGRESS state=State.Playing position=50.6s advancing=True
[13:46:31.406] [Rover1] PROGRESS state=State.Playing position=49.8s advancing=True
[13:46:31.439] [SCL] PROGRESS state=State.Playing position=50.1s advancing=True
[13:46:31.525] [SBL] PROGRESS state=State.Playing position=49.8s advancing=True
[13:46:32.152] [MGL] PROGRESS state=State.Playing position=51.2s advancing=True
[13:46:32.277] [Rocket Ranch] PROGRESS state=State.Playing position=51.0s advancing=True
[13:46:32.412] [Rover1] PROGRESS state=State.Playing position=50.8s advancing=True
[13:46:32.531] [SBL] PROGRESS state=State.Playing position=50.8s advancing=True
[13:46:33.158] [MGL] PROGRESS state=State.Playing position=52.2s advancing=True
[13:46:33.451] [SCL] PROGRESS state=State.Playing position=52.1s advancing=True
[13:46:33.537] [SBL] PROGRESS state=State.Playing position=51.8s advancing=True
[13:46:33.699] [Sentinel] PROGRESS state=State.Playing position=52.6s advancing=True
[13:46:34.040] [SBL] PROGRESS state=State.Playing position=52.8s advancing=True
[13:46:34.292] [Rocket Ranch] PROGRESS state=State.Playing position=53.0s advancing=True
[13:46:34.423] [Rover1] PROGRESS state=State.Playing position=52.8s advancing=True
[13:46:34.457] [SCL] PROGRESS state=State.Playing position=53.1s advancing=True
[13:46:35.208] [Sentinel] PROGRESS state=State.Playing position=54.6s advancing=True
[13:46:35.428] [Rover1] PROGRESS state=State.Playing position=53.8s advancing=True
[13:46:35.548] [SBL] PROGRESS state=State.Playing position=53.8s advancing=True
[13:46:35.676] [MGL] PROGRESS state=State.Playing position=54.2s advancing=True
[13:46:36.213] [Sentinel] PROGRESS state=State.Playing position=55.6s advancing=True
[13:46:36.304] [Rocket Ranch] PROGRESS state=State.Playing position=55.0s advancing=True
[13:46:36.555] [SBL] PROGRESS state=State.Playing position=54.8s advancing=True
[13:46:37.442] [Rover1] PROGRESS state=State.Playing position=55.8s advancing=True
[13:46:37.472] [SCL] PROGRESS state=State.Playing position=56.1s advancing=True
[13:46:37.723] [Sentinel] PROGRESS state=State.Playing position=56.6s advancing=True
[13:46:38.063] [SBL] PROGRESS state=State.Playing position=56.8s advancing=True
[13:46:38.193] [MGL] PROGRESS state=State.Playing position=57.2s advancing=True
[13:46:38.316] [Rocket Ranch] PROGRESS state=State.Playing position=57.0s advancing=True
[13:46:38.448] [Rover1] PROGRESS state=State.Playing position=56.8s advancing=True
[13:46:38.478] [SCL] PROGRESS state=State.Playing position=57.1s advancing=True
[13:46:39.232] [Sentinel] PROGRESS state=State.Playing position=58.6s advancing=True
[13:46:39.455] [Rover1] PROGRESS state=State.Playing position=57.8s advancing=True
[13:46:39.573] [SBL] PROGRESS state=State.Playing position=57.8s advancing=True
[13:46:40.239] [Sentinel] PROGRESS state=State.Playing position=59.6s advancing=True
[13:46:40.327] [Rocket Ranch] PROGRESS state=State.Playing position=59.0s advancing=True
[13:46:40.489] [SCL] PROGRESS state=State.Playing position=59.1s advancing=True
[13:46:40.578] [SBL] PROGRESS state=State.Playing position=58.8s advancing=True
[13:46:41.465] [Rover1] PROGRESS state=State.Playing position=59.8s advancing=True
[13:46:41.495] [SCL] PROGRESS state=State.Playing position=60.1s advancing=True
[13:46:42.089] [SBL] PROGRESS state=State.Playing position=60.8s advancing=True
[13:46:42.218] [MGL] PROGRESS state=State.Playing position=61.2s advancing=True
[13:46:42.253] [Sentinel] PROGRESS state=State.Playing position=61.6s advancing=True
[13:46:42.361] [Rocket Ranch] PROGRESS state=State.Playing position=61.0s advancing=True
[13:46:42.472] [Rover1] PROGRESS state=State.Playing position=60.8s advancing=True
[13:46:42.501] [SCL] PROGRESS state=State.Playing position=61.1s advancing=True
[13:46:43.096] [SBL] PROGRESS state=State.Playing position=61.8s advancing=True
[13:46:43.367] [Rocket Ranch] PROGRESS state=State.Playing position=62.0s advancing=True
[13:46:43.478] [Rover1] PROGRESS state=State.Playing position=61.8s advancing=True
[13:46:43.507] [SCL] PROGRESS state=State.Playing position=62.1s advancing=True
[13:46:44.231] [MGL] PROGRESS state=State.Playing position=63.2s advancing=True
[13:46:44.267] [Sentinel] PROGRESS state=State.Playing position=63.6s advancing=True
[13:46:44.513] [SCL] PROGRESS state=State.Playing position=63.1s advancing=True
[13:46:44.605] [SBL] PROGRESS state=State.Playing position=62.8s advancing=True
[13:46:45.239] [MGL] PROGRESS state=State.Playing position=64.2s advancing=True
[13:46:45.379] [Rocket Ranch] PROGRESS state=State.Playing position=64.0s advancing=True
[13:46:45.489] [Rover1] PROGRESS state=State.Playing position=63.8s advancing=True
[13:46:45.519] [SCL] PROGRESS state=State.Playing position=64.1s advancing=True
[13:46:45.610] [SBL] PROGRESS state=State.Playing position=63.8s advancing=True
[13:46:46.247] [MGL] PROGRESS state=State.Playing position=65.2s advancing=True
[13:46:46.279] [Sentinel] PROGRESS state=State.Playing position=65.6s advancing=True
[13:46:46.525] [SCL] PROGRESS state=State.Playing position=65.1s advancing=True
[13:46:47.286] [Sentinel] PROGRESS state=State.Playing position=66.6s advancing=True
[13:46:47.391] [Rocket Ranch] PROGRESS state=State.Playing position=66.0s advancing=True
[13:46:47.501] [Rover1] PROGRESS state=State.Playing position=65.8s advancing=True
[13:46:47.530] [SCL] PROGRESS state=State.Playing position=66.1s advancing=True
[13:46:48.291] [Sentinel] PROGRESS state=State.Playing position=67.6s advancing=True
[13:46:48.507] [Rover1] PROGRESS state=State.Playing position=66.8s advancing=True
[13:46:48.626] [SBL] PROGRESS state=State.Playing position=66.8s advancing=True
[13:46:49.403] [Rocket Ranch] PROGRESS state=State.Playing position=68.0s advancing=True
[13:46:49.512] [Rover1] PROGRESS state=State.Playing position=67.8s advancing=True
[13:46:49.541] [SCL] PROGRESS state=State.Playing position=68.1s advancing=True
[13:46:49.632] [SBL] PROGRESS state=State.Playing position=67.8s advancing=True
[13:46:50.138] [SBL] PROGRESS state=State.Playing position=68.8s advancing=True
[13:46:50.272] [MGL] PROGRESS state=State.Playing position=69.2s advancing=True
[13:46:50.519] [Rover1] PROGRESS state=State.Playing position=68.8s advancing=True
[13:46:50.547] [SCL] PROGRESS state=State.Playing position=69.1s advancing=True
[13:46:51.051] [SCL] PROGRESS state=State.Playing position=70.1s advancing=True
[13:46:51.143] [SBL] PROGRESS state=State.Playing position=69.8s advancing=True
[13:46:51.415] [Rocket Ranch] PROGRESS state=State.Playing position=70.0s advancing=True
[13:46:51.525] [Rover1] PROGRESS state=State.Playing position=69.8s advancing=True
[13:46:52.151] [SBL] PROGRESS state=State.Playing position=70.8s advancing=True
[13:46:52.312] [Sentinel] PROGRESS state=State.Playing position=71.6s advancing=True
[13:46:52.560] [SCL] PROGRESS state=State.Playing position=71.1s advancing=True
[13:46:53.427] [Rocket Ranch] PROGRESS state=State.Playing position=72.0s advancing=True
[13:46:53.565] [SCL] PROGRESS state=State.Playing position=72.1s advancing=True
[13:46:54.163] [SBL] PROGRESS state=State.Playing position=72.8s advancing=True
[13:46:54.295] [MGL] PROGRESS state=State.Playing position=73.2s advancing=True
[13:46:54.329] [Sentinel] PROGRESS state=State.Playing position=73.6s advancing=True
[13:46:54.573] [SCL] PROGRESS state=State.Playing position=73.1s advancing=True
[13:46:55.077] [SCL] PROGRESS state=State.Playing position=74.1s advancing=True
[13:46:55.438] [Rocket Ranch] PROGRESS state=State.Playing position=74.0s advancing=True
[13:46:55.547] [Rover1] PROGRESS state=State.Playing position=73.8s advancing=True
[13:46:56.177] [SBL] PROGRESS state=State.Playing position=74.8s advancing=True
[13:46:56.340] [Sentinel] PROGRESS state=State.Playing position=75.6s advancing=True
[13:46:56.553] [Rover1] PROGRESS state=State.Playing position=74.8s advancing=True
[13:46:57.313] [MGL] PROGRESS state=State.Playing position=76.2s advancing=True
[13:46:57.345] [Sentinel] PROGRESS state=State.Playing position=76.6s advancing=True
[13:46:57.448] [Rocket Ranch] PROGRESS state=State.Playing position=76.0s advancing=True
[13:46:57.591] [SCL] PROGRESS state=State.Playing position=76.1s advancing=True
[13:46:57.688] [SBL] PROGRESS state=State.Playing position=75.8s advancing=True
[13:46:58.322] [MGL] PROGRESS state=State.Playing position=77.2s advancing=True
[13:46:58.352] [Sentinel] PROGRESS state=State.Playing position=77.6s advancing=True
[13:46:58.596] [SCL] PROGRESS state=State.Playing position=77.1s advancing=True
[13:46:59.102] [SCL] PROGRESS state=State.Playing position=78.1s advancing=True
[13:46:59.461] [Rocket Ranch] PROGRESS state=State.Playing position=78.0s advancing=True
[13:46:59.571] [Rover1] PROGRESS state=State.Playing position=77.8s advancing=True
[13:47:00.205] [SBL] PROGRESS state=State.Playing position=78.8s advancing=True
[13:47:00.333] [MGL] PROGRESS state=State.Playing position=79.2s advancing=True
[13:47:00.362] [Sentinel] PROGRESS state=State.Playing position=79.6s advancing=True
[13:47:00.468] [Rocket Ranch] PROGRESS state=State.Playing position=79.0s advancing=True
[13:47:00.576] [Rover1] PROGRESS state=State.Playing position=78.8s advancing=True
[13:47:01.211] [SBL] PROGRESS state=State.Playing position=79.8s advancing=True
[13:47:01.341] [MGL] PROGRESS state=State.Playing position=80.2s advancing=True
[13:47:01.584] [Rover1] PROGRESS state=State.Playing position=79.8s advancing=True
[13:47:01.618] [SCL] PROGRESS state=State.Playing position=80.1s advancing=True
[13:47:02.086] [Rover1] PROGRESS state=State.Playing position=80.8s advancing=True
[13:47:02.218] [SBL] PROGRESS state=State.Playing position=80.8s advancing=True
[13:47:02.347] [MGL] PROGRESS state=State.Playing position=81.2s advancing=True
[13:47:02.378] [Sentinel] PROGRESS state=State.Playing position=81.6s advancing=True
[13:47:02.479] [Rocket Ranch] PROGRESS state=State.Playing position=81.0s advancing=True
[13:47:02.624] [SCL] PROGRESS state=State.Playing position=81.1s advancing=True
[13:47:03.127] [SCL] PROGRESS state=State.Playing position=82.1s advancing=True
[13:47:03.225] [SBL] PROGRESS state=State.Playing position=81.8s advancing=True
[13:47:03.385] [Sentinel] PROGRESS state=State.Playing position=82.6s advancing=True
[13:47:03.594] [Rover1] PROGRESS state=State.Playing position=81.8s advancing=True
[13:47:04.134] [SCL] PROGRESS state=State.Playing position=83.1s advancing=True
[13:47:04.360] [MGL] PROGRESS state=State.Playing position=83.2s advancing=True
[13:47:04.392] [Sentinel] PROGRESS state=State.Playing position=83.6s advancing=True
[13:47:04.491] [Rocket Ranch] PROGRESS state=State.Playing position=83.0s advancing=True
[13:47:05.237] [SBL] PROGRESS state=State.Playing position=83.8s advancing=True
[13:47:05.366] [MGL] PROGRESS state=State.Playing position=84.2s advancing=True
[13:47:05.606] [Rover1] PROGRESS state=State.Playing position=83.8s advancing=True
[13:47:05.643] [SCL] PROGRESS state=State.Playing position=84.1s advancing=True
[13:47:06.243] [SBL] PROGRESS state=State.Playing position=84.8s advancing=True
[13:47:06.373] [MGL] PROGRESS state=State.Playing position=85.2s advancing=True
[13:47:06.503] [Rocket Ranch] PROGRESS state=State.Playing position=85.0s advancing=True
[13:47:06.651] [SCL] PROGRESS state=State.Playing position=85.1s advancing=True
[13:47:07.154] [SCL] PROGRESS state=State.Playing position=86.1s advancing=True
[13:47:07.252] [SBL] PROGRESS state=State.Playing position=85.8s advancing=True
[13:47:07.409] [Sentinel] PROGRESS state=State.Playing position=86.6s advancing=True
[13:47:08.161] [SCL] PROGRESS state=State.Playing position=87.1s advancing=True
[13:47:08.384] [MGL] PROGRESS state=State.Playing position=87.2s advancing=True
[13:47:08.414] [Sentinel] PROGRESS state=State.Playing position=87.6s advancing=True
[13:47:08.513] [Rocket Ranch] PROGRESS state=State.Playing position=87.0s advancing=True
[13:47:09.264] [SBL] PROGRESS state=State.Playing position=87.8s advancing=True
[13:47:09.390] [MGL] PROGRESS state=State.Playing position=88.2s advancing=True
[13:47:09.670] [SCL] PROGRESS state=State.Playing position=88.1s advancing=True
[13:47:10.271] [SBL] PROGRESS state=State.Playing position=88.8s advancing=True
[13:47:10.395] [MGL] PROGRESS state=State.Playing position=89.2s advancing=True
[13:47:10.426] [Sentinel] PROGRESS state=State.Playing position=89.6s advancing=True
[13:47:10.525] [Rocket Ranch] PROGRESS state=State.Playing position=89.0s advancing=True
[13:47:10.675] [SCL] PROGRESS state=State.Playing position=89.1s advancing=True
[13:47:11.136] [Rover1] PROGRESS state=State.Playing position=89.8s advancing=True
[13:47:11.178] [SCL] PROGRESS state=State.Playing position=90.1s advancing=True
[13:47:11.277] [SBL] PROGRESS state=State.Playing position=89.8s advancing=True
[13:47:11.431] [Sentinel] PROGRESS state=State.Playing position=90.6s advancing=True
[13:47:12.186] [SCL] PROGRESS state=State.Playing position=91.1s advancing=True
[13:47:12.284] [SBL] PROGRESS state=State.Playing position=90.8s advancing=True
[13:47:12.407] [MGL] PROGRESS state=State.Playing position=91.2s advancing=True
[13:47:12.437] [Sentinel] PROGRESS state=State.Playing position=91.6s advancing=True
[13:47:12.535] [Rocket Ranch] PROGRESS state=State.Playing position=91.0s advancing=True
[13:47:13.193] [SCL] PROGRESS state=State.Playing position=92.1s advancing=True
[13:47:13.290] [SBL] PROGRESS state=State.Playing position=91.8s advancing=True
[13:47:13.414] [MGL] PROGRESS state=State.Playing position=92.2s advancing=True
[13:47:13.541] [Rocket Ranch] PROGRESS state=State.Playing position=92.0s advancing=True
[13:47:14.157] [Rover1] PROGRESS state=State.Playing position=92.8s advancing=True
[13:47:14.422] [MGL] PROGRESS state=State.Playing position=93.2s advancing=True
[13:47:14.449] [Sentinel] PROGRESS state=State.Playing position=93.6s advancing=True
[13:47:14.709] [SCL] PROGRESS state=State.Playing position=93.1s advancing=True
[13:47:15.213] [SCL] PROGRESS state=State.Playing position=94.1s advancing=True
[13:47:15.308] [SBL] PROGRESS state=State.Playing position=93.8s advancing=True
[13:47:15.457] [Sentinel] PROGRESS state=State.Playing position=94.6s advancing=True
[13:47:15.557] [Rocket Ranch] PROGRESS state=State.Playing position=94.0s advancing=True
[13:47:16.173] [Rover1] PROGRESS state=State.Playing position=94.8s advancing=True
[13:47:16.223] [SCL] PROGRESS state=State.Playing position=95.1s advancing=True
[13:47:16.318] [SBL] PROGRESS state=State.Playing position=94.8s advancing=True
[13:47:16.439] [MGL] PROGRESS state=State.Playing position=95.2s advancing=True
[13:47:17.324] [SBL] PROGRESS state=State.Playing position=95.8s advancing=True
[13:47:17.444] [MGL] PROGRESS state=State.Playing position=96.2s advancing=True
[13:47:17.569] [Rocket Ranch] PROGRESS state=State.Playing position=96.0s advancing=True
[13:47:17.682] [Rover1] PROGRESS state=State.Playing position=95.8s advancing=True
[13:47:18.452] [MGL] PROGRESS state=State.Playing position=97.2s advancing=True
[13:47:18.475] [Sentinel] PROGRESS state=State.Playing position=97.6s advancing=True
[13:47:18.741] [SCL] PROGRESS state=State.Playing position=97.1s advancing=True
[13:47:19.338] [SBL] PROGRESS state=State.Playing position=97.8s advancing=True
[13:47:19.480] [Sentinel] PROGRESS state=State.Playing position=98.6s advancing=True
[13:47:19.580] [Rocket Ranch] PROGRESS state=State.Playing position=98.0s advancing=True
[13:47:20.195] [Rover1] PROGRESS state=State.Playing position=98.8s advancing=True
[13:47:20.251] [SCL] PROGRESS state=State.Playing position=99.1s advancing=True
[13:47:20.344] [SBL] PROGRESS state=State.Playing position=98.8s advancing=True
[13:47:20.463] [MGL] PROGRESS state=State.Playing position=99.2s advancing=True
[13:47:21.257] [SCL] PROGRESS state=State.Playing position=100.1s advancing=True
[13:47:21.470] [MGL] PROGRESS state=State.Playing position=100.2s advancing=True
[13:47:21.593] [Rocket Ranch] PROGRESS state=State.Playing position=100.0s advancing=True
[13:47:21.709] [Rover1] PROGRESS state=State.Playing position=99.8s advancing=True
[13:47:22.263] [SCL] PROGRESS state=State.Playing position=101.1s advancing=True
[13:47:22.356] [SBL] PROGRESS state=State.Playing position=100.8s advancing=True
[13:47:23.102] [Rocket Ranch] PROGRESS state=State.Playing position=102.0s advancing=True
[13:47:23.219] [Rover1] PROGRESS state=State.Playing position=101.8s advancing=True
[13:47:23.270] [SCL] PROGRESS state=State.Playing position=102.1s advancing=True
[13:47:23.362] [SBL] PROGRESS state=State.Playing position=101.8s advancing=True
[13:47:23.505] [Sentinel] PROGRESS state=State.Playing position=102.6s advancing=True
[13:47:24.225] [Rover1] PROGRESS state=State.Playing position=102.8s advancing=True
[13:47:24.278] [SCL] PROGRESS state=State.Playing position=103.1s advancing=True
[13:47:24.369] [SBL] PROGRESS state=State.Playing position=102.8s advancing=True
[13:47:24.488] [MGL] PROGRESS state=State.Playing position=103.2s advancing=True
[13:47:25.112] [Rocket Ranch] PROGRESS state=State.Playing position=104.0s advancing=True
[13:47:25.375] [SBL] PROGRESS state=State.Playing position=103.8s advancing=True
[13:47:25.493] [MGL] PROGRESS state=State.Playing position=104.2s advancing=True
[13:47:25.737] [Rover1] PROGRESS state=State.Playing position=103.8s advancing=True
[13:47:26.292] [SCL] PROGRESS state=State.Playing position=105.1s advancing=True
[13:47:26.381] [SBL] PROGRESS state=State.Playing position=104.8s advancing=True
[13:47:27.298] [SCL] PROGRESS state=State.Playing position=106.1s advancing=True
[13:47:27.389] [SBL] PROGRESS state=State.Playing position=105.8s advancing=True
[13:47:27.505] [MGL] PROGRESS state=State.Playing position=106.2s advancing=True
[13:47:27.527] [Sentinel] PROGRESS state=State.Playing position=106.6s advancing=True
[13:47:27.628] [Rocket Ranch] PROGRESS state=State.Playing position=106.0s advancing=True
[13:47:28.132] [Rocket Ranch] PROGRESS state=State.Playing position=107.0s advancing=True
[13:47:28.255] [Rover1] PROGRESS state=State.Playing position=106.8s advancing=True
[13:47:28.305] [SCL] PROGRESS state=State.Playing position=107.1s advancing=True
[13:47:28.395] [SBL] PROGRESS state=State.Playing position=106.8s advancing=True
[13:47:28.511] [MGL] PROGRESS state=State.Playing position=107.2s advancing=True
[13:47:29.403] [SBL] PROGRESS state=State.Playing position=107.8s advancing=True
[13:47:29.518] [MGL] PROGRESS state=State.Playing position=108.2s advancing=True
[13:47:29.541] [Sentinel] PROGRESS state=State.Playing position=108.6s advancing=True
[13:47:30.144] [Rocket Ranch] PROGRESS state=State.Playing position=109.0s advancing=True
[13:47:30.319] [SCL] PROGRESS state=State.Playing position=109.1s advancing=True
[13:47:30.547] [Sentinel] PROGRESS state=State.Playing position=109.6s advancing=True
[13:47:31.531] [MGL] PROGRESS state=State.Playing position=110.2s advancing=True
[13:47:31.556] [Sentinel] PROGRESS state=State.Playing position=110.6s advancing=True
[13:47:32.285] [Rover1] PROGRESS state=State.Playing position=110.8s advancing=True
[13:47:32.424] [SBL] PROGRESS state=State.Playing position=110.8s advancing=True
[13:47:32.541] [MGL] PROGRESS state=State.Playing position=111.2s advancing=True
[13:47:32.563] [Sentinel] PROGRESS state=State.Playing position=111.6s advancing=True
[13:47:32.663] [Rocket Ranch] PROGRESS state=State.Playing position=111.0s advancing=True
[13:47:33.291] [Rover1] PROGRESS state=State.Playing position=111.8s advancing=True
[13:47:33.367] [SCL] PROGRESS state=State.Playing position=112.1s advancing=True
[13:47:33.429] [SBL] PROGRESS state=State.Playing position=111.8s advancing=True
[13:47:33.548] [MGL] PROGRESS state=State.Playing position=112.2s advancing=True
[13:47:33.569] [Sentinel] PROGRESS state=State.Playing position=112.6s advancing=True
[13:47:34.074] [Sentinel] PROGRESS state=State.Playing position=113.6s advancing=True
[13:47:34.373] [SCL] PROGRESS state=State.Playing position=113.1s advancing=True
[13:47:34.437] [SBL] PROGRESS state=State.Playing position=112.8s advancing=True
[13:47:34.555] [MGL] PROGRESS state=State.Playing position=113.2s advancing=True
[13:47:34.676] [Rocket Ranch] PROGRESS state=State.Playing position=113.0s advancing=True
[13:47:35.379] [SCL] PROGRESS state=State.Playing position=114.1s advancing=True
[13:47:35.442] [SBL] PROGRESS state=State.Playing position=113.8s advancing=True
[13:47:35.560] [MGL] PROGRESS state=State.Playing position=114.2s advancing=True
[13:47:35.581] [Sentinel] PROGRESS state=State.Playing position=114.6s advancing=True
[13:47:36.063] [MGL] PROGRESS state=State.Playing position=115.2s advancing=True
[13:47:36.186] [Rocket Ranch] PROGRESS state=State.Playing position=115.0s advancing=True
[13:47:36.309] [Rover1] PROGRESS state=State.Playing position=114.8s advancing=True
[13:47:36.386] [SCL] PROGRESS state=State.Playing position=115.1s advancing=True
[13:47:36.449] [SBL] PROGRESS state=State.Playing position=114.8s advancing=True
[13:47:37.392] [SCL] PROGRESS state=State.Playing position=116.1s advancing=True
[13:47:37.455] [SBL] PROGRESS state=State.Playing position=115.8s advancing=True
[13:47:37.572] [MGL] PROGRESS state=State.Playing position=116.2s advancing=True
[13:47:37.593] [Sentinel] PROGRESS state=State.Playing position=116.6s advancing=True
[13:47:38.201] [Rocket Ranch] PROGRESS state=State.Playing position=117.0s advancing=True
[13:47:38.322] [Rover1] PROGRESS state=State.Playing position=116.8s advancing=True
[13:47:38.397] [SCL] PROGRESS state=State.Playing position=117.1s advancing=True
[13:47:38.460] [SBL] PROGRESS state=State.Playing position=116.8s advancing=True
[13:47:39.405] [SCL] PROGRESS state=State.Playing position=118.1s advancing=True
[13:47:39.467] [SBL] PROGRESS state=State.Playing position=117.8s advancing=True
[13:47:39.586] [MGL] PROGRESS state=State.Playing position=118.2s advancing=True
[13:47:39.607] [Sentinel] PROGRESS state=State.Playing position=118.6s advancing=True
[13:47:40.219] [Rocket Ranch] PROGRESS state=State.Playing position=119.0s advancing=True
[13:47:40.340] [Rover1] PROGRESS state=State.Playing position=118.8s advancing=True
[13:47:40.473] [SBL] PROGRESS state=State.Playing position=118.8s advancing=True
[13:47:41.419] [SCL] PROGRESS state=State.Playing position=120.1s advancing=True
[13:47:41.599] [MGL] PROGRESS state=State.Playing position=120.2s advancing=True
[13:47:41.619] [Sentinel] PROGRESS state=State.Playing position=120.6s advancing=True
[13:47:42.231] [Rocket Ranch] PROGRESS state=State.Playing position=121.0s advancing=True
[13:47:42.425] [SCL] PROGRESS state=State.Playing position=121.1s advancing=True
[13:47:42.487] [SBL] PROGRESS state=State.Playing position=120.8s advancing=True
[13:47:43.241] [Rocket Ranch] PROGRESS state=State.Playing position=122.0s advancing=True
[13:47:43.359] [Rover1] PROGRESS state=State.Playing position=121.8s advancing=True
[13:47:43.431] [SCL] PROGRESS state=State.Playing position=122.1s advancing=True
[13:47:43.493] [SBL] PROGRESS state=State.Playing position=121.8s advancing=True
[13:47:43.610] [MGL] PROGRESS state=State.Playing position=122.2s advancing=True
[13:47:43.632] [Sentinel] PROGRESS state=State.Playing position=122.6s advancing=True
[13:47:44.370] [Rover1] PROGRESS state=State.Playing position=122.8s advancing=True
[13:47:44.501] [SBL] PROGRESS state=State.Playing position=122.8s advancing=True
[13:47:45.123] [MGL] PROGRESS state=State.Playing position=124.2s advancing=True
[13:47:45.256] [Rocket Ranch] PROGRESS state=State.Playing position=124.0s advancing=True
[13:47:45.377] [Rover1] PROGRESS state=State.Playing position=123.8s advancing=True
[13:47:45.446] [SCL] PROGRESS state=State.Playing position=124.1s advancing=True
[13:47:45.509] [SBL] PROGRESS state=State.Playing position=123.8s advancing=True
[13:47:46.012] [SBL] PROGRESS state=State.Playing position=124.8s advancing=True
[13:47:46.385] [Rover1] PROGRESS state=State.Playing position=124.8s advancing=True
[13:47:46.455] [SCL] PROGRESS state=State.Playing position=125.1s advancing=True
[13:47:47.272] [Rocket Ranch] PROGRESS state=State.Playing position=126.0s advancing=True
[13:47:47.392] [Rover1] PROGRESS state=State.Playing position=125.8s advancing=True
[13:47:47.524] [SBL] PROGRESS state=State.Playing position=125.8s advancing=True
[13:47:47.640] [MGL] PROGRESS state=State.Playing position=126.2s advancing=True
[13:47:48.399] [Rover1] PROGRESS state=State.Playing position=126.8s advancing=True
[13:47:48.530] [SBL] PROGRESS state=State.Playing position=126.8s advancing=True
[13:47:49.152] [MGL] PROGRESS state=State.Playing position=128.2s advancing=True
[13:47:49.291] [Rocket Ranch] PROGRESS state=State.Playing position=128.0s advancing=True
[13:47:49.477] [SCL] PROGRESS state=State.Playing position=128.1s advancing=True
[13:47:49.542] [SBL] PROGRESS state=State.Playing position=127.8s advancing=True
[13:47:50.046] [SBL] PROGRESS state=State.Playing position=128.8s advancing=True
[13:47:50.415] [Rover1] PROGRESS state=State.Playing position=128.8s advancing=True
[13:47:50.486] [SCL] PROGRESS state=State.Playing position=129.1s advancing=True
[13:47:51.305] [Rocket Ranch] PROGRESS state=State.Playing position=130.0s advancing=True
[13:47:51.422] [Rover1] PROGRESS state=State.Playing position=129.8s advancing=True
[13:47:51.557] [SBL] PROGRESS state=State.Playing position=129.8s advancing=True
[13:47:52.197] [Sentinel] PROGRESS state=State.Playing position=131.6s advancing=True
[13:47:52.428] [Rover1] PROGRESS state=State.Playing position=130.8s advancing=True
[13:47:52.562] [SBL] PROGRESS state=State.Playing position=130.8s advancing=True
[13:47:53.177] [MGL] PROGRESS state=State.Playing position=132.2s advancing=True
[13:47:53.318] [Rocket Ranch] PROGRESS state=State.Playing position=132.0s advancing=True
[13:47:53.435] [Rover1] PROGRESS state=State.Playing position=131.8s advancing=True
[13:47:53.503] [SCL] PROGRESS state=State.Playing position=132.1s advancing=True
[13:47:53.570] [SBL] PROGRESS state=State.Playing position=131.8s advancing=True
[13:47:54.441] [Rover1] PROGRESS state=State.Playing position=132.8s advancing=True
[13:47:54.509] [SCL] PROGRESS state=State.Playing position=133.1s advancing=True
[13:47:55.079] [SBL] PROGRESS state=State.Playing position=133.8s advancing=True
[13:47:55.330] [Rocket Ranch] PROGRESS state=State.Playing position=134.0s advancing=True
[13:47:55.446] [Rover1] PROGRESS state=State.Playing position=133.8s advancing=True
[13:47:55.515] [SCL] PROGRESS state=State.Playing position=134.1s advancing=True
[13:47:55.695] [MGL] PROGRESS state=State.Playing position=134.2s advancing=True
[13:47:56.221] [Sentinel] PROGRESS state=State.Playing position=135.6s advancing=True
[13:47:56.521] [SCL] PROGRESS state=State.Playing position=135.1s advancing=True
[13:47:56.589] [SBL] PROGRESS state=State.Playing position=134.8s advancing=True
[13:47:57.205] [MGL] PROGRESS state=State.Playing position=136.2s advancing=True
[13:47:57.343] [Rocket Ranch] PROGRESS state=State.Playing position=136.0s advancing=True
[13:47:57.527] [SCL] PROGRESS state=State.Playing position=136.1s advancing=True
[13:47:57.594] [SBL] PROGRESS state=State.Playing position=135.8s advancing=True
[13:47:57.730] [Sentinel] PROGRESS state=State.Playing position=136.6s advancing=True
[13:47:58.097] [SBL] PROGRESS state=State.Playing position=136.8s advancing=True
[13:47:58.211] [MGL] PROGRESS state=State.Playing position=137.2s advancing=True
[13:47:58.463] [Rover1] PROGRESS state=State.Playing position=136.8s advancing=True
[13:47:58.533] [SCL] PROGRESS state=State.Playing position=137.1s advancing=True
[13:47:59.240] [Sentinel] PROGRESS state=State.Playing position=138.6s advancing=True
[13:47:59.355] [Rocket Ranch] PROGRESS state=State.Playing position=138.0s advancing=True
[13:47:59.472] [Rover1] PROGRESS state=State.Playing position=137.8s advancing=True
[13:47:59.540] [SCL] PROGRESS state=State.Playing position=138.1s advancing=True
[13:47:59.722] [MGL] PROGRESS state=State.Playing position=138.2s advancing=True
[13:48:00.248] [Sentinel] PROGRESS state=State.Playing position=139.6s advancing=True
[13:48:00.361] [Rocket Ranch] PROGRESS state=State.Playing position=139.0s advancing=True
[13:48:00.613] [SBL] PROGRESS state=State.Playing position=138.8s advancing=True
[13:48:01.235] [MGL] PROGRESS state=State.Playing position=140.2s advancing=True
[13:48:01.552] [SCL] PROGRESS state=State.Playing position=140.1s advancing=True
[13:48:01.620] [SBL] PROGRESS state=State.Playing position=139.8s advancing=True
[13:48:02.124] [SBL] PROGRESS state=State.Playing position=140.8s advancing=True
[13:48:02.242] [MGL] PROGRESS state=State.Playing position=141.2s advancing=True
[13:48:02.264] [Sentinel] PROGRESS state=State.Playing position=141.6s advancing=True
[13:48:02.374] [Rocket Ranch] PROGRESS state=State.Playing position=141.0s advancing=True
[13:48:02.557] [SCL] PROGRESS state=State.Playing position=141.1s advancing=True
[13:48:03.060] [SCL] PROGRESS state=State.Playing position=142.1s advancing=True
[13:48:03.271] [Sentinel] PROGRESS state=State.Playing position=142.6s advancing=True
[13:48:03.493] [Rover1] PROGRESS state=State.Playing position=141.8s advancing=True
[13:48:03.753] [MGL] PROGRESS state=State.Playing position=142.2s advancing=True
[13:48:04.276] [Sentinel] PROGRESS state=State.Playing position=143.6s advancing=True
[13:48:04.387] [Rocket Ranch] PROGRESS state=State.Playing position=143.0s advancing=True
[13:48:04.500] [Rover1] PROGRESS state=State.Playing position=142.8s advancing=True
[13:48:04.640] [SBL] PROGRESS state=State.Playing position=142.8s advancing=True
[13:48:05.262] [MGL] PROGRESS state=State.Playing position=144.2s advancing=True
[13:48:05.575] [SCL] PROGRESS state=State.Playing position=144.1s advancing=True
[13:48:05.645] [SBL] PROGRESS state=State.Playing position=143.8s advancing=True
[13:48:06.148] [SBL] PROGRESS state=State.Playing position=144.8s advancing=True
[13:48:06.292] [MGL] PROGRESS state=State.Playing position=145.2s advancing=True
[13:48:06.398] [Rocket Ranch] PROGRESS state=State.Playing position=145.0s advancing=True
[13:48:06.510] [Rover1] PROGRESS state=State.Playing position=144.8s advancing=True
[13:48:06.582] [SCL] PROGRESS state=State.Playing position=145.1s advancing=True
[13:48:07.085] [SCL] PROGRESS state=State.Playing position=146.1s advancing=True
[13:48:07.155] [SBL] PROGRESS state=State.Playing position=145.8s advancing=True
[13:48:07.517] [Rover1] PROGRESS state=State.Playing position=145.8s advancing=True
[13:48:08.162] [SBL] PROGRESS state=State.Playing position=146.8s advancing=True
[13:48:08.307] [Sentinel] PROGRESS state=State.Playing position=147.6s advancing=True
[13:48:08.410] [Rocket Ranch] PROGRESS state=State.Playing position=147.0s advancing=True
[13:48:09.601] [SCL] PROGRESS state=State.Playing position=148.1s advancing=True
[13:48:09.674] [SBL] PROGRESS state=State.Playing position=147.8s advancing=True
[13:48:10.177] [SBL] PROGRESS state=State.Playing position=148.8s advancing=True
[13:48:10.316] [MGL] PROGRESS state=State.Playing position=149.2s advancing=True
[13:48:10.424] [Rocket Ranch] PROGRESS state=State.Playing position=149.0s advancing=True
[13:48:10.534] [Rover1] PROGRESS state=State.Playing position=148.8s advancing=True
[13:48:10.609] [SCL] PROGRESS state=State.Playing position=149.1s advancing=True
[13:48:11.112] [SCL] PROGRESS state=State.Playing position=150.1s advancing=True
[13:48:11.187] [SBL] PROGRESS state=State.Playing position=149.8s advancing=True
[13:48:11.540] [Rover1] PROGRESS state=State.Playing position=149.8s advancing=True
[13:48:12.193] [SBL] PROGRESS state=State.Playing position=150.8s advancing=True
[13:48:12.333] [Sentinel] PROGRESS state=State.Playing position=151.6s advancing=True
[13:48:12.436] [Rocket Ranch] PROGRESS state=State.Playing position=151.0s advancing=True
[13:48:12.546] [Rover1] PROGRESS state=State.Playing position=150.8s advancing=True
[13:48:13.334] [MGL] PROGRESS state=State.Playing position=152.2s advancing=True
[13:48:13.341] [Sentinel] PROGRESS state=State.Playing position=152.6s advancing=True
[13:48:13.443] [Rocket Ranch] PROGRESS state=State.Playing position=152.0s advancing=True
[13:48:13.556] [Rover1] PROGRESS state=State.Playing position=151.8s advancing=True
[13:48:13.627] [SCL] PROGRESS state=State.Playing position=152.1s advancing=True
[13:48:13.708] [SBL] PROGRESS state=State.Playing position=151.8s advancing=True
[13:48:14.061] [Rover1] PROGRESS state=State.Playing position=152.8s advancing=True
[13:48:14.212] [SBL] PROGRESS state=State.Playing position=152.8s advancing=True
[13:48:15.141] [SCL] PROGRESS state=State.Playing position=154.1s advancing=True
[13:48:15.223] [SBL] PROGRESS state=State.Playing position=153.8s advancing=True
[13:48:15.349] [MGL] PROGRESS state=State.Playing position=154.2s advancing=True
[13:48:15.358] [Sentinel] PROGRESS state=State.Playing position=154.6s advancing=True
[13:48:15.457] [Rocket Ranch] PROGRESS state=State.Playing position=154.0s advancing=True
[13:48:15.573] [Rover1] PROGRESS state=State.Playing position=153.8s advancing=True
[13:48:16.148] [SCL] PROGRESS state=State.Playing position=155.1s advancing=True
[13:48:16.235] [SBL] PROGRESS state=State.Playing position=154.8s advancing=True
[13:48:16.366] [Sentinel] PROGRESS state=State.Playing position=155.6s advancing=True
[13:48:16.580] [Rover1] PROGRESS state=State.Playing position=154.8s advancing=True
[13:48:17.243] [SBL] PROGRESS state=State.Playing position=155.8s advancing=True
[13:48:17.365] [MGL] PROGRESS state=State.Playing position=156.2s advancing=True
[13:48:17.472] [Rocket Ranch] PROGRESS state=State.Playing position=156.0s advancing=True
[13:48:17.658] [SCL] PROGRESS state=State.Playing position=156.1s advancing=True
[13:48:18.251] [SBL] PROGRESS state=State.Playing position=156.8s advancing=True
[13:48:18.372] [MGL] PROGRESS state=State.Playing position=157.2s advancing=True
[13:48:18.664] [SCL] PROGRESS state=State.Playing position=157.1s advancing=True
[13:48:19.168] [SCL] PROGRESS state=State.Playing position=158.1s advancing=True
[13:48:19.378] [MGL] PROGRESS state=State.Playing position=158.2s advancing=True
[13:48:19.382] [Sentinel] PROGRESS state=State.Playing position=158.6s advancing=True
[13:48:19.484] [Rocket Ranch] PROGRESS state=State.Playing position=158.0s advancing=True
[13:48:19.599] [Rover1] PROGRESS state=State.Playing position=157.8s advancing=True
[13:48:20.175] [SCL] PROGRESS state=State.Playing position=159.1s advancing=True
[13:48:20.386] [MGL] PROGRESS state=State.Playing position=159.2s advancing=True
[13:48:20.390] [Sentinel] PROGRESS state=State.Playing position=159.6s advancing=True
[13:48:21.275] [SBL] PROGRESS state=State.Playing position=159.8s advancing=True
[13:48:21.393] [MGL] PROGRESS state=State.Playing position=160.2s advancing=True
[13:48:21.396] [Sentinel] PROGRESS state=State.Playing position=160.6s advancing=True
[13:48:21.495] [Rocket Ranch] PROGRESS state=State.Playing position=160.0s advancing=True
[13:48:22.113] [Rover1] PROGRESS state=State.Playing position=160.8s advancing=True
[13:48:22.400] [MGL] PROGRESS state=State.Playing position=161.2s advancing=True
[13:48:22.404] [Sentinel] PROGRESS state=State.Playing position=161.6s advancing=True
[13:48:23.120] [Rover1] PROGRESS state=State.Playing position=161.8s advancing=True
[13:48:23.196] [SCL] PROGRESS state=State.Playing position=162.1s advancing=True
[13:48:23.409] [Sentinel] PROGRESS state=State.Playing position=162.6s advancing=True
[13:48:23.508] [Rocket Ranch] PROGRESS state=State.Playing position=162.0s advancing=True
[13:48:24.292] [SBL] PROGRESS state=State.Playing position=162.8s advancing=True
[13:48:24.411] [MGL] PROGRESS state=State.Playing position=163.2s advancing=True
[13:48:24.415] [Sentinel] PROGRESS state=State.Playing position=163.6s advancing=True
[13:48:24.628] [Rover1] PROGRESS state=State.Playing position=162.8s advancing=True
[13:48:25.297] [SBL] PROGRESS state=State.Playing position=163.8s advancing=True
[13:48:25.418] [MGL] PROGRESS state=State.Playing position=164.2s advancing=True
[13:48:25.521] [Rocket Ranch] PROGRESS state=State.Playing position=164.0s advancing=True
[13:48:25.635] [Rover1] PROGRESS state=State.Playing position=163.8s advancing=True
[13:48:26.305] [SBL] PROGRESS state=State.Playing position=164.8s advancing=True
[13:48:26.428] [Sentinel] PROGRESS state=State.Playing position=165.6s advancing=True
[13:48:26.722] [SCL] PROGRESS state=State.Playing position=165.1s advancing=True
[13:48:27.146] [Rover1] PROGRESS state=State.Playing position=165.8s advancing=True
[13:48:27.226] [SCL] PROGRESS state=State.Playing position=166.1s advancing=True
[13:48:27.311] [SBL] PROGRESS state=State.Playing position=165.8s advancing=True
[13:48:27.437] [Sentinel] PROGRESS state=State.Playing position=166.6s advancing=True
[13:48:27.533] [Rocket Ranch] PROGRESS state=State.Playing position=166.0s advancing=True
[13:48:28.235] [SCL] PROGRESS state=State.Playing position=167.1s advancing=True
[13:48:28.322] [SBL] PROGRESS state=State.Playing position=166.8s advancing=True
[13:48:28.437] [MGL] PROGRESS state=State.Playing position=167.2s advancing=True
[13:48:29.328] [SBL] PROGRESS state=State.Playing position=167.8s advancing=True
[13:48:29.442] [MGL] PROGRESS state=State.Playing position=168.2s advancing=True
[13:48:29.448] [Sentinel] PROGRESS state=State.Playing position=168.6s advancing=True
[13:48:29.544] [Rocket Ranch] PROGRESS state=State.Playing position=168.0s advancing=True
[13:48:29.662] [Rover1] PROGRESS state=State.Playing position=167.8s advancing=True
[13:48:30.249] [SCL] PROGRESS state=State.Playing position=169.1s advancing=True
[13:48:30.336] [SBL] PROGRESS state=State.Playing position=168.8s advancing=True
[13:48:30.449] [MGL] PROGRESS state=State.Playing position=169.2s advancing=True
[13:48:30.455] [Sentinel] PROGRESS state=State.Playing position=169.6s advancing=True
[13:48:30.552] [Rocket Ranch] PROGRESS state=State.Playing position=169.0s advancing=True
[13:48:31.258] [SCL] PROGRESS state=State.Playing position=170.1s advancing=True
[13:48:31.342] [SBL] PROGRESS state=State.Playing position=169.8s advancing=True
[13:48:31.460] [Sentinel] PROGRESS state=State.Playing position=170.6s advancing=True
[13:48:32.177] [Rover1] PROGRESS state=State.Playing position=170.8s advancing=True
[13:48:32.348] [SBL] PROGRESS state=State.Playing position=170.8s advancing=True
[13:48:32.461] [MGL] PROGRESS state=State.Playing position=171.2s advancing=True
[13:48:32.562] [Rocket Ranch] PROGRESS state=State.Playing position=171.0s advancing=True
[13:48:33.273] [SCL] PROGRESS state=State.Playing position=172.1s advancing=True
[13:48:33.354] [SBL] PROGRESS state=State.Playing position=171.8s advancing=True
[13:48:33.467] [MGL] PROGRESS state=State.Playing position=172.2s advancing=True
[13:48:33.473] [Sentinel] PROGRESS state=State.Playing position=172.6s advancing=True
[13:48:33.690] [Rover1] PROGRESS state=State.Playing position=171.8s advancing=True
[13:48:34.279] [SCL] PROGRESS state=State.Playing position=173.1s advancing=True
[13:48:34.575] [Rocket Ranch] PROGRESS state=State.Playing position=173.0s advancing=True
[13:48:35.199] [Rover1] PROGRESS state=State.Playing position=173.8s advancing=True
[13:48:35.286] [SCL] PROGRESS state=State.Playing position=174.1s advancing=True
[13:48:35.367] [SBL] PROGRESS state=State.Playing position=173.8s advancing=True
[13:48:35.486] [Sentinel] PROGRESS state=State.Playing position=174.6s advancing=True
[13:48:36.084] [Rocket Ranch] PROGRESS state=State.Playing position=175.0s advancing=True
[13:48:36.207] [Rover1] PROGRESS state=State.Playing position=174.8s advancing=True
[13:48:36.327] [SCL] PROGRESS state=State.Playing position=175.1s advancing=True
[13:48:36.489] [MGL] PROGRESS state=State.Playing position=175.2s advancing=True
[13:48:37.381] [SBL] PROGRESS state=State.Playing position=175.8s advancing=True
[13:48:37.495] [MGL] PROGRESS state=State.Playing position=176.2s advancing=True
[13:48:37.717] [Rover1] PROGRESS state=State.Playing position=175.8s advancing=True
[13:48:38.095] [Rocket Ranch] PROGRESS state=State.Playing position=177.0s advancing=True
[13:48:38.220] [Rover1] PROGRESS state=State.Playing position=176.8s advancing=True
[13:48:38.340] [SCL] PROGRESS state=State.Playing position=177.1s advancing=True
[13:48:38.390] [SBL] PROGRESS state=State.Playing position=176.8s advancing=True
[13:48:38.505] [Sentinel] PROGRESS state=State.Playing position=177.6s advancing=True
[13:48:39.346] [SCL] PROGRESS state=State.Playing position=178.1s advancing=True
[13:48:39.396] [SBL] PROGRESS state=State.Playing position=177.8s advancing=True
[13:48:39.511] [Sentinel] PROGRESS state=State.Playing position=178.6s advancing=True
[13:48:40.232] [Rover1] PROGRESS state=State.Playing position=178.8s advancing=True
[13:48:40.353] [SCL] PROGRESS state=State.Playing position=179.1s advancing=True
[13:48:40.401] [SBL] PROGRESS state=State.Playing position=178.8s advancing=True
[13:48:40.512] [MGL] PROGRESS state=State.Playing position=179.2s advancing=True
[13:48:40.517] [Sentinel] PROGRESS state=State.Playing position=179.6s advancing=True
[13:48:40.609] [Rocket Ranch] PROGRESS state=State.Playing position=179.0s advancing=True
[13:48:41.408] [SBL] PROGRESS state=State.Playing position=179.8s advancing=True
[13:48:41.520] [MGL] PROGRESS state=State.Playing position=180.2s advancing=True
[13:48:42.246] [Rover1] PROGRESS state=State.Playing position=180.8s advancing=True
[13:48:42.412] [SBL] PROGRESS state=State.Playing position=180.8s advancing=True
[13:48:42.528] [Sentinel] PROGRESS state=State.Playing position=181.6s advancing=True
[13:48:42.624] [Rocket Ranch] PROGRESS state=State.Playing position=181.0s advancing=True
[13:48:43.256] [Rover1] PROGRESS state=State.Playing position=181.8s advancing=True
[13:48:43.370] [SCL] PROGRESS state=State.Playing position=182.1s advancing=True
[13:48:43.531] [MGL] PROGRESS state=State.Playing position=182.2s advancing=True
[13:48:43.536] [Sentinel] PROGRESS state=State.Playing position=182.6s advancing=True
[13:48:44.262] [Rover1] PROGRESS state=State.Playing position=182.8s advancing=True
[13:48:44.425] [SBL] PROGRESS state=State.Playing position=182.8s advancing=True
[13:48:44.538] [MGL] PROGRESS state=State.Playing position=183.2s advancing=True
[13:48:44.637] [Rocket Ranch] PROGRESS state=State.Playing position=182.9s advancing=True
[13:48:45.381] [SCL] PROGRESS state=State.Playing position=184.1s advancing=True
[13:48:45.430] [SBL] PROGRESS state=State.Playing position=183.8s advancing=True
[13:48:45.543] [MGL] PROGRESS state=State.Playing position=184.2s advancing=True
[13:48:45.546] [Sentinel] PROGRESS state=State.Playing position=184.6s advancing=True
[13:48:45.643] [Rocket Ranch] PROGRESS state=State.Playing position=184.0s advancing=True
[13:48:46.388] [SCL] PROGRESS state=State.Playing position=185.1s advancing=True
[13:48:46.437] [SBL] PROGRESS state=State.Playing position=184.8s advancing=True
[13:48:46.550] [MGL] PROGRESS state=State.Playing position=185.2s advancing=True
[13:48:46.553] [Sentinel] PROGRESS state=State.Playing position=185.6s advancing=True
[13:48:47.393] [SCL] PROGRESS state=State.Playing position=186.1s advancing=True
[13:48:47.443] [SBL] PROGRESS state=State.Playing position=185.8s advancing=True
[13:48:47.559] [Sentinel] PROGRESS state=State.Playing position=186.6s advancing=True
[13:48:47.656] [Rocket Ranch] PROGRESS state=State.Playing position=186.0s advancing=True
[13:48:48.058] [MGL] PROGRESS state=State.Playing position=187.2s advancing=True
[13:48:48.287] [Rover1] PROGRESS state=State.Playing position=186.8s advancing=True
[13:48:48.399] [SCL] PROGRESS state=State.Playing position=187.1s advancing=True
[13:48:48.449] [SBL] PROGRESS state=State.Playing position=186.8s advancing=True
[13:48:48.566] [Sentinel] PROGRESS state=State.Playing position=187.6s advancing=True
[13:48:49.456] [SBL] PROGRESS state=State.Playing position=187.8s advancing=True
[13:48:49.571] [MGL] PROGRESS state=State.Playing position=188.2s advancing=True
[13:48:49.574] [Sentinel] PROGRESS state=State.Playing position=188.6s advancing=True
[13:48:49.669] [Rocket Ranch] PROGRESS state=State.Playing position=188.0s advancing=True
[13:48:50.298] [Rover1] PROGRESS state=State.Playing position=188.8s advancing=True
[13:48:50.410] [SCL] PROGRESS state=State.Playing position=189.1s advancing=True
[13:48:51.178] [Rocket Ranch] PROGRESS state=State.Playing position=190.0s advancing=True
[13:48:51.306] [Rover1] PROGRESS state=State.Playing position=189.8s advancing=True
[13:48:51.467] [SBL] PROGRESS state=State.Playing position=189.8s advancing=True
[13:48:51.583] [MGL] PROGRESS state=State.Playing position=190.2s advancing=True
[13:48:51.587] [Sentinel] PROGRESS state=State.Playing position=190.6s advancing=True
[13:48:52.312] [Rover1] PROGRESS state=State.Playing position=190.8s advancing=True
[13:48:52.423] [SCL] PROGRESS state=State.Playing position=191.1s advancing=True
[13:48:52.473] [SBL] PROGRESS state=State.Playing position=190.8s advancing=True
[13:48:53.192] [Rocket Ranch] PROGRESS state=State.Playing position=192.0s advancing=True
[13:48:53.478] [SBL] PROGRESS state=State.Playing position=191.8s advancing=True
[13:48:53.594] [MGL] PROGRESS state=State.Playing position=192.2s advancing=True
[13:48:54.326] [Rover1] PROGRESS state=State.Playing position=192.8s advancing=True
[13:48:54.434] [SCL] PROGRESS state=State.Playing position=193.1s advancing=True
[13:48:54.486] [SBL] PROGRESS state=State.Playing position=192.8s advancing=True
[13:48:55.203] [Rocket Ranch] PROGRESS state=State.Playing position=194.0s advancing=True
[13:48:55.441] [SCL] PROGRESS state=State.Playing position=194.1s advancing=True
[13:48:55.491] [SBL] PROGRESS state=State.Playing position=193.8s advancing=True
[13:48:55.608] [MGL] PROGRESS state=State.Playing position=194.2s advancing=True
[13:48:55.614] [Sentinel] PROGRESS state=State.Playing position=194.6s advancing=True
[13:48:56.340] [Rover1] PROGRESS state=State.Playing position=194.8s advancing=True
[13:48:56.497] [SBL] PROGRESS state=State.Playing position=194.8s advancing=True
[13:48:57.453] [SCL] PROGRESS state=State.Playing position=196.1s advancing=True
[13:48:57.619] [MGL] PROGRESS state=State.Playing position=196.2s advancing=True
[13:48:57.625] [Sentinel] PROGRESS state=State.Playing position=196.6s advancing=True
[13:48:57.722] [Rocket Ranch] PROGRESS state=State.Playing position=196.0s advancing=True
[13:48:58.006] [SBL] PROGRESS state=State.Playing position=196.8s advancing=True
[13:48:58.352] [Rover1] PROGRESS state=State.Playing position=196.8s advancing=True
[13:48:58.459] [SCL] PROGRESS state=State.Playing position=197.1s advancing=True
[13:48:59.135] [Sentinel] PROGRESS state=State.Playing position=198.6s advancing=True
[13:48:59.230] [Rocket Ranch] PROGRESS state=State.Playing position=198.0s advancing=True
[13:48:59.358] [Rover1] PROGRESS state=State.Playing position=197.8s advancing=True
[13:48:59.465] [SCL] PROGRESS state=State.Playing position=198.1s advancing=True
[13:48:59.514] [SBL] PROGRESS state=State.Playing position=197.8s advancing=True
[13:48:59.631] [MGL] PROGRESS state=State.Playing position=198.2s advancing=True
[13:49:00.238] [Rocket Ranch] PROGRESS state=State.Playing position=199.0s advancing=True
[13:49:00.521] [SBL] PROGRESS state=State.Playing position=198.8s advancing=True
[13:49:01.477] [SCL] PROGRESS state=State.Playing position=200.1s advancing=True
[13:49:01.652] [Sentinel] PROGRESS state=State.Playing position=200.6s advancing=True
[13:49:02.029] [SBL] PROGRESS state=State.Playing position=200.8s advancing=True
[13:49:02.485] [SCL] PROGRESS state=State.Playing position=201.1s advancing=True
[13:49:02.651] [MGL] PROGRESS state=State.Playing position=201.2s advancing=True
[13:49:02.756] [Rocket Ranch] PROGRESS state=State.Playing position=201.0s advancing=True
[13:49:03.160] [Sentinel] PROGRESS state=State.Playing position=202.6s advancing=True
[13:49:03.386] [Rover1] PROGRESS state=State.Playing position=201.8s advancing=True
[13:49:03.492] [SCL] PROGRESS state=State.Playing position=202.1s advancing=True
[13:49:03.539] [SBL] PROGRESS state=State.Playing position=201.8s advancing=True
[13:49:03.657] [MGL] PROGRESS state=State.Playing position=202.2s advancing=True
[13:49:04.264] [Rocket Ranch] PROGRESS state=State.Playing position=203.0s advancing=True
[13:49:04.391] [Rover1] PROGRESS state=State.Playing position=202.8s advancing=True
[13:49:04.544] [SBL] PROGRESS state=State.Playing position=202.8s advancing=True
[13:49:05.170] [MGL] PROGRESS state=State.Playing position=204.2s advancing=True
[13:49:05.505] [SCL] PROGRESS state=State.Playing position=204.1s advancing=True
[13:49:05.551] [SBL] PROGRESS state=State.Playing position=203.8s advancing=True
[13:49:05.677] [Sentinel] PROGRESS state=State.Playing position=204.6s advancing=True
[13:49:06.055] [SBL] PROGRESS state=State.Playing position=204.8s advancing=True
[13:49:06.180] [Sentinel] PROGRESS state=State.Playing position=205.6s advancing=True
[13:49:06.276] [Rocket Ranch] PROGRESS state=State.Playing position=205.0s advancing=True
[13:49:06.511] [SCL] PROGRESS state=State.Playing position=205.1s advancing=True
[13:49:07.186] [Sentinel] PROGRESS state=State.Playing position=206.6s advancing=True
[13:49:07.415] [Rover1] PROGRESS state=State.Playing position=205.8s advancing=True
[13:49:07.518] [SCL] PROGRESS state=State.Playing position=206.1s advancing=True
[13:49:07.565] [SBL] PROGRESS state=State.Playing position=205.8s advancing=True
[13:49:07.686] [MGL] PROGRESS state=State.Playing position=206.2s advancing=True
[13:49:08.288] [Rocket Ranch] PROGRESS state=State.Playing position=207.0s advancing=True
[13:49:08.422] [Rover1] PROGRESS state=State.Playing position=206.8s advancing=True
[13:49:08.572] [SBL] PROGRESS state=State.Playing position=206.8s advancing=True
[13:49:08.694] [Sentinel] PROGRESS state=State.Playing position=207.6s advancing=True
[13:49:09.194] [MGL] PROGRESS state=State.Playing position=208.2s advancing=True
[13:49:09.429] [Rover1] PROGRESS state=State.Playing position=207.8s advancing=True
[13:49:09.531] [SCL] PROGRESS state=State.Playing position=208.1s advancing=True
[13:49:09.578] [SBL] PROGRESS state=State.Playing position=207.8s advancing=True
[13:49:09.702] [Sentinel] PROGRESS state=State.Playing position=208.6s advancing=True
[13:49:10.082] [SBL] PROGRESS state=State.Playing position=208.8s advancing=True
[13:49:10.203] [MGL] PROGRESS state=State.Playing position=209.2s advancing=True
[13:49:10.300] [Rocket Ranch] PROGRESS state=State.Playing position=209.0s advancing=True
[13:49:10.540] [SCL] PROGRESS state=State.Playing position=209.1s advancing=True
[13:49:11.213] [Sentinel] PROGRESS state=State.Playing position=210.6s advancing=True
[13:49:11.442] [Rover1] PROGRESS state=State.Playing position=209.8s advancing=True
[13:49:11.713] [MGL] PROGRESS state=State.Playing position=210.2s advancing=True
[13:49:12.227] [Sentinel] PROGRESS state=State.Playing position=211.6s advancing=True
[13:49:12.315] [Rocket Ranch] PROGRESS state=State.Playing position=211.0s advancing=True
[13:49:12.456] [Rover1] PROGRESS state=State.Playing position=210.8s advancing=True
[13:49:12.603] [SBL] PROGRESS state=State.Playing position=210.8s advancing=True
[13:49:13.235] [MGL] PROGRESS state=State.Playing position=212.2s advancing=True
[13:49:13.566] [SCL] PROGRESS state=State.Playing position=212.1s advancing=True
[13:49:13.620] [SBL] PROGRESS state=State.Playing position=211.8s advancing=True
[13:49:13.750] [Sentinel] PROGRESS state=State.Playing position=212.6s advancing=True
[13:49:14.250] [MGL] PROGRESS state=State.Playing position=213.2s advancing=True
[13:49:14.345] [Rocket Ranch] PROGRESS state=State.Playing position=213.0s advancing=True
[13:49:14.574] [SCL] PROGRESS state=State.Playing position=213.1s advancing=True
[13:49:15.077] [SCL] PROGRESS state=State.Playing position=214.1s advancing=True
[13:49:15.257] [MGL] PROGRESS state=State.Playing position=214.2s advancing=True
[13:49:15.261] [Sentinel] PROGRESS state=State.Playing position=214.6s advancing=True
[13:49:15.353] [Rocket Ranch] PROGRESS state=State.Playing position=214.0s advancing=True
[13:49:15.495] [Rover1] PROGRESS state=State.Playing position=213.8s advancing=True
[13:49:16.142] [SBL] PROGRESS state=State.Playing position=214.8s advancing=True
[13:49:16.267] [Sentinel] PROGRESS state=State.Playing position=215.6s advancing=True
[13:49:17.389] [MGL] PROGRESS state=State.Playing position=216.2s advancing=True
[13:49:17.392] [Sentinel] PROGRESS state=State.Playing position=216.6s advancing=True
[13:49:17.395] [Rocket Ranch] PROGRESS state=State.Playing position=216.0s advancing=True
[13:49:17.594] [SCL] PROGRESS state=State.Playing position=216.1s advancing=True
[13:49:17.651] [SBL] PROGRESS state=State.Playing position=215.8s advancing=True
[13:49:18.395] [MGL] PROGRESS state=State.Playing position=217.2s advancing=True
[13:49:18.398] [Sentinel] PROGRESS state=State.Playing position=217.6s advancing=True
[13:49:18.601] [SCL] PROGRESS state=State.Playing position=217.1s advancing=True
[13:49:19.105] [SCL] PROGRESS state=State.Playing position=218.1s advancing=True
[13:49:19.404] [Sentinel] PROGRESS state=State.Playing position=218.6s advancing=True
[13:49:19.407] [Rocket Ranch] PROGRESS state=State.Playing position=218.0s advancing=True
[13:49:19.604] [Rover1] PROGRESS state=State.Playing position=217.8s advancing=True
[13:49:20.407] [MGL] PROGRESS state=State.Playing position=219.2s advancing=True
[13:49:20.410] [Sentinel] PROGRESS state=State.Playing position=219.6s advancing=True
[13:49:21.412] [MGL] PROGRESS state=State.Playing position=220.2s advancing=True
[13:49:21.420] [Rocket Ranch] PROGRESS state=State.Playing position=220.0s advancing=True
[13:49:21.618] [SCL] PROGRESS state=State.Playing position=220.1s advancing=True
[13:49:21.676] [SBL] PROGRESS state=State.Playing position=219.8s advancing=True
[13:49:22.117] [Rover1] PROGRESS state=State.Playing position=220.8s advancing=True
[13:49:22.179] [SBL] PROGRESS state=State.Playing position=220.8s advancing=True
[13:49:22.418] [MGL] PROGRESS state=State.Playing position=221.2s advancing=True
[13:49:22.422] [Sentinel] PROGRESS state=State.Playing position=221.6s advancing=True
[13:49:23.128] [SCL] PROGRESS state=State.Playing position=222.1s advancing=True
[13:49:23.186] [SBL] PROGRESS state=State.Playing position=221.8s advancing=True
[13:49:23.430] [Sentinel] PROGRESS state=State.Playing position=222.6s advancing=True
[13:49:23.437] [Rocket Ranch] PROGRESS state=State.Playing position=222.0s advancing=True
[13:49:24.146] [SCL] PROGRESS state=State.Playing position=223.1s advancing=True
[13:49:24.193] [SBL] PROGRESS state=State.Playing position=222.8s advancing=True
[13:49:24.434] [MGL] PROGRESS state=State.Playing position=223.2s advancing=True
[13:49:24.441] [Sentinel] PROGRESS state=State.Playing position=223.6s advancing=True
[13:49:24.635] [Rover1] PROGRESS state=State.Playing position=222.8s advancing=True
[13:49:25.046] [SBL] STOP runtime=212.3s
[13:49:25.093] [SBL] VLC_EVENT=EventType.MediaPlayerStopped
[13:49:25.168] [SCL] STOP runtime=213.1s
[13:49:25.199] [SCL] VLC_EVENT=EventType.MediaPlayerStopped
[13:49:25.268] [MGL] STOP runtime=213.0s
[13:49:25.307] [MGL] VLC_EVENT=EventType.MediaPlayerStopped
[13:49:50.919] [SBL] RESOLVE_FEED starting original=https://youtube.com/watch
[13:49:50.921] [SCL] RESOLVE_FEED starting original=https://youtube.com/watch
[13:49:50.922] [MGL] RESOLVE_FEED starting original=https://youtube.com/watch
[13:49:50.923] [Sentinel] RESOLVE_FEED starting original=https://youtube.com/watch
[13:49:50.925] [Rover1] RESOLVE_FEED starting original=https://www.youtube.com/watch
[13:49:50.927] [Rocket Ranch] RESOLVE_FEED starting original=https://youtube.com/watch
[13:49:54.115] [Rover1] STREAM_START original=https://www.youtube.com/watch
[13:49:54.312] [Rover1] SET_MEDIA url=https://manifest.googlevideo.com/api/manifest/hls_playlist/expire/1788133643/ei/q2yUavyKELeLkucP0vCV0Qs/ip/2600:4040:282f:6200:bd75:1171:b122:320e/id/inCQ49QGmqQ.2/itag/96/source/yt_live_broadcast/requiressl/yes/ratebypass/yes/live/1/sgoap/gir%3Dyes%3Bitag%3D140/sgovp/gir%3Dyes%3Bitag%3D137/rqh/1/hls_chunk_host/rr13---sn-8xgp1vo-p5qes.googlevideo.com/xpc/EgVo2aDSNQ%3D%3D/playlist_duration/30/manifest_duration/30/bui/AR3QkAl_Gf5qMqVy8yqZVRdJgyTSxj7sQZfv-9eqh7Kuqx_N1daJG6N8cWrZRDc7vZICQFutuQQrfeDM/spc/KBGBcleNTudNcPA1oD1FXUb6wA1_qgB6XqYoxxRa_a8BBR_7rzDkX4Q7aSQ1j05F/vprv/1/reg/0/playlist_type/DVR/initcwndbps/4198750/met/1788112043,/mh/9I/mm/44/mn/sn-8xgp1vo-p5qes/ms/lva/mv/m/mvi/13/pl/38/rms/lva,lva/dover/11/pacing/0/epbp/1/keepalive/yes/fexp/51565115,52135441/mt/1788111640/sparams/expire,ei,ip,id,itag,source,requiressl,ratebypass,live,sgoap,sgovp,rqh,xpc,playlist_duration,manifest_duration,bui,spc,vprv,reg,playlist_type/sig/AE0s2JYwRQIhAJ3bkDGG99pFcp6esw0s4P3PEE662yxr7AxJy-dKgC1GAiBMy_AeOxrABRDgFpFRORiKjyklIoVZPcxG83DlRoBzLA%3D%3D/lsparams/hls_chunk_host,initcwndbps,met,mh,mm,mn,ms,mv,mvi,pl,rms/lsig/APaTxxMwRQIhAPQ32bgj869yJ6leoLSbAe9Mt5dYEVUytnpOY2unJFu8AiB2uC0ezlaN2oG772Q06yNP0_eoMKf0ZsFmx7MeYnjBDg%3D%3D/playlist/index.m3u8 url_status=new
[13:49:54.314] [Rover1] MEDIA_CREATED url=https://manifest.googlevideo.com/api/manifest/hls_playlist/expire/1788133643/ei/q2yUavyKELeLkucP0vCV0Qs/ip/2600:4040:282f:6200:bd75:1171:b122:320e/id/inCQ49QGmqQ.2/itag/96/source/yt_live_broadcast/requiressl/yes/ratebypass/yes/live/1/sgoap/gir%3Dyes%3Bitag%3D140/sgovp/gir%3Dyes%3Bitag%3D137/rqh/1/hls_chunk_host/rr13---sn-8xgp1vo-p5qes.googlevideo.com/xpc/EgVo2aDSNQ%3D%3D/playlist_duration/30/manifest_duration/30/bui/AR3QkAl_Gf5qMqVy8yqZVRdJgyTSxj7sQZfv-9eqh7Kuqx_N1daJG6N8cWrZRDc7vZICQFutuQQrfeDM/spc/KBGBcleNTudNcPA1oD1FXUb6wA1_qgB6XqYoxxRa_a8BBR_7rzDkX4Q7aSQ1j05F/vprv/1/reg/0/playlist_type/DVR/initcwndbps/4198750/met/1788112043,/mh/9I/mm/44/mn/sn-8xgp1vo-p5qes/ms/lva/mv/m/mvi/13/pl/38/rms/lva,lva/dover/11/pacing/0/epbp/1/keepalive/yes/fexp/51565115,52135441/mt/1788111640/sparams/expire,ei,ip,id,itag,source,requiressl,ratebypass,live,sgoap,sgovp,rqh,xpc,playlist_duration,manifest_duration,bui,spc,vprv,reg,playlist_type/sig/AE0s2JYwRQIhAJ3bkDGG99pFcp6esw0s4P3PEE662yxr7AxJy-dKgC1GAiBMy_AeOxrABRDgFpFRORiKjyklIoVZPcxG83DlRoBzLA%3D%3D/lsparams/hls_chunk_host,initcwndbps,met,mh,mm,mn,ms,mv,mvi,pl,rms/lsig/APaTxxMwRQIhAPQ32bgj869yJ6leoLSbAe9Mt5dYEVUytnpOY2unJFu8AiB2uC0ezlaN2oG772Q06yNP0_eoMKf0ZsFmx7MeYnjBDg%3D%3D/playlist/index.m3u8
[13:49:54.315] [Rover1] STATE=State.NothingSpecial position=-0.0s
[13:49:54.366] [Rocket Ranch] STREAM_START original=https://youtube.com/watch
[13:49:54.384] [Rocket Ranch] SET_MEDIA url=https://manifest.googlevideo.com/api/manifest/hls_playlist/expire/1788133643/ei/q2yUapKEENuRr9gP6P_uyAU/ip/2600:4040:282f:6200:bd75:1171:b122:320e/id/qw3uaLRrYNY.3/itag/96/source/yt_live_broadcast/requiressl/yes/ratebypass/yes/live/1/sgoap/gir%3Dyes%3Bitag%3D140/sgovp/gir%3Dyes%3Bitag%3D137/rqh/1/hls_chunk_host/rr8---sn-8xgp1vo-p5qel.googlevideo.com/xpc/EgVo2aDSNQ%3D%3D/playlist_duration/30/manifest_duration/30/bui/AR3QkAlG0Gmz7_9ZCDMhpConU9Pw7PziPxL2uUfd9F765G35qKOUJ77o_AwhrdVjcD_zH3UPxgW2wyJh/spc/KBGBcmIWK9-aMvjTbwlDgvV_QcJjJV27mZe9E5ZiaM9VD7yL7xNU_kULPVM4aVBC/vprv/1/reg/0/playlist_type/DVR/initcwndbps/4052500/met/1788112043,/mh/RC/mm/44/mn/sn-8xgp1vo-p5qel/ms/lva/mv/m/mvi/8/pl/38/rms/lva,lva/dover/11/pacing/0/keepalive/yes/fexp/51565116,52135441/mt/1788111623/sparams/expire,ei,ip,id,itag,source,requiressl,ratebypass,live,sgoap,sgovp,rqh,xpc,playlist_duration,manifest_duration,bui,spc,vprv,reg,playlist_type/sig/AE0s2JYwRgIhAOJ4UtReAYGQiIjfK0iOI4qxYjJhIPMlCmHl_aON8ciyAiEA4_SRqJv3fX_QJsTPe8eX4VqURC-vL95-esMzJ_5wdTA%3D/lsparams/hls_chunk_host,initcwndbps,met,mh,mm,mn,ms,mv,mvi,pl,rms/lsig/APaTxxMwRgIhAPUoSUSSVixPt8qVl44J0E1BKLqcQxbwBLgp963tAXUVAiEA1wTo000xdPGvrcD0lqTrBeGdmtobxknHC6YUl82hglE%3D/playlist/index.m3u8 url_status=new
[13:49:54.386] [Rocket Ranch] MEDIA_CREATED url=https://manifest.googlevideo.com/api/manifest/hls_playlist/expire/1788133643/ei/q2yUapKEENuRr9gP6P_uyAU/ip/2600:4040:282f:6200:bd75:1171:b122:320e/id/qw3uaLRrYNY.3/itag/96/source/yt_live_broadcast/requiressl/yes/ratebypass/yes/live/1/sgoap/gir%3Dyes%3Bitag%3D140/sgovp/gir%3Dyes%3Bitag%3D137/rqh/1/hls_chunk_host/rr8---sn-8xgp1vo-p5qel.googlevideo.com/xpc/EgVo2aDSNQ%3D%3D/playlist_duration/30/manifest_duration/30/bui/AR3QkAlG0Gmz7_9ZCDMhpConU9Pw7PziPxL2uUfd9F765G35qKOUJ77o_AwhrdVjcD_zH3UPxgW2wyJh/spc/KBGBcmIWK9-aMvjTbwlDgvV_QcJjJV27mZe9E5ZiaM9VD7yL7xNU_kULPVM4aVBC/vprv/1/reg/0/playlist_type/DVR/initcwndbps/4052500/met/1788112043,/mh/RC/mm/44/mn/sn-8xgp1vo-p5qel/ms/lva/mv/m/mvi/8/pl/38/rms/lva,lva/dover/11/pacing/0/keepalive/yes/fexp/51565116,52135441/mt/1788111623/sparams/expire,ei,ip,id,itag,source,requiressl,ratebypass,live,sgoap,sgovp,rqh,xpc,playlist_duration,manifest_duration,bui,spc,vprv,reg,playlist_type/sig/AE0s2JYwRgIhAOJ4UtReAYGQiIjfK0iOI4qxYjJhIPMlCmHl_aON8ciyAiEA4_SRqJv3fX_QJsTPe8eX4VqURC-vL95-esMzJ_5wdTA%3D/lsparams/hls_chunk_host,initcwndbps,met,mh,mm,mn,ms,mv,mvi,pl,rms/lsig/APaTxxMwRgIhAPUoSUSSVixPt8qVl44J0E1BKLqcQxbwBLgp963tAXUVAiEA1wTo000xdPGvrcD0lqTrBeGdmtobxknHC6YUl82hglE%3D/playlist/index.m3u8
[13:49:54.387] [Rocket Ranch] STATE=State.NothingSpecial position=-0.0s
[13:49:54.468] [Rover1] PLAY requested runtime=0.2s
[13:49:54.471] [Rover1] VLC_EVENT=EventType.MediaPlayerOpening
[13:49:54.472] [Rover1] VLC_EVENT=EventType.MediaPlayerBuffering
[13:49:54.474] [SCL] STREAM_START original=https://youtube.com/watch
[13:49:54.492] [SCL] SET_MEDIA url=https://manifest.googlevideo.com/api/manifest/hls_playlist/expire/1788133643/ei/q2yUao7-HfjZkucPgdeR8A4/ip/2600:4040:282f:6200:bd75:1171:b122:320e/id/Jm8wRjD3xVA.3/itag/96/source/yt_live_broadcast/requiressl/yes/ratebypass/yes/live/1/sgoap/gir%3Dyes%3Bitag%3D140/sgovp/gir%3Dyes%3Bitag%3D137/rqh/1/hls_chunk_host/rr1---sn-8xgp1vo-p5qe.googlevideo.com/xpc/EgVo2aDSNQ%3D%3D/playlist_duration/30/manifest_duration/30/ss/1/ssa/1/bui/AR3QkAmeZVDBiig_dH_gWjVkx_8jDwk49tC6kmY4mzJgYeEtICjPUAq8mMMVJbSNBFTLKuAFKgnOUtb5/spc/KBGBcqqczVwrf3H6gQ4NVlHXRYY1q8RaBjGyQLhiSnWKomYICFfwyvxy6ppzq5cD/vprv/1/reg/0/playlist_type/DVR/initcwndbps/4010000/met/1788112043,/mh/Mv/mm/44/mn/sn-8xgp1vo-p5qe/ms/lva/mv/m/mvi/1/pl/38/rms/lva,lva/dover/11/pacing/0/epbp/1/keepalive/yes/fexp/51565116,52135441/mt/1788111878/sparams/expire,ei,ip,id,itag,source,requiressl,ratebypass,live,sgoap,sgovp,rqh,xpc,playlist_duration,manifest_duration,ss,ssa,bui,spc,vprv,reg,playlist_type/sig/AE0s2JYwRQIhAKPjB6bFIBmPvzZizIuVAxM5hc2VvQ2BOopERPFKQ7IiAiBF8yaJQLIPjF4mf29jyhdYEOSMvoqp56HNXzMZyL0keQ%3D%3D/lsparams/hls_chunk_host,initcwndbps,met,mh,mm,mn,ms,mv,mvi,pl,rms/lsig/APaTxxMwRQIhAJ-W3RUyHkgmtsy1RCTvzt2hq6HI7RhpWKS5tGLe-YNXAiBiCFGxW1oyJ68B8Kg-2fkp01_BYppNuiDm7XZ7sNgW1g%3D%3D/playlist/index.m3u8 url_status=new
[13:49:54.494] [SCL] MEDIA_CREATED url=https://manifest.googlevideo.com/api/manifest/hls_playlist/expire/1788133643/ei/q2yUao7-HfjZkucPgdeR8A4/ip/2600:4040:282f:6200:bd75:1171:b122:320e/id/Jm8wRjD3xVA.3/itag/96/source/yt_live_broadcast/requiressl/yes/ratebypass/yes/live/1/sgoap/gir%3Dyes%3Bitag%3D140/sgovp/gir%3Dyes%3Bitag%3D137/rqh/1/hls_chunk_host/rr1---sn-8xgp1vo-p5qe.googlevideo.com/xpc/EgVo2aDSNQ%3D%3D/playlist_duration/30/manifest_duration/30/ss/1/ssa/1/bui/AR3QkAmeZVDBiig_dH_gWjVkx_8jDwk49tC6kmY4mzJgYeEtICjPUAq8mMMVJbSNBFTLKuAFKgnOUtb5/spc/KBGBcqqczVwrf3H6gQ4NVlHXRYY1q8RaBjGyQLhiSnWKomYICFfwyvxy6ppzq5cD/vprv/1/reg/0/playlist_type/DVR/initcwndbps/4010000/met/1788112043,/mh/Mv/mm/44/mn/sn-8xgp1vo-p5qe/ms/lva/mv/m/mvi/1/pl/38/rms/lva,lva/dover/11/pacing/0/epbp/1/keepalive/yes/fexp/51565116,52135441/mt/1788111878/sparams/expire,ei,ip,id,itag,source,requiressl,ratebypass,live,sgoap,sgovp,rqh,xpc,playlist_duration,manifest_duration,ss,ssa,bui,spc,vprv,reg,playlist_type/sig/AE0s2JYwRQIhAKPjB6bFIBmPvzZizIuVAxM5hc2VvQ2BOopERPFKQ7IiAiBF8yaJQLIPjF4mf29jyhdYEOSMvoqp56HNXzMZyL0keQ%3D%3D/lsparams/hls_chunk_host,initcwndbps,met,mh,mm,mn,ms,mv,mvi,pl,rms/lsig/APaTxxMwRQIhAJ-W3RUyHkgmtsy1RCTvzt2hq6HI7RhpWKS5tGLe-YNXAiBiCFGxW1oyJ68B8Kg-2fkp01_BYppNuiDm7XZ7sNgW1g%3D%3D/playlist/index.m3u8
[13:49:54.495] [SCL] STATE=State.NothingSpecial position=-0.0s
[13:49:54.558] [SBL] STREAM_START original=https://youtube.com/watch
[13:49:54.582] [SBL] SET_MEDIA url=https://manifest.googlevideo.com/api/manifest/hls_playlist/expire/1788133643/ei/q2yUaruHKezDkucPguCX-Q8/ip/2600:4040:282f:6200:bd75:1171:b122:320e/id/mhJRzQsLZGg.17/itag/96/source/yt_live_broadcast/requiressl/yes/ratebypass/yes/live/1/sgoap/gir%3Dyes%3Bitag%3D140/sgovp/gir%3Dyes%3Bitag%3D137/rqh/1/hls_chunk_host/rr11---sn-8xgp1vo-p5qes.googlevideo.com/xpc/EgVo2aDSNQ%3D%3D/playlist_duration/30/manifest_duration/30/ss/1/ssa/1/bui/AR3QkAmrj9hC5yfPJBgoJ52wUvDxd8rLgNdAqLJanq6nhUoLQYsUqahmNtLtBSoZEmvModTdymD1CJD4/spc/KBGBcjXnJ1t6KUjmwA_xAbYgB-0pZXv2OqIeYRWv7ErF68Yh6GAyZl06BagTnnN7/vprv/1/reg/0/playlist_type/DVR/initcwndbps/4238750/met/1788112043,/mh/3F/mm/44/mn/sn-8xgp1vo-p5qes/ms/lva/mv/m/mvi/11/pl/38/rms/lva,lva/dover/11/pacing/0/keepalive/yes/fexp/51565115,52135441/mt/1788111863/sparams/expire,ei,ip,id,itag,source,requiressl,ratebypass,live,sgoap,sgovp,rqh,xpc,playlist_duration,manifest_duration,ss,ssa,bui,spc,vprv,reg,playlist_type/sig/AE0s2JYwRQIgMt3B8hoaGs-Kei6kaFfSbU1PQA-h1AAOYSJYK7WuFmICIQDwvL6xE8XEChRnEzrrtrBJqDDi5xaMHxvHCV52Y5eTQA%3D%3D/lsparams/hls_chunk_host,initcwndbps,met,mh,mm,mn,ms,mv,mvi,pl,rms/lsig/APaTxxMwRQIgE33M_AV_cFnjM4XFwi5l9J_2D1imQeUtdgiHgB15-wECIQCOR7Sp5A2dfVp2w8hVuuf6AoTAKjV9K-koIJjYbKAvKw%3D%3D/playlist/index.m3u8 url_status=new
[13:49:54.584] [SBL] MEDIA_CREATED url=https://manifest.googlevideo.com/api/manifest/hls_playlist/expire/1788133643/ei/q2yUaruHKezDkucPguCX-Q8/ip/2600:4040:282f:6200:bd75:1171:b122:320e/id/mhJRzQsLZGg.17/itag/96/source/yt_live_broadcast/requiressl/yes/ratebypass/yes/live/1/sgoap/gir%3Dyes%3Bitag%3D140/sgovp/gir%3Dyes%3Bitag%3D137/rqh/1/hls_chunk_host/rr11---sn-8xgp1vo-p5qes.googlevideo.com/xpc/EgVo2aDSNQ%3D%3D/playlist_duration/30/manifest_duration/30/ss/1/ssa/1/bui/AR3QkAmrj9hC5yfPJBgoJ52wUvDxd8rLgNdAqLJanq6nhUoLQYsUqahmNtLtBSoZEmvModTdymD1CJD4/spc/KBGBcjXnJ1t6KUjmwA_xAbYgB-0pZXv2OqIeYRWv7ErF68Yh6GAyZl06BagTnnN7/vprv/1/reg/0/playlist_type/DVR/initcwndbps/4238750/met/1788112043,/mh/3F/mm/44/mn/sn-8xgp1vo-p5qes/ms/lva/mv/m/mvi/11/pl/38/rms/lva,lva/dover/11/pacing/0/keepalive/yes/fexp/51565115,52135441/mt/1788111863/sparams/expire,ei,ip,id,itag,source,requiressl,ratebypass,live,sgoap,sgovp,rqh,xpc,playlist_duration,manifest_duration,ss,ssa,bui,spc,vprv,reg,playlist_type/sig/AE0s2JYwRQIgMt3B8hoaGs-Kei6kaFfSbU1PQA-h1AAOYSJYK7WuFmICIQDwvL6xE8XEChRnEzrrtrBJqDDi5xaMHxvHCV52Y5eTQA%3D%3D/lsparams/hls_chunk_host,initcwndbps,met,mh,mm,mn,ms,mv,mvi,pl,rms/lsig/APaTxxMwRQIgE33M_AV_cFnjM4XFwi5l9J_2D1imQeUtdgiHgB15-wECIQCOR7Sp5A2dfVp2w8hVuuf6AoTAKjV9K-koIJjYbKAvKw%3D%3D/playlist/index.m3u8
[13:49:54.585] [SBL] STATE=State.NothingSpecial position=-0.0s
[13:49:54.587] [Rover1] VLC_EVENT=EventType.MediaPlayerPlaying
[13:49:54.657] [Sentinel] STREAM_START original=https://youtube.com/watch
[13:49:54.677] [Sentinel] SET_MEDIA url=https://manifest.googlevideo.com/api/manifest/hls_playlist/expire/1788133643/ei/q2yUavbaHP2Wr9gP_9n_sAs/ip/2600:4040:282f:6200:bd75:1171:b122:320e/id/IQV0DlS1Ew0.4/itag/96/source/yt_live_broadcast/requiressl/yes/ratebypass/yes/live/1/sgoap/gir%3Dyes%3Bitag%3D140/sgovp/gir%3Dyes%3Bitag%3D137/rqh/1/hls_chunk_host/rr6---sn-8xgp1vo-p5qes.googlevideo.com/xpc/EgVo2aDSNQ%3D%3D/playlist_duration/30/manifest_duration/30/bui/AR3QkAn-DLMzaTexw1qxTzV5pQ1CQ480eLHK5h9Ic4qyQ1pE5PwQenggIk6SlNnuZczTDGuazRGnf_H4/spc/KBGBcp87tB17tEQk0e4TjIQLs--zEtZ6dK28Hhn75jkD26m96vD9SHAi0Ucylrcu/vprv/1/reg/0/playlist_type/DVR/initcwndbps/4186250/met/1788112043,/mh/dC/mm/44/mn/sn-8xgp1vo-p5qes/ms/lva/mv/m/mvi/6/pl/38/rms/lva,lva/dover/11/pacing/0/keepalive/yes/fexp/51565115,52135441/mt/1788111623/sparams/expire,ei,ip,id,itag,source,requiressl,ratebypass,live,sgoap,sgovp,rqh,xpc,playlist_duration,manifest_duration,bui,spc,vprv,reg,playlist_type/sig/AE0s2JYwRQIgY9JcanYZlzDSNQd-itMFaC5ay47F9plM-UaLt28dz28CIQCJoF-dEbf4EGMXBjcmPmOE-PkWTw_e8XSphKSF7ee0Xw%3D%3D/lsparams/hls_chunk_host,initcwndbps,met,mh,mm,mn,ms,mv,mvi,pl,rms/lsig/APaTxxMwRAIgB-oZ8f9QdO3-6e0_jDeDkXpCKyXeAO3zxJFIY6tqVwMCIG6xbTttGlq6dH_RaRVSvvHt6ks71-_F0OfPedN0vb80/playlist/index.m3u8 url_status=new
[13:49:54.679] [Sentinel] MEDIA_CREATED url=https://manifest.googlevideo.com/api/manifest/hls_playlist/expire/1788133643/ei/q2yUavbaHP2Wr9gP_9n_sAs/ip/2600:4040:282f:6200:bd75:1171:b122:320e/id/IQV0DlS1Ew0.4/itag/96/source/yt_live_broadcast/requiressl/yes/ratebypass/yes/live/1/sgoap/gir%3Dyes%3Bitag%3D140/sgovp/gir%3Dyes%3Bitag%3D137/rqh/1/hls_chunk_host/rr6---sn-8xgp1vo-p5qes.googlevideo.com/xpc/EgVo2aDSNQ%3D%3D/playlist_duration/30/manifest_duration/30/bui/AR3QkAn-DLMzaTexw1qxTzV5pQ1CQ480eLHK5h9Ic4qyQ1pE5PwQenggIk6SlNnuZczTDGuazRGnf_H4/spc/KBGBcp87tB17tEQk0e4TjIQLs--zEtZ6dK28Hhn75jkD26m96vD9SHAi0Ucylrcu/vprv/1/reg/0/playlist_type/DVR/initcwndbps/4186250/met/1788112043,/mh/dC/mm/44/mn/sn-8xgp1vo-p5qes/ms/lva/mv/m/mvi/6/pl/38/rms/lva,lva/dover/11/pacing/0/keepalive/yes/fexp/51565115,52135441/mt/1788111623/sparams/expire,ei,ip,id,itag,source,requiressl,ratebypass,live,sgoap,sgovp,rqh,xpc,playlist_duration,manifest_duration,bui,spc,vprv,reg,playlist_type/sig/AE0s2JYwRQIgY9JcanYZlzDSNQd-itMFaC5ay47F9plM-UaLt28dz28CIQCJoF-dEbf4EGMXBjcmPmOE-PkWTw_e8XSphKSF7ee0Xw%3D%3D/lsparams/hls_chunk_host,initcwndbps,met,mh,mm,mn,ms,mv,mvi,pl,rms/lsig/APaTxxMwRAIgB-oZ8f9QdO3-6e0_jDeDkXpCKyXeAO3zxJFIY6tqVwMCIG6xbTttGlq6dH_RaRVSvvHt6ks71-_F0OfPedN0vb80/playlist/index.m3u8
[13:49:54.680] [Sentinel] STATE=State.NothingSpecial position=-0.0s
[13:49:54.767] [Rover1] VLC_EVENT=EventType.MediaPlayerBuffering
[13:49:54.768] [Rover1] VLC_EVENT=EventType.MediaPlayerBuffering
[13:49:54.769] [Rover1] VLC_EVENT=EventType.MediaPlayerBuffering
[13:49:54.769] [Rover1] VLC_EVENT=EventType.MediaPlayerBuffering
[13:49:54.769] [Rover1] VLC_EVENT=EventType.MediaPlayerBuffering
[13:49:54.770] [Rover1] VLC_EVENT=EventType.MediaPlayerBuffering
[13:49:54.771] [Rover1] VLC_EVENT=EventType.MediaPlayerBuffering
[13:49:54.771] [Rover1] VLC_EVENT=EventType.MediaPlayerBuffering
[13:49:54.772] [Rover1] VLC_EVENT=EventType.MediaPlayerBuffering
[13:49:54.773] [Rover1] VLC_EVENT=EventType.MediaPlayerBuffering
[13:49:54.774] [Rover1] VLC_EVENT=EventType.MediaPlayerBuffering
[13:49:54.774] [Rover1] VLC_EVENT=EventType.MediaPlayerBuffering
[13:49:54.775] [Rover1] VLC_EVENT=EventType.MediaPlayerBuffering
[13:49:54.775] [Rover1] VLC_EVENT=EventType.MediaPlayerBuffering
[13:49:54.776] [Rover1] VLC_EVENT=EventType.MediaPlayerBuffering
[13:49:54.777] [Rover1] VLC_EVENT=EventType.MediaPlayerBuffering
[13:49:54.778] [Rover1] VLC_EVENT=EventType.MediaPlayerBuffering
[13:49:54.780] [MGL] STREAM_START original=https://youtube.com/watch
[13:49:54.809] [MGL] SET_MEDIA url=https://manifest.googlevideo.com/api/manifest/hls_playlist/expire/1788133643/ei/q2yUaqGgG5eAkucP_sCa-QQ/ip/2600:4040:282f:6200:bd75:1171:b122:320e/id/cOmmvhDQ2HM.13/itag/96/source/yt_live_broadcast/requiressl/yes/ratebypass/yes/live/1/sgoap/gir%3Dyes%3Bitag%3D140/sgovp/gir%3Dyes%3Bitag%3D137/rqh/1/hls_chunk_host/rr7---sn-8xgp1vo-p5qe7.googlevideo.com/xpc/EgVo2aDSNQ%3D%3D/playlist_duration/30/manifest_duration/30/ss/1/ssa/1/bui/AR3QkAl-uxAUDp745v8DEfuL_37a7tBsqY9EJGDWqO9SX4ogqZmxJjq6Grr8k6eWzsoQbMRkUDQwHlPL/spc/KBGBciYFGlpAZdLTNcbUAFWq-XH8W9_9Ddn3lnmRCyqO4BcyXuF_B6PzCyRPuHP4/vprv/1/reg/0/playlist_type/DVR/initcwndbps/4038750/met/1788112043,/mh/m4/mm/44/mn/sn-8xgp1vo-p5qe7/ms/lva/mv/m/mvi/7/pl/38/rms/lva,lva/dover/11/pacing/0/keepalive/yes/fexp/51565115,52135441/mt/1788111623/sparams/expire,ei,ip,id,itag,source,requiressl,ratebypass,live,sgoap,sgovp,rqh,xpc,playlist_duration,manifest_duration,ss,ssa,bui,spc,vprv,reg,playlist_type/sig/AE0s2JYwRAIgRa6vPkL0hyNScduHKfI6DcclzApjizDxIkA2OT203KcCIAUALOOOPuFIQhl4QyURZ2AZI624jiLOozx88FZ_gGJk/lsparams/hls_chunk_host,initcwndbps,met,mh,mm,mn,ms,mv,mvi,pl,rms/lsig/APaTxxMwRQIgYKj95rwUMPloR9heAPzw-Llyq99FymQ9sVUO_-09DVUCIQDC2ANCZdCsaLThn1Yk0syi1Su-rq7xEARGqTkUr5nxsw%3D%3D/playlist/index.m3u8 url_status=new
[13:49:54.811] [MGL] MEDIA_CREATED url=https://manifest.googlevideo.com/api/manifest/hls_playlist/expire/1788133643/ei/q2yUaqGgG5eAkucP_sCa-QQ/ip/2600:4040:282f:6200:bd75:1171:b122:320e/id/cOmmvhDQ2HM.13/itag/96/source/yt_live_broadcast/requiressl/yes/ratebypass/yes/live/1/sgoap/gir%3Dyes%3Bitag%3D140/sgovp/gir%3Dyes%3Bitag%3D137/rqh/1/hls_chunk_host/rr7---sn-8xgp1vo-p5qe7.googlevideo.com/xpc/EgVo2aDSNQ%3D%3D/playlist_duration/30/manifest_duration/30/ss/1/ssa/1/bui/AR3QkAl-uxAUDp745v8DEfuL_37a7tBsqY9EJGDWqO9SX4ogqZmxJjq6Grr8k6eWzsoQbMRkUDQwHlPL/spc/KBGBciYFGlpAZdLTNcbUAFWq-XH8W9_9Ddn3lnmRCyqO4BcyXuF_B6PzCyRPuHP4/vprv/1/reg/0/playlist_type/DVR/initcwndbps/4038750/met/1788112043,/mh/m4/mm/44/mn/sn-8xgp1vo-p5qe7/ms/lva/mv/m/mvi/7/pl/38/rms/lva,lva/dover/11/pacing/0/keepalive/yes/fexp/51565115,52135441/mt/1788111623/sparams/expire,ei,ip,id,itag,source,requiressl,ratebypass,live,sgoap,sgovp,rqh,xpc,playlist_duration,manifest_duration,ss,ssa,bui,spc,vprv,reg,playlist_type/sig/AE0s2JYwRAIgRa6vPkL0hyNScduHKfI6DcclzApjizDxIkA2OT203KcCIAUALOOOPuFIQhl4QyURZ2AZI624jiLOozx88FZ_gGJk/lsparams/hls_chunk_host,initcwndbps,met,mh,mm,mn,ms,mv,mvi,pl,rms/lsig/APaTxxMwRQIgYKj95rwUMPloR9heAPzw-Llyq99FymQ9sVUO_-09DVUCIQDC2ANCZdCsaLThn1Yk0syi1Su-rq7xEARGqTkUr5nxsw%3D%3D/playlist/index.m3u8
[13:49:54.812] [MGL] STATE=State.NothingSpecial position=-0.0s
[13:49:54.829] [Rover1] VLC_EVENT=EventType.MediaPlayerBuffering
[13:49:54.830] [Rover1] VLC_EVENT=EventType.MediaPlayerBuffering
[13:49:54.830] [Rover1] VLC_EVENT=EventType.MediaPlayerBuffering
[13:49:54.831] [Rover1] VLC_EVENT=EventType.MediaPlayerBuffering
[13:49:54.832] [Rover1] VLC_EVENT=EventType.MediaPlayerBuffering
[13:49:54.832] [Rover1] VLC_EVENT=EventType.MediaPlayerBuffering
[13:49:54.833] [Rover1] VLC_EVENT=EventType.MediaPlayerBuffering
[13:49:54.833] [Rover1] VLC_EVENT=EventType.MediaPlayerBuffering
[13:49:54.834] [Rover1] VLC_EVENT=EventType.MediaPlayerBuffering
[13:49:54.834] [Rover1] VLC_EVENT=EventType.MediaPlayerBuffering
[13:49:54.834] [Rover1] VLC_EVENT=EventType.MediaPlayerBuffering
[13:49:54.835] [Rover1] VLC_EVENT=EventType.MediaPlayerBuffering
[13:49:54.835] [Rover1] VLC_EVENT=EventType.MediaPlayerBuffering
[13:49:54.836] [Rover1] VLC_EVENT=EventType.MediaPlayerBuffering
[13:49:54.887] [Rover1] VLC_EVENT=EventType.MediaPlayerBuffering
[13:49:54.932] [Rocket Ranch] PLAY requested runtime=0.5s
[13:49:54.933] [SCL] PLAY requested runtime=0.4s
[13:49:54.934] [Rocket Ranch] VLC_EVENT=EventType.MediaPlayerOpening
[13:49:54.934] [SBL] PLAY requested runtime=0.3s
[13:49:54.934] [Rocket Ranch] VLC_EVENT=EventType.MediaPlayerBuffering
[13:49:54.935] [SCL] VLC_EVENT=EventType.MediaPlayerOpening
[13:49:54.935] [Sentinel] PLAY requested runtime=0.3s
[13:49:54.936] [SCL] VLC_EVENT=EventType.MediaPlayerBuffering
[13:49:54.936] [SBL] VLC_EVENT=EventType.MediaPlayerOpening
[13:49:54.937] [Rover1] STATE=State.Playing position=0.0s
[13:49:54.937] [SBL] VLC_EVENT=EventType.MediaPlayerBuffering
[13:49:54.938] [Rocket Ranch] STATE=State.Opening position=0.0s
[13:49:54.938] [Sentinel] VLC_EVENT=EventType.MediaPlayerOpening
[13:49:54.939] [MGL] PLAY requested runtime=0.1s
[13:49:54.939] [Sentinel] VLC_EVENT=EventType.MediaPlayerBuffering
[13:49:54.942] [MGL] VLC_EVENT=EventType.MediaPlayerOpening
[13:49:54.943] [MGL] VLC_EVENT=EventType.MediaPlayerBuffering
[13:49:55.008] [SCL] STATE=State.Opening position=0.0s
[13:49:55.044] [Sentinel] VLC_EVENT=EventType.MediaPlayerPlaying
[13:49:55.051] [SCL] VLC_EVENT=EventType.MediaPlayerPlaying
[13:49:55.052] [MGL] VLC_EVENT=EventType.MediaPlayerPlaying
[13:49:55.056] [Rocket Ranch] VLC_EVENT=EventType.MediaPlayerPlaying
[13:49:55.061] [SBL] VLC_EVENT=EventType.MediaPlayerPlaying
[13:49:55.087] [SBL] STATE=State.Playing position=0.0s
[13:49:55.182] [Sentinel] STATE=State.Playing position=0.0s
[13:49:55.192] [SBL] VLC_EVENT=EventType.MediaPlayerBuffering
[13:49:55.194] [SBL] VLC_EVENT=EventType.MediaPlayerBuffering
[13:49:55.195] [SBL] VLC_EVENT=EventType.MediaPlayerBuffering
[13:49:55.196] [SBL] VLC_EVENT=EventType.MediaPlayerBuffering
[13:49:55.196] [SBL] VLC_EVENT=EventType.MediaPlayerBuffering
[13:49:55.197] [SBL] VLC_EVENT=EventType.MediaPlayerBuffering
[13:49:55.198] [SBL] VLC_EVENT=EventType.MediaPlayerBuffering
[13:49:55.198] [SBL] VLC_EVENT=EventType.MediaPlayerBuffering
[13:49:55.199] [SBL] VLC_EVENT=EventType.MediaPlayerBuffering
[13:49:55.200] [SBL] VLC_EVENT=EventType.MediaPlayerBuffering
[13:49:55.200] [SBL] VLC_EVENT=EventType.MediaPlayerBuffering
[13:49:55.201] [SCL] VLC_EVENT=EventType.MediaPlayerBuffering
[13:49:55.201] [SBL] VLC_EVENT=EventType.MediaPlayerBuffering
[13:49:55.202] [SCL] VLC_EVENT=EventType.MediaPlayerBuffering
[13:49:55.203] [SBL] VLC_EVENT=EventType.MediaPlayerBuffering
[13:49:55.204] [SCL] VLC_EVENT=EventType.MediaPlayerBuffering
[13:49:55.204] [SBL] VLC_EVENT=EventType.MediaPlayerBuffering
[13:49:55.205] [SCL] VLC_EVENT=EventType.MediaPlayerBuffering
[13:49:55.205] [SBL] VLC_EVENT=EventType.MediaPlayerBuffering
[13:49:55.206] [SCL] VLC_EVENT=EventType.MediaPlayerBuffering
[13:49:55.206] [SBL] VLC_EVENT=EventType.MediaPlayerBuffering
[13:49:55.207] [SCL] VLC_EVENT=EventType.MediaPlayerBuffering
[13:49:55.208] [SBL] VLC_EVENT=EventType.MediaPlayerBuffering
[13:49:55.209] [SCL] VLC_EVENT=EventType.MediaPlayerBuffering
[13:49:55.210] [SCL] VLC_EVENT=EventType.MediaPlayerBuffering
[13:49:55.211] [SCL] VLC_EVENT=EventType.MediaPlayerBuffering
[13:49:55.211] [SCL] VLC_EVENT=EventType.MediaPlayerBuffering
[13:49:55.212] [SCL] VLC_EVENT=EventType.MediaPlayerBuffering
[13:49:55.212] [SCL] VLC_EVENT=EventType.MediaPlayerBuffering
[13:49:55.213] [SCL] VLC_EVENT=EventType.MediaPlayerBuffering
[13:49:55.213] [SCL] VLC_EVENT=EventType.MediaPlayerBuffering
[13:49:55.214] [SCL] VLC_EVENT=EventType.MediaPlayerBuffering
[13:49:55.215] [SCL] VLC_EVENT=EventType.MediaPlayerBuffering
[13:49:55.216] [SCL] VLC_EVENT=EventType.MediaPlayerBuffering
[13:49:55.216] [Rocket Ranch] VLC_EVENT=EventType.MediaPlayerBuffering
[13:49:55.216] [SCL] VLC_EVENT=EventType.MediaPlayerBuffering
[13:49:55.217] [Rocket Ranch] VLC_EVENT=EventType.MediaPlayerBuffering
[13:49:55.218] [Sentinel] VLC_EVENT=EventType.MediaPlayerBuffering
[13:49:55.219] [Rocket Ranch] VLC_EVENT=EventType.MediaPlayerBuffering
[13:49:55.220] [Sentinel] VLC_EVENT=EventType.MediaPlayerBuffering
[13:49:55.220] [Rocket Ranch] VLC_EVENT=EventType.MediaPlayerBuffering
[13:49:55.220] [SCL] VLC_EVENT=EventType.MediaPlayerBuffering
[13:49:55.221] [Sentinel] VLC_EVENT=EventType.MediaPlayerBuffering
[13:49:55.222] [SCL] VLC_EVENT=EventType.MediaPlayerBuffering
[13:49:55.223] [Rocket Ranch] VLC_EVENT=EventType.MediaPlayerBuffering
[13:49:55.223] [Sentinel] VLC_EVENT=EventType.MediaPlayerBuffering
[13:49:55.224] [SCL] VLC_EVENT=EventType.MediaPlayerBuffering
[13:49:55.224] [Rocket Ranch] VLC_EVENT=EventType.MediaPlayerBuffering
[13:49:55.225] [Sentinel] VLC_EVENT=EventType.MediaPlayerBuffering
[13:49:55.226] [SCL] VLC_EVENT=EventType.MediaPlayerBuffering
[13:49:55.226] [Rocket Ranch] VLC_EVENT=EventType.MediaPlayerBuffering
[13:49:55.227] [Sentinel] VLC_EVENT=EventType.MediaPlayerBuffering
[13:49:55.228] [SCL] VLC_EVENT=EventType.MediaPlayerBuffering
[13:49:55.228] [Rocket Ranch] VLC_EVENT=EventType.MediaPlayerBuffering
[13:49:55.229] [Sentinel] VLC_EVENT=EventType.MediaPlayerBuffering
[13:49:55.231] [Rocket Ranch] VLC_EVENT=EventType.MediaPlayerBuffering
[13:49:55.231] [SCL] VLC_EVENT=EventType.MediaPlayerBuffering
[13:49:55.232] [Sentinel] VLC_EVENT=EventType.MediaPlayerBuffering
[13:49:55.232] [Rocket Ranch] VLC_EVENT=EventType.MediaPlayerBuffering
[13:49:55.233] [SCL] VLC_EVENT=EventType.MediaPlayerBuffering
[13:49:55.234] [Sentinel] VLC_EVENT=EventType.MediaPlayerBuffering
[13:49:55.235] [Rocket Ranch] VLC_EVENT=EventType.MediaPlayerBuffering
[13:49:55.236] [SCL] VLC_EVENT=EventType.MediaPlayerBuffering
[13:49:55.236] [Sentinel] VLC_EVENT=EventType.MediaPlayerBuffering
[13:49:55.237] [Rocket Ranch] VLC_EVENT=EventType.MediaPlayerBuffering
[13:49:55.237] [MGL] VLC_EVENT=EventType.MediaPlayerBuffering
[13:49:55.238] [SCL] VLC_EVENT=EventType.MediaPlayerBuffering
[13:49:55.238] [Sentinel] VLC_EVENT=EventType.MediaPlayerBuffering
[13:49:55.239] [Rocket Ranch] VLC_EVENT=EventType.MediaPlayerBuffering
[13:49:55.240] [MGL] VLC_EVENT=EventType.MediaPlayerBuffering
[13:49:55.241] [SCL] VLC_EVENT=EventType.MediaPlayerBuffering
[13:49:55.241] [Sentinel] VLC_EVENT=EventType.MediaPlayerBuffering
[13:49:55.242] [Rocket Ranch] VLC_EVENT=EventType.MediaPlayerBuffering
[13:49:55.243] [SCL] VLC_EVENT=EventType.MediaPlayerBuffering
[13:49:55.243] [MGL] VLC_EVENT=EventType.MediaPlayerBuffering
[13:49:55.244] [Sentinel] VLC_EVENT=EventType.MediaPlayerBuffering
[13:49:55.244] [Rocket Ranch] VLC_EVENT=EventType.MediaPlayerBuffering
[13:49:55.245] [SCL] VLC_EVENT=EventType.MediaPlayerBuffering
[13:49:55.245] [MGL] VLC_EVENT=EventType.MediaPlayerBuffering
[13:49:55.246] [Sentinel] VLC_EVENT=EventType.MediaPlayerBuffering
[13:49:55.246] [Rocket Ranch] VLC_EVENT=EventType.MediaPlayerBuffering
[13:49:55.247] [SCL] VLC_EVENT=EventType.MediaPlayerBuffering
[13:49:55.248] [MGL] VLC_EVENT=EventType.MediaPlayerBuffering
[13:49:55.248] [Sentinel] VLC_EVENT=EventType.MediaPlayerBuffering
[13:49:55.249] [Rocket Ranch] VLC_EVENT=EventType.MediaPlayerBuffering
[13:49:55.249] [SCL] VLC_EVENT=EventType.MediaPlayerBuffering
[13:49:55.250] [MGL] VLC_EVENT=EventType.MediaPlayerBuffering
[13:49:55.251] [Sentinel] VLC_EVENT=EventType.MediaPlayerBuffering
[13:49:55.252] [MGL] VLC_EVENT=EventType.MediaPlayerBuffering
[13:49:55.253] [Sentinel] VLC_EVENT=EventType.MediaPlayerBuffering
[13:49:55.253] [MGL] VLC_EVENT=EventType.MediaPlayerBuffering
[13:49:55.255] [MGL] VLC_EVENT=EventType.MediaPlayerBuffering
[13:49:55.256] [MGL] VLC_EVENT=EventType.MediaPlayerBuffering
[13:49:55.256] [MGL] VLC_EVENT=EventType.MediaPlayerBuffering
[13:49:55.257] [MGL] VLC_EVENT=EventType.MediaPlayerBuffering
[13:49:55.259] [SBL] VLC_EVENT=EventType.MediaPlayerBuffering
[13:49:55.260] [MGL] VLC_EVENT=EventType.MediaPlayerBuffering
[13:49:55.260] [SBL] VLC_EVENT=EventType.MediaPlayerBuffering
[13:49:55.261] [MGL] VLC_EVENT=EventType.MediaPlayerBuffering
[13:49:55.262] [SBL] VLC_EVENT=EventType.MediaPlayerBuffering
[13:49:55.262] [MGL] VLC_EVENT=EventType.MediaPlayerBuffering
[13:49:55.263] [SBL] VLC_EVENT=EventType.MediaPlayerBuffering
[13:49:55.263] [MGL] VLC_EVENT=EventType.MediaPlayerBuffering
[13:49:55.264] [SBL] VLC_EVENT=EventType.MediaPlayerBuffering
[13:49:55.264] [MGL] VLC_EVENT=EventType.MediaPlayerBuffering
[13:49:55.265] [SBL] VLC_EVENT=EventType.MediaPlayerBuffering
[13:49:55.266] [SBL] VLC_EVENT=EventType.MediaPlayerBuffering
[13:49:55.267] [SBL] VLC_EVENT=EventType.MediaPlayerBuffering
[13:49:55.268] [SBL] VLC_EVENT=EventType.MediaPlayerBuffering
[13:49:55.269] [SBL] VLC_EVENT=EventType.MediaPlayerBuffering
[13:49:55.270] [SBL] VLC_EVENT=EventType.MediaPlayerBuffering
[13:49:55.271] [SBL] VLC_EVENT=EventType.MediaPlayerBuffering
[13:49:55.272] [SBL] VLC_EVENT=EventType.MediaPlayerBuffering
[13:49:55.272] [SBL] VLC_EVENT=EventType.MediaPlayerBuffering
[13:49:55.273] [SBL] VLC_EVENT=EventType.MediaPlayerBuffering
[13:49:55.314] [MGL] STATE=State.Playing position=0.0s
[13:49:55.318] [Rocket Ranch] VLC_EVENT=EventType.MediaPlayerBuffering
[13:49:55.318] [MGL] VLC_EVENT=EventType.MediaPlayerBuffering
[13:49:55.319] [Rocket Ranch] VLC_EVENT=EventType.MediaPlayerBuffering
[13:49:55.320] [Rocket Ranch] VLC_EVENT=EventType.MediaPlayerBuffering
[13:49:55.320] [MGL] VLC_EVENT=EventType.MediaPlayerBuffering
[13:49:55.321] [Rocket Ranch] VLC_EVENT=EventType.MediaPlayerBuffering
[13:49:55.321] [MGL] VLC_EVENT=EventType.MediaPlayerBuffering
[13:49:55.321] [Rocket Ranch] VLC_EVENT=EventType.MediaPlayerBuffering
[13:49:55.322] [Rocket Ranch] VLC_EVENT=EventType.MediaPlayerBuffering
[13:49:55.322] [MGL] VLC_EVENT=EventType.MediaPlayerBuffering
[13:49:55.323] [Rocket Ranch] VLC_EVENT=EventType.MediaPlayerBuffering
[13:49:55.323] [MGL] VLC_EVENT=EventType.MediaPlayerBuffering
[13:49:55.324] [Rocket Ranch] VLC_EVENT=EventType.MediaPlayerBuffering
[13:49:55.324] [MGL] VLC_EVENT=EventType.MediaPlayerBuffering
[13:49:55.325] [Rocket Ranch] VLC_EVENT=EventType.MediaPlayerBuffering
[13:49:55.326] [MGL] VLC_EVENT=EventType.MediaPlayerBuffering
[13:49:55.349] [MGL] VLC_EVENT=EventType.MediaPlayerBuffering
[13:49:55.349] [Rocket Ranch] VLC_EVENT=EventType.MediaPlayerBuffering
[13:49:55.350] [MGL] VLC_EVENT=EventType.MediaPlayerBuffering
[13:49:55.351] [MGL] VLC_EVENT=EventType.MediaPlayerBuffering
[13:49:55.352] [MGL] VLC_EVENT=EventType.MediaPlayerBuffering
[13:49:55.352] [MGL] VLC_EVENT=EventType.MediaPlayerBuffering
[13:49:55.353] [MGL] VLC_EVENT=EventType.MediaPlayerBuffering
[13:49:55.353] [MGL] VLC_EVENT=EventType.MediaPlayerBuffering
[13:49:55.354] [MGL] VLC_EVENT=EventType.MediaPlayerBuffering
[13:49:55.401] [Sentinel] VLC_EVENT=EventType.MediaPlayerBuffering
[13:49:55.402] [Sentinel] VLC_EVENT=EventType.MediaPlayerBuffering
[13:49:55.402] [Sentinel] VLC_EVENT=EventType.MediaPlayerBuffering
[13:49:55.403] [Sentinel] VLC_EVENT=EventType.MediaPlayerBuffering
[13:49:55.403] [Sentinel] VLC_EVENT=EventType.MediaPlayerBuffering
[13:49:55.404] [Sentinel] VLC_EVENT=EventType.MediaPlayerBuffering
[13:49:55.404] [Sentinel] VLC_EVENT=EventType.MediaPlayerBuffering
[13:49:55.405] [Sentinel] VLC_EVENT=EventType.MediaPlayerBuffering
[13:49:55.406] [Sentinel] VLC_EVENT=EventType.MediaPlayerBuffering
[13:49:55.406] [Sentinel] VLC_EVENT=EventType.MediaPlayerBuffering
[13:49:55.407] [Sentinel] VLC_EVENT=EventType.MediaPlayerBuffering
[13:49:55.408] [Sentinel] VLC_EVENT=EventType.MediaPlayerBuffering
[13:49:55.408] [Sentinel] VLC_EVENT=EventType.MediaPlayerBuffering
[13:49:55.409] [Sentinel] VLC_EVENT=EventType.MediaPlayerBuffering
[13:49:55.410] [Sentinel] VLC_EVENT=EventType.MediaPlayerBuffering
[13:49:55.440] [Rover1] PROGRESS state=State.Playing position=11.9s advancing=True
[13:49:55.447] [Rocket Ranch] STATE=State.Playing position=0.0s
[13:49:55.509] [SCL] STATE=State.Playing position=0.0s
[13:49:56.316] [MGL] PROGRESS state=State.Playing position=12.3s advancing=True
[13:49:56.468] [Rover1] PROGRESS state=State.Playing position=13.0s advancing=True
[13:49:56.474] [Rocket Ranch] PROGRESS state=State.Playing position=12.4s advancing=True
[13:49:56.560] [SCL] PROGRESS state=State.Playing position=12.5s advancing=True
[13:49:56.617] [SBL] PROGRESS state=State.Playing position=12.6s advancing=True
[13:49:56.690] [Sentinel] PROGRESS state=State.Playing position=12.3s advancing=True
[13:49:57.120] [SBL] PROGRESS state=State.Playing position=13.6s advancing=True
[13:49:57.194] [Sentinel] PROGRESS state=State.Playing position=13.3s advancing=True
[13:49:57.323] [MGL] PROGRESS state=State.Playing position=13.3s advancing=True
[13:49:57.478] [Rover1] PROGRESS state=State.Playing position=14.0s advancing=True
[13:49:57.570] [SCL] PROGRESS state=State.Playing position=13.5s advancing=True
[13:49:58.489] [Rover1] PROGRESS state=State.Playing position=15.0s advancing=True
[13:49:58.497] [Rocket Ranch] PROGRESS state=State.Playing position=14.4s advancing=True
[13:49:58.577] [SCL] PROGRESS state=State.Playing position=14.5s advancing=True
[13:49:59.081] [SCL] PROGRESS state=State.Playing position=15.5s advancing=True
[13:49:59.636] [SBL] PROGRESS state=State.Playing position=15.6s advancing=True
[13:50:00.087] [SCL] PROGRESS state=State.Playing position=16.5s advancing=True
[13:50:00.347] [MGL] PROGRESS state=State.Playing position=16.3s advancing=True
[13:50:00.509] [Rocket Ranch] PROGRESS state=State.Playing position=16.4s advancing=True
[13:50:01.203] [SCL] PROGRESS state=State.Playing position=17.5s advancing=True
[13:50:01.206] [SBL] PROGRESS state=State.Playing position=17.6s advancing=True
[13:50:01.219] [Sentinel] PROGRESS state=State.Playing position=17.3s advancing=True
[13:50:02.209] [SCL] PROGRESS state=State.Playing position=18.5s advancing=True
[13:50:02.213] [SBL] PROGRESS state=State.Playing position=18.6s advancing=True
[13:50:02.229] [Sentinel] PROGRESS state=State.Playing position=18.3s advancing=True
[13:50:02.527] [Rocket Ranch] PROGRESS state=State.Playing position=18.4s advancing=True
[13:50:03.219] [SBL] PROGRESS state=State.Playing position=19.6s advancing=True
[13:50:03.235] [Sentinel] PROGRESS state=State.Playing position=19.3s advancing=True
[13:50:03.523] [Rover1] PROGRESS state=State.Playing position=20.0s advancing=True
[13:50:04.220] [SCL] PROGRESS state=State.Playing position=20.5s advancing=True
[13:50:04.241] [Sentinel] PROGRESS state=State.Playing position=20.3s advancing=True
[13:50:04.370] [MGL] PROGRESS state=State.Playing position=20.3s advancing=True
[13:50:04.531] [Rover1] PROGRESS state=State.Playing position=21.0s advancing=True
[13:50:04.539] [Rocket Ranch] PROGRESS state=State.Playing position=20.4s advancing=True
[13:50:04.728] [SBL] PROGRESS state=State.Playing position=20.6s advancing=True
[13:50:05.233] [SBL] PROGRESS state=State.Playing position=21.6s advancing=True
[13:50:05.248] [Sentinel] PROGRESS state=State.Playing position=21.3s advancing=True
[13:50:05.537] [Rover1] PROGRESS state=State.Playing position=22.0s advancing=True
[13:50:05.544] [Rocket Ranch] PROGRESS state=State.Playing position=21.4s advancing=True
[13:50:06.235] [SCL] PROGRESS state=State.Playing position=22.5s advancing=True
[13:50:06.384] [MGL] PROGRESS state=State.Playing position=22.3s advancing=True
[13:50:07.241] [SCL] PROGRESS state=State.Playing position=23.5s advancing=True
[13:50:07.245] [SBL] PROGRESS state=State.Playing position=23.6s advancing=True
[13:50:07.263] [Sentinel] PROGRESS state=State.Playing position=23.3s advancing=True
[13:50:07.547] [Rover1] PROGRESS state=State.Playing position=24.0s advancing=True
[13:50:07.556] [Rocket Ranch] PROGRESS state=State.Playing position=23.4s advancing=True
[13:50:08.249] [SCL] PROGRESS state=State.Playing position=24.5s advancing=True
[13:50:08.270] [Sentinel] PROGRESS state=State.Playing position=24.3s advancing=True
[13:50:08.395] [MGL] PROGRESS state=State.Playing position=24.3s advancing=True
[13:50:08.554] [Rover1] PROGRESS state=State.Playing position=25.0s advancing=True
[13:50:09.255] [SCL] PROGRESS state=State.Playing position=25.5s advancing=True
[13:50:09.276] [Sentinel] PROGRESS state=State.Playing position=25.3s advancing=True
[13:50:09.559] [Rover1] PROGRESS state=State.Playing position=26.0s advancing=True
[13:50:09.567] [Rocket Ranch] PROGRESS state=State.Playing position=25.4s advancing=True
[13:50:11.267] [SCL] PROGRESS state=State.Playing position=27.5s advancing=True
[13:50:11.271] [SBL] PROGRESS state=State.Playing position=27.6s advancing=True
[13:50:11.288] [Sentinel] PROGRESS state=State.Playing position=27.3s advancing=True
[13:50:11.412] [MGL] PROGRESS state=State.Playing position=27.3s advancing=True
[13:50:11.577] [Rocket Ranch] PROGRESS state=State.Playing position=27.4s advancing=True
[13:50:12.273] [SCL] PROGRESS state=State.Playing position=28.5s advancing=True
[13:50:12.276] [SBL] PROGRESS state=State.Playing position=28.6s advancing=True
[13:50:12.295] [Sentinel] PROGRESS state=State.Playing position=28.3s advancing=True
[13:50:12.418] [MGL] PROGRESS state=State.Playing position=28.3s advancing=True
[13:50:12.576] [Rover1] PROGRESS state=State.Playing position=29.0s advancing=True
[13:50:13.302] [Sentinel] PROGRESS state=State.Playing position=29.3s advancing=True
[13:50:13.583] [Rover1] PROGRESS state=State.Playing position=30.0s advancing=True
[13:50:13.590] [Rocket Ranch] PROGRESS state=State.Playing position=29.4s advancing=True
[13:50:14.285] [SCL] PROGRESS state=State.Playing position=30.5s advancing=True
[13:50:14.307] [Sentinel] PROGRESS state=State.Playing position=30.3s advancing=True
[13:50:14.428] [MGL] PROGRESS state=State.Playing position=30.3s advancing=True
[13:50:15.091] [Rover1] PROGRESS state=State.Playing position=32.0s advancing=True
[13:50:15.100] [Rocket Ranch] PROGRESS state=State.Playing position=31.4s advancing=True
[13:50:15.291] [SCL] PROGRESS state=State.Playing position=31.5s advancing=True
[13:50:15.295] [SBL] PROGRESS state=State.Playing position=31.6s advancing=True
[13:50:15.313] [Sentinel] PROGRESS state=State.Playing position=31.3s advancing=True
[13:50:15.436] [MGL] PROGRESS state=State.Playing position=31.3s advancing=True
[13:50:16.297] [SCL] PROGRESS state=State.Playing position=32.5s advancing=True
[13:50:16.302] [SBL] PROGRESS state=State.Playing position=32.6s advancing=True
[13:50:16.321] [Sentinel] PROGRESS state=State.Playing position=32.3s advancing=True
[13:50:16.442] [MGL] PROGRESS state=State.Playing position=32.3s advancing=True
[13:50:16.602] [Rover1] PROGRESS state=State.Playing position=33.0s advancing=True
[13:50:17.110] [Rocket Ranch] PROGRESS state=State.Playing position=33.4s advancing=True
[13:50:17.305] [SCL] PROGRESS state=State.Playing position=33.5s advancing=True
[13:50:17.308] [SBL] PROGRESS state=State.Playing position=33.6s advancing=True
[13:50:17.607] [Rover1] PROGRESS state=State.Playing position=34.0s advancing=True
[13:50:18.310] [SCL] PROGRESS state=State.Playing position=34.5s advancing=True
[13:50:18.314] [SBL] PROGRESS state=State.Playing position=34.6s advancing=True
[13:50:18.335] [Sentinel] PROGRESS state=State.Playing position=34.3s advancing=True
[13:50:18.456] [MGL] PROGRESS state=State.Playing position=34.3s advancing=True
[13:50:18.613] [Rover1] PROGRESS state=State.Playing position=35.0s advancing=True
[13:50:19.317] [SCL] PROGRESS state=State.Playing position=35.5s advancing=True
[13:50:19.320] [SBL] PROGRESS state=State.Playing position=35.6s advancing=True
[13:50:19.461] [MGL] PROGRESS state=State.Playing position=35.3s advancing=True
[13:50:19.623] [Rocket Ranch] PROGRESS state=State.Playing position=35.4s advancing=True
[13:50:20.125] [Rocket Ranch] PROGRESS state=State.Playing position=36.4s advancing=True
[13:50:20.345] [Sentinel] PROGRESS state=State.Playing position=36.3s advancing=True
[13:50:20.468] [MGL] PROGRESS state=State.Playing position=36.3s advancing=True
[13:50:21.331] [SBL] PROGRESS state=State.Playing position=37.6s advancing=True
[13:50:21.352] [Sentinel] PROGRESS state=State.Playing position=37.3s advancing=True
[13:50:21.629] [Rover1] PROGRESS state=State.Playing position=38.0s advancing=True
[13:50:22.137] [Rocket Ranch] PROGRESS state=State.Playing position=38.4s advancing=True
[13:50:22.334] [SCL] PROGRESS state=State.Playing position=38.5s advancing=True
[13:50:22.337] [SBL] PROGRESS state=State.Playing position=38.6s advancing=True
[13:50:23.138] [Rover1] PROGRESS state=State.Playing position=40.0s advancing=True
[13:50:23.340] [SCL] PROGRESS state=State.Playing position=39.5s advancing=True
[13:50:23.343] [SBL] PROGRESS state=State.Playing position=39.6s advancing=True
[13:50:23.365] [Sentinel] PROGRESS state=State.Playing position=39.3s advancing=True
[13:50:23.487] [MGL] PROGRESS state=State.Playing position=39.3s advancing=True
[13:50:24.346] [SCL] PROGRESS state=State.Playing position=40.5s advancing=True
[13:50:24.350] [SBL] PROGRESS state=State.Playing position=40.6s advancing=True
[13:50:24.372] [Sentinel] PROGRESS state=State.Playing position=40.3s advancing=True
[13:50:24.492] [MGL] PROGRESS state=State.Playing position=40.3s advancing=True
[13:50:24.649] [Rocket Ranch] PROGRESS state=State.Playing position=40.4s advancing=True
[13:50:25.354] [SCL] PROGRESS state=State.Playing position=41.5s advancing=True
[13:50:25.357] [SBL] PROGRESS state=State.Playing position=41.6s advancing=True
[13:50:26.359] [SCL] PROGRESS state=State.Playing position=42.5s advancing=True
[13:50:26.363] [SBL] PROGRESS state=State.Playing position=42.6s advancing=True
[13:50:26.505] [MGL] PROGRESS state=State.Playing position=42.3s advancing=True
[13:50:26.660] [Rocket Ranch] PROGRESS state=State.Playing position=42.4s advancing=True
[13:50:27.159] [Rover1] PROGRESS state=State.Playing position=44.0s advancing=True
[13:50:27.366] [SCL] PROGRESS state=State.Playing position=43.5s advancing=True
[13:50:27.369] [SBL] PROGRESS state=State.Playing position=43.6s advancing=True
[13:50:27.510] [MGL] PROGRESS state=State.Playing position=43.3s advancing=True
[13:50:28.376] [SBL] PROGRESS state=State.Playing position=44.6s advancing=True
[13:50:28.398] [Sentinel] PROGRESS state=State.Playing position=44.3s advancing=True
[13:50:28.522] [MGL] PROGRESS state=State.Playing position=44.3s advancing=True
[13:50:28.673] [Rocket Ranch] PROGRESS state=State.Playing position=44.4s advancing=True
[13:50:29.405] [Sentinel] PROGRESS state=State.Playing position=45.3s advancing=True
[13:50:29.529] [MGL] PROGRESS state=State.Playing position=45.3s advancing=True
[13:50:30.186] [Rocket Ranch] PROGRESS state=State.Playing position=46.4s advancing=True
[13:50:30.384] [SCL] PROGRESS state=State.Playing position=46.5s advancing=True
[13:50:30.392] [SBL] PROGRESS state=State.Playing position=46.6s advancing=True
[13:50:30.411] [Sentinel] PROGRESS state=State.Playing position=46.3s advancing=True
[13:50:30.536] [MGL] PROGRESS state=State.Playing position=46.3s advancing=True
[13:50:31.390] [SCL] PROGRESS state=State.Playing position=47.5s advancing=True
[13:50:31.400] [SBL] PROGRESS state=State.Playing position=47.6s advancing=True
[13:50:31.418] [Sentinel] PROGRESS state=State.Playing position=47.3s advancing=True
[13:50:31.541] [MGL] PROGRESS state=State.Playing position=47.3s advancing=True
[13:50:32.046] [MGL] PROGRESS state=State.Playing position=48.3s advancing=True
[13:50:32.197] [Rocket Ranch] PROGRESS state=State.Playing position=48.4s advancing=True
[13:50:32.425] [Sentinel] PROGRESS state=State.Playing position=48.3s advancing=True
[13:50:33.197] [Rover1] PROGRESS state=State.Playing position=50.0s advancing=True
[13:50:33.567] [MGL] PROGRESS state=State.Playing position=49.3s advancing=True
[13:50:34.380] [SBL] STOP runtime=39.8s
[13:50:34.416] [SBL] VLC_EVENT=EventType.MediaPlayerStopped
[13:50:34.476] [SCL] STOP runtime=40.0s
[13:50:34.507] [SCL] VLC_EVENT=EventType.MediaPlayerStopped
[13:50:34.569] [MGL] STOP runtime=39.8s
[13:50:34.604] [MGL] VLC_EVENT=EventType.MediaPlayerStopped
[13:50:34.666] [Sentinel] STOP runtime=40.0s
[13:50:34.703] [Sentinel] VLC_EVENT=EventType.MediaPlayerStopped
[13:50:34.760] [Rover1] STOP runtime=40.4s
[13:50:34.796] [Rover1] VLC_EVENT=EventType.MediaPlayerStopped
[13:50:34.859] [Rocket Ranch] STOP runtime=40.5s
[13:50:34.910] [Rocket Ranch] VLC_EVENT=EventType.MediaPlayerStopped
[13:50:34.980] [SBL] RESOLVE_FEED starting original=https://youtube.com/watch
[13:50:34.986] [SCL] RESOLVE_FEED starting original=https://youtube.com/watch
[13:50:35.002] [MGL] RESOLVE_FEED starting original=https://youtube.com/watch
[13:50:35.026] [Sentinel] RESOLVE_FEED starting original=https://youtube.com/watch
[13:50:35.029] [Rover1] RESOLVE_FEED starting original=https://www.youtube.com/watch
[13:50:35.040] [Rocket Ranch] RESOLVE_FEED starting original=https://youtube.com/watch
[13:50:35.060] [Nerdle] RESOLVE_FEED starting original=https://www.youtube.com/watch
[13:50:36.902] [SBL] STREAM_START original=https://youtube.com/watch
[13:50:36.970] [SBL] SET_MEDIA url=https://manifest.googlevideo.com/api/manifest/hls_playlist/expire/1788133686/ei/1myUaqavCJWDkucPjO3QkA8/ip/2600:4040:282f:6200:bd75:1171:b122:320e/id/mhJRzQsLZGg.17/itag/96/source/yt_live_broadcast/requiressl/yes/ratebypass/yes/live/1/sgoap/gir%3Dyes%3Bitag%3D140/sgovp/gir%3Dyes%3Bitag%3D137/rqh/1/hls_chunk_host/rr11---sn-8xgp1vo-p5qes.googlevideo.com/xpc/EgVo2aDSNQ%3D%3D/playlist_duration/30/manifest_duration/30/ss/1/ssa/1/bui/AR3QkAm6ezMaeDd6i46NjuzCxl20crhPr22cCs7mAxbdMWg0qSP35d920WDLTtuFXLTWxbAbHUKnzNMg/spc/KBGBcpG63KzPDdXTbzircWZ35JyuqsJyvAQI-MV8JyxLAFlo3Q9fG6ZxEPJaOdKh/vprv/1/reg/0/playlist_type/DVR/initcwndbps/4186250/met/1788112086,/mh/3F/mm/44/mn/sn-8xgp1vo-p5qes/ms/lva/mv/m/mvi/11/pl/38/rms/lva,lva/dover/11/pacing/0/keepalive/yes/fexp/51565116,52135441/mt/1788111623/sparams/expire,ei,ip,id,itag,source,requiressl,ratebypass,live,sgoap,sgovp,rqh,xpc,playlist_duration,manifest_duration,ss,ssa,bui,spc,vprv,reg,playlist_type/sig/AE0s2JYwRQIhAO-oBr9tU-D95JLuKUen_je6p01bFZH4FugbOn795I04AiA6i0dRr_RiP0Ioy9lcvAvf6FNyiA4RTDixJh-Jmw6Usw%3D%3D/lsparams/hls_chunk_host,initcwndbps,met,mh,mm,mn,ms,mv,mvi,pl,rms/lsig/APaTxxMwRQIgUleNrZ8YO9Z2NxH9E2x_NgwbYYPUp-hToeYj8lM1NvUCIQDwjfAMceiYVG1lxYtvyq8iYVaY8rXWu3oBzbC0088vYA%3D%3D/playlist/index.m3u8 url_status=new
[13:50:36.981] [SBL] MEDIA_CREATED url=https://manifest.googlevideo.com/api/manifest/hls_playlist/expire/1788133686/ei/1myUaqavCJWDkucPjO3QkA8/ip/2600:4040:282f:6200:bd75:1171:b122:320e/id/mhJRzQsLZGg.17/itag/96/source/yt_live_broadcast/requiressl/yes/ratebypass/yes/live/1/sgoap/gir%3Dyes%3Bitag%3D140/sgovp/gir%3Dyes%3Bitag%3D137/rqh/1/hls_chunk_host/rr11---sn-8xgp1vo-p5qes.googlevideo.com/xpc/EgVo2aDSNQ%3D%3D/playlist_duration/30/manifest_duration/30/ss/1/ssa/1/bui/AR3QkAm6ezMaeDd6i46NjuzCxl20crhPr22cCs7mAxbdMWg0qSP35d920WDLTtuFXLTWxbAbHUKnzNMg/spc/KBGBcpG63KzPDdXTbzircWZ35JyuqsJyvAQI-MV8JyxLAFlo3Q9fG6ZxEPJaOdKh/vprv/1/reg/0/playlist_type/DVR/initcwndbps/4186250/met/1788112086,/mh/3F/mm/44/mn/sn-8xgp1vo-p5qes/ms/lva/mv/m/mvi/11/pl/38/rms/lva,lva/dover/11/pacing/0/keepalive/yes/fexp/51565116,52135441/mt/1788111623/sparams/expire,ei,ip,id,itag,source,requiressl,ratebypass,live,sgoap,sgovp,rqh,xpc,playlist_duration,manifest_duration,ss,ssa,bui,spc,vprv,reg,playlist_type/sig/AE0s2JYwRQIhAO-oBr9tU-D95JLuKUen_je6p01bFZH4FugbOn795I04AiA6i0dRr_RiP0Ioy9lcvAvf6FNyiA4RTDixJh-Jmw6Usw%3D%3D/lsparams/hls_chunk_host,initcwndbps,met,mh,mm,mn,ms,mv,mvi,pl,rms/lsig/APaTxxMwRQIgUleNrZ8YO9Z2NxH9E2x_NgwbYYPUp-hToeYj8lM1NvUCIQDwjfAMceiYVG1lxYtvyq8iYVaY8rXWu3oBzbC0088vYA%3D%3D/playlist/index.m3u8
[13:50:36.981] [SBL] STATE=State.NothingSpecial position=-0.0s
[13:50:37.019] [SCL] STREAM_START original=https://youtube.com/watch
[13:50:37.070] [SCL] SET_MEDIA url=https://manifest.googlevideo.com/api/manifest/hls_playlist/expire/1788133686/ei/1myUaumqDOG0kucPqavmsQE/ip/2600:4040:282f:6200:bd75:1171:b122:320e/id/Jm8wRjD3xVA.3/itag/96/source/yt_live_broadcast/requiressl/yes/ratebypass/yes/live/1/sgoap/gir%3Dyes%3Bitag%3D140/sgovp/gir%3Dyes%3Bitag%3D137/rqh/1/hls_chunk_host/rr1---sn-8xgp1vo-p5qe.googlevideo.com/xpc/EgVo2aDSNQ%3D%3D/playlist_duration/30/manifest_duration/30/ss/1/ssa/1/bui/AR3QkAm2P57IpYQaGWJfvK5mJKlTZdmQNRomS0d4_Ijtc1LrPd0f04jIRWr4Zi1VAK5hiyqHcwWYk8IN/spc/KBGBcsztSiQo3j2U0cYWorwfbIs0KYFY-nbzI159iwpdgFyHvw76eA8E2mvbTGDy/vprv/1/reg/0/playlist_type/DVR/initcwndbps/3942500/met/1788112086,/mh/Mv/mm/44/mn/sn-8xgp1vo-p5qe/ms/lva/mv/m/mvi/1/pl/38/rms/lva,lva/dover/11/pacing/0/epbp/1/keepalive/yes/fexp/51565115,52135441/mt/1788111623/sparams/expire,ei,ip,id,itag,source,requiressl,ratebypass,live,sgoap,sgovp,rqh,xpc,playlist_duration,manifest_duration,ss,ssa,bui,spc,vprv,reg,playlist_type/sig/AE0s2JYwRQIhAO-Kyisudy1xNKoss5O0AqME0umP0GRxjEfUzozUPzwJAiAGVECO1LLpoUGdvNO71PPp-7_TbxPRBoKLDWJObXe3ew%3D%3D/lsparams/hls_chunk_host,initcwndbps,met,mh,mm,mn,ms,mv,mvi,pl,rms/lsig/APaTxxMwRgIhANcyh-Gzk83HZeAaxV9LNQ_7skpJKTw7v8xAN1705sW5AiEA0z1RUx_tr-HyhwA43qPh7t29AZm_N90L1i0IbEVjaa4%3D/playlist/index.m3u8 url_status=new
[13:50:37.072] [SCL] MEDIA_CREATED url=https://manifest.googlevideo.com/api/manifest/hls_playlist/expire/1788133686/ei/1myUaumqDOG0kucPqavmsQE/ip/2600:4040:282f:6200:bd75:1171:b122:320e/id/Jm8wRjD3xVA.3/itag/96/source/yt_live_broadcast/requiressl/yes/ratebypass/yes/live/1/sgoap/gir%3Dyes%3Bitag%3D140/sgovp/gir%3Dyes%3Bitag%3D137/rqh/1/hls_chunk_host/rr1---sn-8xgp1vo-p5qe.googlevideo.com/xpc/EgVo2aDSNQ%3D%3D/playlist_duration/30/manifest_duration/30/ss/1/ssa/1/bui/AR3QkAm2P57IpYQaGWJfvK5mJKlTZdmQNRomS0d4_Ijtc1LrPd0f04jIRWr4Zi1VAK5hiyqHcwWYk8IN/spc/KBGBcsztSiQo3j2U0cYWorwfbIs0KYFY-nbzI159iwpdgFyHvw76eA8E2mvbTGDy/vprv/1/reg/0/playlist_type/DVR/initcwndbps/3942500/met/1788112086,/mh/Mv/mm/44/mn/sn-8xgp1vo-p5qe/ms/lva/mv/m/mvi/1/pl/38/rms/lva,lva/dover/11/pacing/0/epbp/1/keepalive/yes/fexp/51565115,52135441/mt/1788111623/sparams/expire,ei,ip,id,itag,source,requiressl,ratebypass,live,sgoap,sgovp,rqh,xpc,playlist_duration,manifest_duration,ss,ssa,bui,spc,vprv,reg,playlist_type/sig/AE0s2JYwRQIhAO-Kyisudy1xNKoss5O0AqME0umP0GRxjEfUzozUPzwJAiAGVECO1LLpoUGdvNO71PPp-7_TbxPRBoKLDWJObXe3ew%3D%3D/lsparams/hls_chunk_host,initcwndbps,met,mh,mm,mn,ms,mv,mvi,pl,rms/lsig/APaTxxMwRgIhANcyh-Gzk83HZeAaxV9LNQ_7skpJKTw7v8xAN1705sW5AiEA0z1RUx_tr-HyhwA43qPh7t29AZm_N90L1i0IbEVjaa4%3D/playlist/index.m3u8
[13:50:37.073] [SCL] STATE=State.NothingSpecial position=-0.0s
[13:50:37.184] [SBL] PLAY requested runtime=0.2s
[13:50:37.185] [SCL] PLAY requested runtime=0.1s
[13:50:37.186] [SBL] VLC_EVENT=EventType.MediaPlayerOpening
[13:50:37.188] [SBL] VLC_EVENT=EventType.MediaPlayerBuffering
[13:50:37.188] [SCL] VLC_EVENT=EventType.MediaPlayerOpening
[13:50:37.189] [SCL] VLC_EVENT=EventType.MediaPlayerBuffering
[13:50:37.192] [Rocket Ranch] STREAM_START original=https://youtube.com/watch
[13:50:37.299] [Rocket Ranch] SET_MEDIA url=https://manifest.googlevideo.com/api/manifest/hls_playlist/expire/1788133686/ei/1myUavmWFOGXr9gPn6DK4A8/ip/2600:4040:282f:6200:bd75:1171:b122:320e/id/qw3uaLRrYNY.3/itag/96/source/yt_live_broadcast/requiressl/yes/ratebypass/yes/live/1/sgoap/gir%3Dyes%3Bitag%3D140/sgovp/gir%3Dyes%3Bitag%3D137/rqh/1/hls_chunk_host/rr8---sn-8xgp1vo-p5qel.googlevideo.com/xpc/EgVo2aDSNQ%3D%3D/playlist_duration/30/manifest_duration/30/bui/AR3QkAmibOCG9F75n1eykxkNe4YM2gCJwT42eYoBmjnHtx-F3gTKtMizI0k6aMeGcPMqHXRTCS9rFpAa/spc/KBGBcuu0YO5V67He5uxTRaAQPLpZ1iU57d0bkdP9GgM3ShY1ab3c51zlrr5boZ4_/vprv/1/reg/0/playlist_type/DVR/initcwndbps/4052500/met/1788112086,/mh/RC/mm/44/mn/sn-8xgp1vo-p5qel/ms/lva/mv/m/mvi/8/pl/38/rms/lva,lva/dover/11/pacing/0/keepalive/yes/fexp/51565116,52135441/mt/1788111623/sparams/expire,ei,ip,id,itag,source,requiressl,ratebypass,live,sgoap,sgovp,rqh,xpc,playlist_duration,manifest_duration,bui,spc,vprv,reg,playlist_type/sig/AE0s2JYwRgIhAOiMz4FptCITFPJPRgV1EGW5k1-RyVXsuXinOk36cHL_AiEAyZjq3qsZh-olZaBehvdPibb8fwUqnKtgoQqtT3cvRaw%3D/lsparams/hls_chunk_host,initcwndbps,met,mh,mm,mn,ms,mv,mvi,pl,rms/lsig/APaTxxMwRgIhAJU_n7dpmfQERnkrgwMs6mNAcGPscs4hYnTqcBde6pFkAiEAj7vp2jRobRwRutiSGI3mEKCtAzanCxphoIBckTkD-EQ%3D/playlist/index.m3u8 url_status=new
[13:50:37.300] [SBL] VLC_EVENT=EventType.MediaPlayerPlaying
[13:50:37.301] [SCL] VLC_EVENT=EventType.MediaPlayerPlaying
[13:50:37.301] [Rocket Ranch] MEDIA_CREATED url=https://manifest.googlevideo.com/api/manifest/hls_playlist/expire/1788133686/ei/1myUavmWFOGXr9gPn6DK4A8/ip/2600:4040:282f:6200:bd75:1171:b122:320e/id/qw3uaLRrYNY.3/itag/96/source/yt_live_broadcast/requiressl/yes/ratebypass/yes/live/1/sgoap/gir%3Dyes%3Bitag%3D140/sgovp/gir%3Dyes%3Bitag%3D137/rqh/1/hls_chunk_host/rr8---sn-8xgp1vo-p5qel.googlevideo.com/xpc/EgVo2aDSNQ%3D%3D/playlist_duration/30/manifest_duration/30/bui/AR3QkAmibOCG9F75n1eykxkNe4YM2gCJwT42eYoBmjnHtx-F3gTKtMizI0k6aMeGcPMqHXRTCS9rFpAa/spc/KBGBcuu0YO5V67He5uxTRaAQPLpZ1iU57d0bkdP9GgM3ShY1ab3c51zlrr5boZ4_/vprv/1/reg/0/playlist_type/DVR/initcwndbps/4052500/met/1788112086,/mh/RC/mm/44/mn/sn-8xgp1vo-p5qel/ms/lva/mv/m/mvi/8/pl/38/rms/lva,lva/dover/11/pacing/0/keepalive/yes/fexp/51565116,52135441/mt/1788111623/sparams/expire,ei,ip,id,itag,source,requiressl,ratebypass,live,sgoap,sgovp,rqh,xpc,playlist_duration,manifest_duration,bui,spc,vprv,reg,playlist_type/sig/AE0s2JYwRgIhAOiMz4FptCITFPJPRgV1EGW5k1-RyVXsuXinOk36cHL_AiEAyZjq3qsZh-olZaBehvdPibb8fwUqnKtgoQqtT3cvRaw%3D/lsparams/hls_chunk_host,initcwndbps,met,mh,mm,mn,ms,mv,mvi,pl,rms/lsig/APaTxxMwRgIhAJU_n7dpmfQERnkrgwMs6mNAcGPscs4hYnTqcBde6pFkAiEAj7vp2jRobRwRutiSGI3mEKCtAzanCxphoIBckTkD-EQ%3D/playlist/index.m3u8
[13:50:37.302] [Rocket Ranch] STATE=State.NothingSpecial position=-0.0s
[13:50:37.409] [SBL] VLC_EVENT=EventType.MediaPlayerBuffering
[13:50:37.410] [SCL] VLC_EVENT=EventType.MediaPlayerBuffering
[13:50:37.411] [SBL] VLC_EVENT=EventType.MediaPlayerBuffering
[13:50:37.412] [SCL] VLC_EVENT=EventType.MediaPlayerBuffering
[13:50:37.412] [SBL] VLC_EVENT=EventType.MediaPlayerBuffering
[13:50:37.413] [SCL] VLC_EVENT=EventType.MediaPlayerBuffering
[13:50:37.414] [SBL] VLC_EVENT=EventType.MediaPlayerBuffering
[13:50:37.415] [SCL] VLC_EVENT=EventType.MediaPlayerBuffering
[13:50:37.415] [SBL] VLC_EVENT=EventType.MediaPlayerBuffering
[13:50:37.418] [SCL] VLC_EVENT=EventType.MediaPlayerBuffering
[13:50:37.419] [SBL] VLC_EVENT=EventType.MediaPlayerBuffering
[13:50:37.420] [SCL] VLC_EVENT=EventType.MediaPlayerBuffering
[13:50:37.420] [SBL] VLC_EVENT=EventType.MediaPlayerBuffering
[13:50:37.421] [SCL] VLC_EVENT=EventType.MediaPlayerBuffering
[13:50:37.421] [SBL] VLC_EVENT=EventType.MediaPlayerBuffering
[13:50:37.422] [SCL] VLC_EVENT=EventType.MediaPlayerBuffering
[13:50:37.422] [SBL] VLC_EVENT=EventType.MediaPlayerBuffering
[13:50:37.423] [SCL] VLC_EVENT=EventType.MediaPlayerBuffering
[13:50:37.423] [SBL] VLC_EVENT=EventType.MediaPlayerBuffering
[13:50:37.424] [SCL] VLC_EVENT=EventType.MediaPlayerBuffering
[13:50:37.424] [SBL] VLC_EVENT=EventType.MediaPlayerBuffering
[13:50:37.425] [SCL] VLC_EVENT=EventType.MediaPlayerBuffering
[13:50:37.426] [SBL] VLC_EVENT=EventType.MediaPlayerBuffering
[13:50:37.426] [SCL] VLC_EVENT=EventType.MediaPlayerBuffering
[13:50:37.427] [SBL] VLC_EVENT=EventType.MediaPlayerBuffering
[13:50:37.427] [SCL] VLC_EVENT=EventType.MediaPlayerBuffering
[13:50:37.428] [SBL] VLC_EVENT=EventType.MediaPlayerBuffering
[13:50:37.428] [SCL] VLC_EVENT=EventType.MediaPlayerBuffering
[13:50:37.429] [SBL] VLC_EVENT=EventType.MediaPlayerBuffering
[13:50:37.430] [SCL] VLC_EVENT=EventType.MediaPlayerBuffering
[13:50:37.430] [SBL] VLC_EVENT=EventType.MediaPlayerBuffering
[13:50:37.431] [SCL] VLC_EVENT=EventType.MediaPlayerBuffering
[13:50:37.431] [SBL] VLC_EVENT=EventType.MediaPlayerBuffering
[13:50:37.432] [SCL] VLC_EVENT=EventType.MediaPlayerBuffering
[13:50:37.434] [SBL] VLC_EVENT=EventType.MediaPlayerBuffering
[13:50:37.492] [SBL] VLC_EVENT=EventType.MediaPlayerBuffering
[13:50:37.492] [SCL] VLC_EVENT=EventType.MediaPlayerBuffering
[13:50:37.527] [SBL] VLC_EVENT=EventType.MediaPlayerBuffering
[13:50:37.531] [SBL] VLC_EVENT=EventType.MediaPlayerBuffering
[13:50:37.531] [SCL] VLC_EVENT=EventType.MediaPlayerBuffering
[13:50:37.532] [SBL] VLC_EVENT=EventType.MediaPlayerBuffering
[13:50:37.532] [SCL] VLC_EVENT=EventType.MediaPlayerBuffering
[13:50:37.533] [SBL] VLC_EVENT=EventType.MediaPlayerBuffering
[13:50:37.533] [SCL] VLC_EVENT=EventType.MediaPlayerBuffering
[13:50:37.534] [SBL] VLC_EVENT=EventType.MediaPlayerBuffering
[13:50:37.534] [SCL] VLC_EVENT=EventType.MediaPlayerBuffering
[13:50:37.535] [SBL] VLC_EVENT=EventType.MediaPlayerBuffering
[13:50:37.535] [SCL] VLC_EVENT=EventType.MediaPlayerBuffering
[13:50:37.536] [SBL] VLC_EVENT=EventType.MediaPlayerBuffering
[13:50:37.536] [SCL] VLC_EVENT=EventType.MediaPlayerBuffering
[13:50:37.537] [SBL] VLC_EVENT=EventType.MediaPlayerBuffering
[13:50:37.537] [SCL] VLC_EVENT=EventType.MediaPlayerBuffering
[13:50:37.538] [SBL] VLC_EVENT=EventType.MediaPlayerBuffering
[13:50:37.539] [Rocket Ranch] PLAY requested runtime=0.2s
[13:50:37.539] [SBL] VLC_EVENT=EventType.MediaPlayerBuffering
[13:50:37.539] [SCL] VLC_EVENT=EventType.MediaPlayerBuffering
[13:50:37.540] [SBL] VLC_EVENT=EventType.MediaPlayerBuffering
[13:50:37.540] [SBL] STATE=State.Playing position=0.0s
[13:50:37.541] [SCL] VLC_EVENT=EventType.MediaPlayerBuffering
[13:50:37.541] [SBL] VLC_EVENT=EventType.MediaPlayerBuffering
[13:50:37.541] [Rocket Ranch] VLC_EVENT=EventType.MediaPlayerOpening
[13:50:37.542] [SCL] VLC_EVENT=EventType.MediaPlayerBuffering
[13:50:37.543] [SBL] VLC_EVENT=EventType.MediaPlayerBuffering
[13:50:37.543] [Rocket Ranch] VLC_EVENT=EventType.MediaPlayerBuffering
[13:50:37.544] [SCL] VLC_EVENT=EventType.MediaPlayerBuffering
[13:50:37.545] [SCL] VLC_EVENT=EventType.MediaPlayerBuffering
[13:50:37.546] [MGL] STREAM_START original=https://youtube.com/watch
[13:50:37.546] [SCL] VLC_EVENT=EventType.MediaPlayerBuffering
[13:50:37.547] [SCL] VLC_EVENT=EventType.MediaPlayerBuffering
[13:50:37.581] [MGL] SET_MEDIA url=https://manifest.googlevideo.com/api/manifest/hls_playlist/expire/1788133686/ei/1myUauW6H9S3kucPibybkAE/ip/2600:4040:282f:6200:bd75:1171:b122:320e/id/cOmmvhDQ2HM.13/itag/96/source/yt_live_broadcast/requiressl/yes/ratebypass/yes/live/1/sgoap/gir%3Dyes%3Bitag%3D140/sgovp/gir%3Dyes%3Bitag%3D137/rqh/1/hls_chunk_host/rr7---sn-8xgp1vo-p5qe7.googlevideo.com/xpc/EgVo2aDSNQ%3D%3D/playlist_duration/30/manifest_duration/30/ss/1/ssa/1/bui/AR3QkAkY8wRF64A721eWnOxbi1HZ7ZI-wE4GhqzwOp0PYgNHEsxN28ihOD0jXKb3dcEQWxbHqu7In_ZU/spc/KBGBcr4xQdjFqiUJ2_iCz-usmR1niEqBy5pFjs5Wl7G7LbCR9etW16AwB78lnH6Y/vprv/1/reg/0/playlist_type/DVR/initcwndbps/4303750/met/1788112086,/mh/m4/mm/44/mn/sn-8xgp1vo-p5qe7/ms/lva/mv/m/mvi/7/pcm2cms/yes/pl/38/rms/lva,lva/dover/11/pacing/0/keepalive/yes/fexp/51565116,52135441/mt/1788111863/sparams/expire,ei,ip,id,itag,source,requiressl,ratebypass,live,sgoap,sgovp,rqh,xpc,playlist_duration,manifest_duration,ss,ssa,bui,spc,vprv,reg,playlist_type/sig/AE0s2JYwRQIgZSKpj87iEF2vv8Y96QVaI_DEENu6w7_FeDyHASCxnicCIQCDSEldr-cayxrcNY2o9dBviheZOLmWQhKgIU4CteCryQ%3D%3D/lsparams/hls_chunk_host,initcwndbps,met,mh,mm,mn,ms,mv,mvi,pcm2cms,pl,rms/lsig/APaTxxMwRQIhAKZLknq4M0DnP7AHrcqphKR-vksRNcLqdTCAn6UHqhyfAiADf2qkkKgnNIoxJOmtnXBG_o6YQtKHjwr881hB5FFxMg%3D%3D/playlist/index.m3u8 url_status=new
[13:50:37.616] [MGL] MEDIA_CREATED url=https://manifest.googlevideo.com/api/manifest/hls_playlist/expire/1788133686/ei/1myUauW6H9S3kucPibybkAE/ip/2600:4040:282f:6200:bd75:1171:b122:320e/id/cOmmvhDQ2HM.13/itag/96/source/yt_live_broadcast/requiressl/yes/ratebypass/yes/live/1/sgoap/gir%3Dyes%3Bitag%3D140/sgovp/gir%3Dyes%3Bitag%3D137/rqh/1/hls_chunk_host/rr7---sn-8xgp1vo-p5qe7.googlevideo.com/xpc/EgVo2aDSNQ%3D%3D/playlist_duration/30/manifest_duration/30/ss/1/ssa/1/bui/AR3QkAkY8wRF64A721eWnOxbi1HZ7ZI-wE4GhqzwOp0PYgNHEsxN28ihOD0jXKb3dcEQWxbHqu7In_ZU/spc/KBGBcr4xQdjFqiUJ2_iCz-usmR1niEqBy5pFjs5Wl7G7LbCR9etW16AwB78lnH6Y/vprv/1/reg/0/playlist_type/DVR/initcwndbps/4303750/met/1788112086,/mh/m4/mm/44/mn/sn-8xgp1vo-p5qe7/ms/lva/mv/m/mvi/7/pcm2cms/yes/pl/38/rms/lva,lva/dover/11/pacing/0/keepalive/yes/fexp/51565116,52135441/mt/1788111863/sparams/expire,ei,ip,id,itag,source,requiressl,ratebypass,live,sgoap,sgovp,rqh,xpc,playlist_duration,manifest_duration,ss,ssa,bui,spc,vprv,reg,playlist_type/sig/AE0s2JYwRQIgZSKpj87iEF2vv8Y96QVaI_DEENu6w7_FeDyHASCxnicCIQCDSEldr-cayxrcNY2o9dBviheZOLmWQhKgIU4CteCryQ%3D%3D/lsparams/hls_chunk_host,initcwndbps,met,mh,mm,mn,ms,mv,mvi,pcm2cms,pl,rms/lsig/APaTxxMwRQIhAKZLknq4M0DnP7AHrcqphKR-vksRNcLqdTCAn6UHqhyfAiADf2qkkKgnNIoxJOmtnXBG_o6YQtKHjwr881hB5FFxMg%3D%3D/playlist/index.m3u8
[13:50:37.617] [MGL] STATE=State.NothingSpecial position=-0.0s
[13:50:37.650] [Rocket Ranch] VLC_EVENT=EventType.MediaPlayerPlaying
[13:50:37.742] [Nerdle] STREAM_START original=https://www.youtube.com/watch
[13:50:37.766] [Nerdle] SET_MEDIA url=https://manifest.googlevideo.com/api/manifest/hls_playlist/expire/1788133686/ei/1myUavLjLavZkucP8Ivs-QE/ip/2600:4040:282f:6200:bd75:1171:b122:320e/id/B89oRmywnJo.1/itag/96/source/yt_live_broadcast/requiressl/yes/ratebypass/yes/live/1/sgoap/gir%3Dyes%3Bitag%3D140/sgovp/gir%3Dyes%3Bitag%3D137/rqh/1/hls_chunk_host/rr10---sn-8xgp1vo-p5qes.googlevideo.com/xpc/EgVo2aDSNQ%3D%3D/playlist_duration/30/manifest_duration/30/bui/AR3QkAlFcyN0AjcLUgxgZ3dfROrETdNLfSXad-deSUAL4cnJo05YK6KtFXsD29inJHMWlNR8QvlmAIZy/spc/KBGBcucXFLsPjzd7ORmidqBLRMUp-3odaDDrg82XDLyrgb4WwzQwTQAGklMU-2gQ/vprv/1/reg/0/playlist_type/DVR/initcwndbps/4186250/met/1788112086,/mh/pS/mm/44/mn/sn-8xgp1vo-p5qes/ms/lva/mv/m/mvi/10/pl/38/rms/lva,lva/dover/11/pacing/0/keepalive/yes/fexp/51565116,52135441/mt/1788111623/sparams/expire,ei,ip,id,itag,source,requiressl,ratebypass,live,sgoap,sgovp,rqh,xpc,playlist_duration,manifest_duration,bui,spc,vprv,reg,playlist_type/sig/AE0s2JYwRQIhAIuYl9-QoU7fw3uR3TicP3fMpTS0OwfNaFT1dbKUd_7SAiAItOM_729vaLQ9N7nU4a5MYOnrHi0H7brrGAEZIxsLxw%3D%3D/lsparams/hls_chunk_host,initcwndbps,met,mh,mm,mn,ms,mv,mvi,pl,rms/lsig/APaTxxMwRQIhAI-ZnxpcFAFEF0tS3I-WMiS36CFA083dHt3PZBmLXvRIAiBveyXtzI_XbewBpwiWCYnBzF48VGzl9XelFPf3MYbs_g%3D%3D/playlist/index.m3u8 url_status=new
[13:50:37.769] [Nerdle] MEDIA_CREATED url=https://manifest.googlevideo.com/api/manifest/hls_playlist/expire/1788133686/ei/1myUavLjLavZkucP8Ivs-QE/ip/2600:4040:282f:6200:bd75:1171:b122:320e/id/B89oRmywnJo.1/itag/96/source/yt_live_broadcast/requiressl/yes/ratebypass/yes/live/1/sgoap/gir%3Dyes%3Bitag%3D140/sgovp/gir%3Dyes%3Bitag%3D137/rqh/1/hls_chunk_host/rr10---sn-8xgp1vo-p5qes.googlevideo.com/xpc/EgVo2aDSNQ%3D%3D/playlist_duration/30/manifest_duration/30/bui/AR3QkAlFcyN0AjcLUgxgZ3dfROrETdNLfSXad-deSUAL4cnJo05YK6KtFXsD29inJHMWlNR8QvlmAIZy/spc/KBGBcucXFLsPjzd7ORmidqBLRMUp-3odaDDrg82XDLyrgb4WwzQwTQAGklMU-2gQ/vprv/1/reg/0/playlist_type/DVR/initcwndbps/4186250/met/1788112086,/mh/pS/mm/44/mn/sn-8xgp1vo-p5qes/ms/lva/mv/m/mvi/10/pl/38/rms/lva,lva/dover/11/pacing/0/keepalive/yes/fexp/51565116,52135441/mt/1788111623/sparams/expire,ei,ip,id,itag,source,requiressl,ratebypass,live,sgoap,sgovp,rqh,xpc,playlist_duration,manifest_duration,bui,spc,vprv,reg,playlist_type/sig/AE0s2JYwRQIhAIuYl9-QoU7fw3uR3TicP3fMpTS0OwfNaFT1dbKUd_7SAiAItOM_729vaLQ9N7nU4a5MYOnrHi0H7brrGAEZIxsLxw%3D%3D/lsparams/hls_chunk_host,initcwndbps,met,mh,mm,mn,ms,mv,mvi,pl,rms/lsig/APaTxxMwRQIhAI-ZnxpcFAFEF0tS3I-WMiS36CFA083dHt3PZBmLXvRIAiBveyXtzI_XbewBpwiWCYnBzF48VGzl9XelFPf3MYbs_g%3D%3D/playlist/index.m3u8
[13:50:37.770] [Nerdle] STATE=State.NothingSpecial position=-0.0s
[13:50:37.774] [Rocket Ranch] VLC_EVENT=EventType.MediaPlayerBuffering
[13:50:37.775] [Rocket Ranch] VLC_EVENT=EventType.MediaPlayerBuffering
[13:50:37.775] [Rocket Ranch] VLC_EVENT=EventType.MediaPlayerBuffering
[13:50:37.776] [Rocket Ranch] VLC_EVENT=EventType.MediaPlayerBuffering
[13:50:37.776] [Rocket Ranch] VLC_EVENT=EventType.MediaPlayerBuffering
[13:50:37.777] [Rocket Ranch] VLC_EVENT=EventType.MediaPlayerBuffering
[13:50:37.777] [Rocket Ranch] VLC_EVENT=EventType.MediaPlayerBuffering
[13:50:37.778] [Rocket Ranch] VLC_EVENT=EventType.MediaPlayerBuffering
[13:50:37.778] [Rocket Ranch] VLC_EVENT=EventType.MediaPlayerBuffering
[13:50:37.779] [Rocket Ranch] VLC_EVENT=EventType.MediaPlayerBuffering
[13:50:37.780] [Rocket Ranch] VLC_EVENT=EventType.MediaPlayerBuffering
[13:50:37.780] [Rocket Ranch] VLC_EVENT=EventType.MediaPlayerBuffering
[13:50:37.781] [Rocket Ranch] VLC_EVENT=EventType.MediaPlayerBuffering
[13:50:37.781] [Rocket Ranch] VLC_EVENT=EventType.MediaPlayerBuffering
[13:50:37.782] [Rocket Ranch] VLC_EVENT=EventType.MediaPlayerBuffering
[13:50:37.782] [Rocket Ranch] VLC_EVENT=EventType.MediaPlayerBuffering
[13:50:37.783] [Rocket Ranch] VLC_EVENT=EventType.MediaPlayerBuffering
[13:50:37.887] [SCL] STATE=State.Playing position=0.0s
[13:50:37.888] [MGL] PLAY requested runtime=0.3s
[13:50:37.889] [Rocket Ranch] STATE=State.Playing position=0.0s
[13:50:37.890] [Nerdle] PLAY requested runtime=0.1s
[13:50:37.890] [MGL] VLC_EVENT=EventType.MediaPlayerOpening
[13:50:37.891] [MGL] VLC_EVENT=EventType.MediaPlayerBuffering
[13:50:37.891] [Nerdle] VLC_EVENT=EventType.MediaPlayerOpening
[13:50:37.892] [Nerdle] VLC_EVENT=EventType.MediaPlayerBuffering
[13:50:37.895] [Rover1] STREAM_START original=https://www.youtube.com/watch
[13:50:37.895] [Rocket Ranch] VLC_EVENT=EventType.MediaPlayerBuffering
[13:50:37.896] [Rocket Ranch] VLC_EVENT=EventType.MediaPlayerBuffering
[13:50:37.897] [Rocket Ranch] VLC_EVENT=EventType.MediaPlayerBuffering
[13:50:37.898] [Rocket Ranch] VLC_EVENT=EventType.MediaPlayerBuffering
[13:50:37.899] [Rocket Ranch] VLC_EVENT=EventType.MediaPlayerBuffering
[13:50:37.899] [Rocket Ranch] VLC_EVENT=EventType.MediaPlayerBuffering
[13:50:37.900] [Rocket Ranch] VLC_EVENT=EventType.MediaPlayerBuffering
[13:50:37.901] [Rocket Ranch] VLC_EVENT=EventType.MediaPlayerBuffering
[13:50:37.901] [Rocket Ranch] VLC_EVENT=EventType.MediaPlayerBuffering
[13:50:37.902] [Rocket Ranch] VLC_EVENT=EventType.MediaPlayerBuffering
[13:50:37.922] [Rover1] SET_MEDIA url=https://manifest.googlevideo.com/api/manifest/hls_playlist/expire/1788133686/ei/1myUavvTMNS3kucPzsab-AE/ip/2600:4040:282f:6200:bd75:1171:b122:320e/id/inCQ49QGmqQ.2/itag/96/source/yt_live_broadcast/requiressl/yes/ratebypass/yes/live/1/sgoap/gir%3Dyes%3Bitag%3D140/sgovp/gir%3Dyes%3Bitag%3D137/rqh/1/hls_chunk_host/rr13---sn-8xgp1vo-p5qes.googlevideo.com/xpc/EgVo2aDSNQ%3D%3D/playlist_duration/30/manifest_duration/30/bui/AR3QkAlT0ljWKF8mLDnCAC4sYpR8lE8WYJuBzhIrpppg4kf5jFyOn0939lUKh9BiFpSpPkXXAe_4n07z/spc/KBGBclMHYnEQtVj1hgKjAep43UTmoVTXg_ayPlIL9nNI1Pb3vVhz1AtT0pMEMzLX/vprv/1/reg/0/playlist_type/DVR/initcwndbps/4238750/met/1788112086,/mh/9I/mm/44/mn/sn-8xgp1vo-p5qes/ms/lva/mv/m/mvi/13/pl/38/rms/lva,lva/dover/11/pacing/0/keepalive/yes/fexp/51565115,52135441/mt/1788111863/sparams/expire,ei,ip,id,itag,source,requiressl,ratebypass,live,sgoap,sgovp,rqh,xpc,playlist_duration,manifest_duration,bui,spc,vprv,reg,playlist_type/sig/AE0s2JYwRQIgFTJA6uhfZ5weXxmFMbm2LoelLRXCNsaM5jIl9BvRwjQCIQCraYl1vDuqgQ0jpk1c3yPKLGOvE8D_qdxWde22Hr0YJg%3D%3D/lsparams/hls_chunk_host,initcwndbps,met,mh,mm,mn,ms,mv,mvi,pl,rms/lsig/APaTxxMwRgIhAPkEeDzDbKDE3BTXke1eucRKKWlN2f6DmZkCybB2cmn_AiEAhjqvm3i1cIa7XSTS1blnkbeUoj-SjgafWByYnZQWW2A%3D/playlist/index.m3u8 url_status=new
[13:50:37.925] [Rover1] MEDIA_CREATED url=https://manifest.googlevideo.com/api/manifest/hls_playlist/expire/1788133686/ei/1myUavvTMNS3kucPzsab-AE/ip/2600:4040:282f:6200:bd75:1171:b122:320e/id/inCQ49QGmqQ.2/itag/96/source/yt_live_broadcast/requiressl/yes/ratebypass/yes/live/1/sgoap/gir%3Dyes%3Bitag%3D140/sgovp/gir%3Dyes%3Bitag%3D137/rqh/1/hls_chunk_host/rr13---sn-8xgp1vo-p5qes.googlevideo.com/xpc/EgVo2aDSNQ%3D%3D/playlist_duration/30/manifest_duration/30/bui/AR3QkAlT0ljWKF8mLDnCAC4sYpR8lE8WYJuBzhIrpppg4kf5jFyOn0939lUKh9BiFpSpPkXXAe_4n07z/spc/KBGBclMHYnEQtVj1hgKjAep43UTmoVTXg_ayPlIL9nNI1Pb3vVhz1AtT0pMEMzLX/vprv/1/reg/0/playlist_type/DVR/initcwndbps/4238750/met/1788112086,/mh/9I/mm/44/mn/sn-8xgp1vo-p5qes/ms/lva/mv/m/mvi/13/pl/38/rms/lva,lva/dover/11/pacing/0/keepalive/yes/fexp/51565115,52135441/mt/1788111863/sparams/expire,ei,ip,id,itag,source,requiressl,ratebypass,live,sgoap,sgovp,rqh,xpc,playlist_duration,manifest_duration,bui,spc,vprv,reg,playlist_type/sig/AE0s2JYwRQIgFTJA6uhfZ5weXxmFMbm2LoelLRXCNsaM5jIl9BvRwjQCIQCraYl1vDuqgQ0jpk1c3yPKLGOvE8D_qdxWde22Hr0YJg%3D%3D/lsparams/hls_chunk_host,initcwndbps,met,mh,mm,mn,ms,mv,mvi,pl,rms/lsig/APaTxxMwRgIhAPkEeDzDbKDE3BTXke1eucRKKWlN2f6DmZkCybB2cmn_AiEAhjqvm3i1cIa7XSTS1blnkbeUoj-SjgafWByYnZQWW2A%3D/playlist/index.m3u8
[13:50:37.926] [Rover1] STATE=State.NothingSpecial position=-0.0s
[13:50:38.008] [MGL] VLC_EVENT=EventType.MediaPlayerPlaying
[13:50:38.057] [Sentinel] STREAM_START original=https://youtube.com/watch
[13:50:38.078] [Sentinel] SET_MEDIA url=https://manifest.googlevideo.com/api/manifest/hls_playlist/expire/1788133686/ei/1myUao3dNKzDkucPj5_IgQs/ip/2600:4040:282f:6200:bd75:1171:b122:320e/id/IQV0DlS1Ew0.4/itag/96/source/yt_live_broadcast/requiressl/yes/ratebypass/yes/live/1/sgoap/gir%3Dyes%3Bitag%3D140/sgovp/gir%3Dyes%3Bitag%3D137/rqh/1/hls_chunk_host/rr6---sn-8xgp1vo-p5qes.googlevideo.com/xpc/EgVo2aDSNQ%3D%3D/playlist_duration/30/manifest_duration/30/bui/AR3QkAkP4XhMmeH-1l71prYA6JLzbJdrbritFw4Bx0b5zTxgMpjMdB3vy_cXsOzRxsLT2yxwMkrH8MWw/spc/KBGBcnJWKbo5iTjqbqhpsbTvfau6EkeOw_9x02L4C7nms1SWW4M_EnAcUbLKHmQv/vprv/1/reg/0/playlist_type/DVR/initcwndbps/4186250/met/1788112087,/mh/dC/mm/44/mn/sn-8xgp1vo-p5qes/ms/lva/mv/m/mvi/6/pl/38/rms/lva,lva/dover/11/pacing/0/keepalive/yes/fexp/51565116,52135441/mt/1788111623/sparams/expire,ei,ip,id,itag,source,requiressl,ratebypass,live,sgoap,sgovp,rqh,xpc,playlist_duration,manifest_duration,bui,spc,vprv,reg,playlist_type/sig/AE0s2JYwRQIgTfaxRsQXYR6TZRZKPqcMl9ScSUKhix6Hsa-mq3kc6-QCIQCJX7ptz5xJO29344X2aaJ5mQyiK_TUMIJy4jq2jilNHg%3D%3D/lsparams/hls_chunk_host,initcwndbps,met,mh,mm,mn,ms,mv,mvi,pl,rms/lsig/APaTxxMwRAIgdhTKmypmxoMC5Kw73HJvICFvzSM1rM4eaHYvUyTjcEICIBkGe27cWiozPqn3XZWabdMzc058pOvNbH_BbV63ithf/playlist/index.m3u8 url_status=new
[13:50:38.081] [Sentinel] MEDIA_CREATED url=https://manifest.googlevideo.com/api/manifest/hls_playlist/expire/1788133686/ei/1myUao3dNKzDkucPj5_IgQs/ip/2600:4040:282f:6200:bd75:1171:b122:320e/id/IQV0DlS1Ew0.4/itag/96/source/yt_live_broadcast/requiressl/yes/ratebypass/yes/live/1/sgoap/gir%3Dyes%3Bitag%3D140/sgovp/gir%3Dyes%3Bitag%3D137/rqh/1/hls_chunk_host/rr6---sn-8xgp1vo-p5qes.googlevideo.com/xpc/EgVo2aDSNQ%3D%3D/playlist_duration/30/manifest_duration/30/bui/AR3QkAkP4XhMmeH-1l71prYA6JLzbJdrbritFw4Bx0b5zTxgMpjMdB3vy_cXsOzRxsLT2yxwMkrH8MWw/spc/KBGBcnJWKbo5iTjqbqhpsbTvfau6EkeOw_9x02L4C7nms1SWW4M_EnAcUbLKHmQv/vprv/1/reg/0/playlist_type/DVR/initcwndbps/4186250/met/1788112087,/mh/dC/mm/44/mn/sn-8xgp1vo-p5qes/ms/lva/mv/m/mvi/6/pl/38/rms/lva,lva/dover/11/pacing/0/keepalive/yes/fexp/51565116,52135441/mt/1788111623/sparams/expire,ei,ip,id,itag,source,requiressl,ratebypass,live,sgoap,sgovp,rqh,xpc,playlist_duration,manifest_duration,bui,spc,vprv,reg,playlist_type/sig/AE0s2JYwRQIgTfaxRsQXYR6TZRZKPqcMl9ScSUKhix6Hsa-mq3kc6-QCIQCJX7ptz5xJO29344X2aaJ5mQyiK_TUMIJy4jq2jilNHg%3D%3D/lsparams/hls_chunk_host,initcwndbps,met,mh,mm,mn,ms,mv,mvi,pl,rms/lsig/APaTxxMwRAIgdhTKmypmxoMC5Kw73HJvICFvzSM1rM4eaHYvUyTjcEICIBkGe27cWiozPqn3XZWabdMzc058pOvNbH_BbV63ithf/playlist/index.m3u8
[13:50:38.082] [Sentinel] STATE=State.NothingSpecial position=-0.0s
[13:50:38.116] [MGL] VLC_EVENT=EventType.MediaPlayerBuffering
[13:50:38.117] [MGL] VLC_EVENT=EventType.MediaPlayerBuffering
[13:50:38.117] [MGL] VLC_EVENT=EventType.MediaPlayerBuffering
[13:50:38.118] [MGL] VLC_EVENT=EventType.MediaPlayerBuffering
[13:50:38.118] [MGL] VLC_EVENT=EventType.MediaPlayerBuffering
[13:50:38.119] [MGL] VLC_EVENT=EventType.MediaPlayerBuffering
[13:50:38.119] [MGL] VLC_EVENT=EventType.MediaPlayerBuffering
[13:50:38.120] [MGL] VLC_EVENT=EventType.MediaPlayerBuffering
[13:50:38.121] [MGL] VLC_EVENT=EventType.MediaPlayerBuffering
[13:50:38.121] [MGL] VLC_EVENT=EventType.MediaPlayerBuffering
[13:50:38.122] [MGL] VLC_EVENT=EventType.MediaPlayerBuffering
[13:50:38.122] [MGL] VLC_EVENT=EventType.MediaPlayerBuffering
[13:50:38.123] [MGL] VLC_EVENT=EventType.MediaPlayerBuffering
[13:50:38.123] [MGL] VLC_EVENT=EventType.MediaPlayerBuffering
[13:50:38.124] [MGL] VLC_EVENT=EventType.MediaPlayerBuffering
[13:50:38.124] [MGL] VLC_EVENT=EventType.MediaPlayerBuffering
[13:50:38.125] [MGL] VLC_EVENT=EventType.MediaPlayerBuffering
[13:50:38.125] [MGL] VLC_EVENT=EventType.MediaPlayerBuffering
[13:50:38.126] [MGL] VLC_EVENT=EventType.MediaPlayerBuffering
[13:50:38.126] [MGL] VLC_EVENT=EventType.MediaPlayerBuffering
[13:50:38.127] [MGL] VLC_EVENT=EventType.MediaPlayerBuffering
[13:50:38.128] [MGL] VLC_EVENT=EventType.MediaPlayerBuffering
[13:50:38.128] [MGL] VLC_EVENT=EventType.MediaPlayerBuffering
[13:50:38.129] [MGL] VLC_EVENT=EventType.MediaPlayerBuffering
[13:50:38.130] [MGL] VLC_EVENT=EventType.MediaPlayerBuffering
[13:50:38.131] [MGL] VLC_EVENT=EventType.MediaPlayerBuffering
[13:50:38.132] [MGL] VLC_EVENT=EventType.MediaPlayerBuffering
[13:50:38.132] [MGL] VLC_EVENT=EventType.MediaPlayerBuffering
[13:50:38.133] [MGL] VLC_EVENT=EventType.MediaPlayerBuffering
[13:50:38.133] [MGL] VLC_EVENT=EventType.MediaPlayerBuffering
[13:50:38.134] [MGL] VLC_EVENT=EventType.MediaPlayerBuffering
[13:50:38.135] [MGL] VLC_EVENT=EventType.MediaPlayerBuffering
[13:50:38.217] [Rover1] PLAY requested runtime=0.3s
[13:50:38.218] [SBL] PROGRESS state=State.Playing position=12.3s advancing=True
[13:50:38.220] [Rover1] VLC_EVENT=EventType.MediaPlayerOpening
[13:50:38.220] [Rover1] VLC_EVENT=EventType.MediaPlayerBuffering
[13:50:38.221] [MGL] STATE=State.Playing position=0.0s
[13:50:38.224] [Sentinel] PLAY requested runtime=0.1s
[13:50:38.226] [Sentinel] VLC_EVENT=EventType.MediaPlayerOpening
[13:50:38.227] [Sentinel] VLC_EVENT=EventType.MediaPlayerBuffering
[13:50:38.273] [Nerdle] STATE=State.Opening position=0.0s
[13:50:38.300] [Rover1] VLC_EVENT=EventType.MediaPlayerPlaying
[13:50:38.338] [Sentinel] VLC_EVENT=EventType.MediaPlayerPlaying
[13:50:38.374] [Nerdle] VLC_EVENT=EventType.MediaPlayerPlaying
[13:50:38.387] [SCL] PROGRESS state=State.Playing position=12.2s advancing=True
[13:50:38.388] [Rover1] VLC_EVENT=EventType.MediaPlayerBuffering
[13:50:38.388] [Rover1] VLC_EVENT=EventType.MediaPlayerBuffering
[13:50:38.389] [Rover1] VLC_EVENT=EventType.MediaPlayerBuffering
[13:50:38.390] [Rover1] VLC_EVENT=EventType.MediaPlayerBuffering
[13:50:38.390] [Rover1] VLC_EVENT=EventType.MediaPlayerBuffering
[13:50:38.391] [Rover1] VLC_EVENT=EventType.MediaPlayerBuffering
[13:50:38.392] [Rover1] VLC_EVENT=EventType.MediaPlayerBuffering
[13:50:38.392] [Rover1] VLC_EVENT=EventType.MediaPlayerBuffering
[13:50:38.392] [Rocket Ranch] PROGRESS state=State.Playing position=12.1s advancing=True
[13:50:38.393] [Rover1] VLC_EVENT=EventType.MediaPlayerBuffering
[13:50:38.400] [Rover1] VLC_EVENT=EventType.MediaPlayerBuffering
[13:50:38.401] [Rover1] VLC_EVENT=EventType.MediaPlayerBuffering
[13:50:38.402] [Rover1] VLC_EVENT=EventType.MediaPlayerBuffering
[13:50:38.403] [Rover1] VLC_EVENT=EventType.MediaPlayerBuffering
[13:50:38.403] [Rover1] VLC_EVENT=EventType.MediaPlayerBuffering
[13:50:38.404] [Rover1] VLC_EVENT=EventType.MediaPlayerBuffering
[13:50:38.404] [Rover1] VLC_EVENT=EventType.MediaPlayerBuffering
[13:50:38.405] [Rover1] VLC_EVENT=EventType.MediaPlayerBuffering
[13:50:38.427] [Rover1] STATE=State.Playing position=0.0s
[13:50:38.447] [Sentinel] VLC_EVENT=EventType.MediaPlayerBuffering
[13:50:38.448] [Sentinel] VLC_EVENT=EventType.MediaPlayerBuffering
[13:50:38.448] [Sentinel] VLC_EVENT=EventType.MediaPlayerBuffering
[13:50:38.450] [Sentinel] VLC_EVENT=EventType.MediaPlayerBuffering
[13:50:38.451] [Sentinel] VLC_EVENT=EventType.MediaPlayerBuffering
[13:50:38.451] [Sentinel] VLC_EVENT=EventType.MediaPlayerBuffering
[13:50:38.452] [Sentinel] VLC_EVENT=EventType.MediaPlayerBuffering
[13:50:38.453] [Sentinel] VLC_EVENT=EventType.MediaPlayerBuffering
[13:50:38.453] [Sentinel] VLC_EVENT=EventType.MediaPlayerBuffering
[13:50:38.454] [Sentinel] VLC_EVENT=EventType.MediaPlayerBuffering
[13:50:38.454] [Sentinel] VLC_EVENT=EventType.MediaPlayerBuffering
[13:50:38.456] [Rover1] VLC_EVENT=EventType.MediaPlayerBuffering
[13:50:38.456] [Rover1] VLC_EVENT=EventType.MediaPlayerBuffering
[13:50:38.457] [Rover1] VLC_EVENT=EventType.MediaPlayerBuffering
[13:50:38.457] [Rover1] VLC_EVENT=EventType.MediaPlayerBuffering
[13:50:38.457] [Rover1] VLC_EVENT=EventType.MediaPlayerBuffering
[13:50:38.458] [Rover1] VLC_EVENT=EventType.MediaPlayerBuffering
[13:50:38.458] [Rover1] VLC_EVENT=EventType.MediaPlayerBuffering
[13:50:38.458] [Sentinel] VLC_EVENT=EventType.MediaPlayerBuffering
[13:50:38.459] [Rover1] VLC_EVENT=EventType.MediaPlayerBuffering
[13:50:38.459] [Sentinel] VLC_EVENT=EventType.MediaPlayerBuffering
[13:50:38.460] [Rover1] VLC_EVENT=EventType.MediaPlayerBuffering
[13:50:38.460] [Sentinel] VLC_EVENT=EventType.MediaPlayerBuffering
[13:50:38.461] [Rover1] VLC_EVENT=EventType.MediaPlayerBuffering
[13:50:38.461] [Sentinel] VLC_EVENT=EventType.MediaPlayerBuffering
[13:50:38.462] [Rover1] VLC_EVENT=EventType.MediaPlayerBuffering
[13:50:38.463] [Sentinel] VLC_EVENT=EventType.MediaPlayerBuffering
[13:50:38.464] [Rover1] VLC_EVENT=EventType.MediaPlayerBuffering
[13:50:38.464] [Sentinel] VLC_EVENT=EventType.MediaPlayerBuffering
[13:50:38.465] [Rover1] VLC_EVENT=EventType.MediaPlayerBuffering
[13:50:38.467] [Rover1] VLC_EVENT=EventType.MediaPlayerBuffering
[13:50:38.468] [Rover1] VLC_EVENT=EventType.MediaPlayerBuffering
[13:50:38.475] [Sentinel] VLC_EVENT=EventType.MediaPlayerBuffering
[13:50:38.483] [Sentinel] VLC_EVENT=EventType.MediaPlayerBuffering
[13:50:38.484] [Sentinel] VLC_EVENT=EventType.MediaPlayerBuffering
[13:50:38.484] [Sentinel] VLC_EVENT=EventType.MediaPlayerBuffering
[13:50:38.485] [Sentinel] VLC_EVENT=EventType.MediaPlayerBuffering
[13:50:38.486] [Sentinel] VLC_EVENT=EventType.MediaPlayerBuffering
[13:50:38.486] [Sentinel] VLC_EVENT=EventType.MediaPlayerBuffering
[13:50:38.487] [Sentinel] VLC_EVENT=EventType.MediaPlayerBuffering
[13:50:38.487] [Sentinel] VLC_EVENT=EventType.MediaPlayerBuffering
[13:50:38.488] [Sentinel] VLC_EVENT=EventType.MediaPlayerBuffering
[13:50:38.488] [Sentinel] VLC_EVENT=EventType.MediaPlayerBuffering
[13:50:38.489] [Sentinel] VLC_EVENT=EventType.MediaPlayerBuffering
[13:50:38.495] [Sentinel] VLC_EVENT=EventType.MediaPlayerBuffering
[13:50:38.496] [Sentinel] VLC_EVENT=EventType.MediaPlayerBuffering
[13:50:38.497] [Sentinel] VLC_EVENT=EventType.MediaPlayerBuffering
[13:50:38.582] [Sentinel] STATE=State.Playing position=0.0s
[13:50:38.583] [Nerdle] VLC_EVENT=EventType.MediaPlayerBuffering
[13:50:38.584] [Nerdle] VLC_EVENT=EventType.MediaPlayerBuffering
[13:50:38.584] [Nerdle] VLC_EVENT=EventType.MediaPlayerBuffering
[13:50:38.585] [Nerdle] VLC_EVENT=EventType.MediaPlayerBuffering
[13:50:38.585] [Nerdle] VLC_EVENT=EventType.MediaPlayerBuffering
[13:50:38.586] [Nerdle] VLC_EVENT=EventType.MediaPlayerBuffering
[13:50:38.586] [Nerdle] VLC_EVENT=EventType.MediaPlayerBuffering
[13:50:38.587] [Nerdle] VLC_EVENT=EventType.MediaPlayerBuffering
[13:50:38.587] [Nerdle] VLC_EVENT=EventType.MediaPlayerBuffering
[13:50:38.588] [Nerdle] VLC_EVENT=EventType.MediaPlayerBuffering
[13:50:38.588] [Nerdle] VLC_EVENT=EventType.MediaPlayerBuffering
[13:50:38.589] [Nerdle] VLC_EVENT=EventType.MediaPlayerBuffering
[13:50:38.589] [Nerdle] VLC_EVENT=EventType.MediaPlayerBuffering
[13:50:38.590] [Nerdle] VLC_EVENT=EventType.MediaPlayerBuffering
[13:50:38.590] [Nerdle] VLC_EVENT=EventType.MediaPlayerBuffering
[13:50:38.591] [Nerdle] VLC_EVENT=EventType.MediaPlayerBuffering
[13:50:38.591] [Nerdle] VLC_EVENT=EventType.MediaPlayerBuffering
[13:50:38.637] [Nerdle] VLC_EVENT=EventType.MediaPlayerBuffering
[13:50:38.638] [Nerdle] VLC_EVENT=EventType.MediaPlayerBuffering
[13:50:38.639] [Nerdle] VLC_EVENT=EventType.MediaPlayerBuffering
[13:50:38.639] [Nerdle] VLC_EVENT=EventType.MediaPlayerBuffering
[13:50:38.640] [Nerdle] VLC_EVENT=EventType.MediaPlayerBuffering
[13:50:38.640] [Nerdle] VLC_EVENT=EventType.MediaPlayerBuffering
[13:50:38.641] [Nerdle] VLC_EVENT=EventType.MediaPlayerBuffering
[13:50:38.642] [Nerdle] VLC_EVENT=EventType.MediaPlayerBuffering
[13:50:38.643] [Nerdle] VLC_EVENT=EventType.MediaPlayerBuffering
[13:50:38.643] [Nerdle] VLC_EVENT=EventType.MediaPlayerBuffering
[13:50:38.644] [Nerdle] VLC_EVENT=EventType.MediaPlayerBuffering
[13:50:38.644] [Nerdle] VLC_EVENT=EventType.MediaPlayerBuffering
[13:50:38.645] [Nerdle] VLC_EVENT=EventType.MediaPlayerBuffering
[13:50:38.646] [Nerdle] VLC_EVENT=EventType.MediaPlayerBuffering
[13:50:38.646] [Nerdle] VLC_EVENT=EventType.MediaPlayerBuffering
[13:50:38.774] [Nerdle] STATE=State.Playing position=0.0s
[13:50:39.224] [SBL] PROGRESS state=State.Playing position=13.3s advancing=True
[13:50:39.227] [MGL] PROGRESS state=State.Playing position=12.7s advancing=True
[13:50:39.275] [Nerdle] PROGRESS state=State.Playing position=12.3s advancing=True
[13:50:39.394] [SCL] PROGRESS state=State.Playing position=13.2s advancing=True
[13:50:39.399] [Rocket Ranch] PROGRESS state=State.Playing position=13.1s advancing=True
[13:50:39.429] [Rover1] PROGRESS state=State.Playing position=12.5s advancing=True
[13:50:39.583] [Sentinel] PROGRESS state=State.Playing position=12.4s advancing=True
[13:50:40.230] [SBL] PROGRESS state=State.Playing position=14.3s advancing=True
[13:50:40.235] [MGL] PROGRESS state=State.Playing position=13.7s advancing=True
[13:50:40.283] [Nerdle] PROGRESS state=State.Playing position=13.3s advancing=True
[13:50:40.401] [SCL] PROGRESS state=State.Playing position=14.2s advancing=True
[13:50:40.589] [Sentinel] PROGRESS state=State.Playing position=13.4s advancing=True
[13:50:41.238] [SBL] PROGRESS state=State.Playing position=15.3s advancing=True
[13:50:41.242] [MGL] PROGRESS state=State.Playing position=14.7s advancing=True
[13:50:41.288] [Nerdle] PROGRESS state=State.Playing position=14.3s advancing=True
[13:50:41.410] [Rocket Ranch] PROGRESS state=State.Playing position=15.1s advancing=True
[13:50:41.442] [Rover1] PROGRESS state=State.Playing position=14.5s advancing=True
[13:50:42.245] [SBL] PROGRESS state=State.Playing position=16.3s advancing=True
[13:50:42.251] [MGL] PROGRESS state=State.Playing position=15.7s advancing=True
[13:50:42.295] [Nerdle] PROGRESS state=State.Playing position=15.3s advancing=True
[13:50:42.413] [SCL] PROGRESS state=State.Playing position=16.2s advancing=True
[13:50:42.602] [Sentinel] PROGRESS state=State.Playing position=15.4s advancing=True
[13:50:43.254] [SBL] PROGRESS state=State.Playing position=17.3s advancing=True
[13:50:43.258] [MGL] PROGRESS state=State.Playing position=16.7s advancing=True
[13:50:43.302] [Nerdle] PROGRESS state=State.Playing position=16.3s advancing=True
[13:50:43.419] [SCL] PROGRESS state=State.Playing position=17.2s advancing=True
[13:50:43.423] [Rocket Ranch] PROGRESS state=State.Playing position=17.1s advancing=True
[13:50:43.454] [Rover1] PROGRESS state=State.Playing position=16.5s advancing=True
[13:50:43.608] [Sentinel] PROGRESS state=State.Playing position=16.4s advancing=True
[13:50:44.260] [SBL] PROGRESS state=State.Playing position=18.3s advancing=True
[13:50:44.265] [MGL] PROGRESS state=State.Playing position=17.7s advancing=True
[13:50:44.308] [Nerdle] PROGRESS state=State.Playing position=17.3s advancing=True
[13:50:44.425] [SCL] PROGRESS state=State.Playing position=18.2s advancing=True
[13:50:44.431] [Rocket Ranch] PROGRESS state=State.Playing position=18.1s advancing=True
[13:50:44.460] [Rover1] PROGRESS state=State.Playing position=17.5s advancing=True
[13:50:44.614] [Sentinel] PROGRESS state=State.Playing position=17.4s advancing=True
[13:50:45.268] [SBL] PROGRESS state=State.Playing position=19.3s advancing=True
[13:50:45.271] [MGL] PROGRESS state=State.Playing position=18.7s advancing=True
[13:50:45.314] [Nerdle] PROGRESS state=State.Playing position=18.3s advancing=True
[13:50:45.468] [Rover1] PROGRESS state=State.Playing position=18.5s advancing=True
[13:50:46.295] [SBL] PROGRESS state=State.Playing position=20.3s advancing=True
[13:50:46.440] [SCL] PROGRESS state=State.Playing position=20.2s advancing=True
[13:50:46.443] [Rocket Ranch] PROGRESS state=State.Playing position=20.1s advancing=True
[13:50:46.475] [Rover1] PROGRESS state=State.Playing position=19.5s advancing=True
[13:50:47.304] [MGL] PROGRESS state=State.Playing position=20.7s advancing=True
[13:50:47.326] [Nerdle] PROGRESS state=State.Playing position=20.3s advancing=True
[13:50:47.446] [SCL] PROGRESS state=State.Playing position=21.2s advancing=True
[13:50:47.481] [Rover1] PROGRESS state=State.Playing position=20.5s advancing=True
[13:50:47.632] [Sentinel] PROGRESS state=State.Playing position=20.4s advancing=True
[13:50:48.312] [MGL] PROGRESS state=State.Playing position=21.7s advancing=True
[13:50:48.333] [Nerdle] PROGRESS state=State.Playing position=21.3s advancing=True
[13:50:48.456] [Rocket Ranch] PROGRESS state=State.Playing position=22.1s advancing=True
[13:50:48.488] [Rover1] PROGRESS state=State.Playing position=21.5s advancing=True
[13:50:49.314] [SBL] PROGRESS state=State.Playing position=23.3s advancing=True
[13:50:49.319] [MGL] PROGRESS state=State.Playing position=22.7s advancing=True
[13:50:49.340] [Nerdle] PROGRESS state=State.Playing position=22.3s advancing=True
[13:50:49.493] [Rover1] PROGRESS state=State.Playing position=22.5s advancing=True
[13:50:50.150] [Sentinel] PROGRESS state=State.Playing position=23.4s advancing=True
[13:50:50.323] [SBL] PROGRESS state=State.Playing position=24.3s advancing=True
[13:50:50.328] [MGL] PROGRESS state=State.Playing position=23.7s advancing=True
[13:50:50.463] [SCL] PROGRESS state=State.Playing position=24.2s advancing=True
[13:50:50.469] [Rocket Ranch] PROGRESS state=State.Playing position=24.1s advancing=True
[13:50:51.335] [MGL] PROGRESS state=State.Playing position=24.7s advancing=True
[13:50:51.353] [Nerdle] PROGRESS state=State.Playing position=24.3s advancing=True
[13:50:51.471] [SCL] PROGRESS state=State.Playing position=25.2s advancing=True
[13:50:51.508] [Rover1] PROGRESS state=State.Playing position=24.5s advancing=True
[13:50:51.660] [Sentinel] PROGRESS state=State.Playing position=24.4s advancing=True
[13:50:52.341] [MGL] PROGRESS state=State.Playing position=25.7s advancing=True
[13:50:52.483] [Rocket Ranch] PROGRESS state=State.Playing position=26.1s advancing=True
[13:50:52.514] [Rover1] PROGRESS state=State.Playing position=25.5s advancing=True
[13:50:53.018] [Rover1] PROGRESS state=State.Playing position=26.5s advancing=True
[13:50:53.171] [Sentinel] PROGRESS state=State.Playing position=26.4s advancing=True
[13:50:53.343] [SBL] PROGRESS state=State.Playing position=27.3s advancing=True
[13:50:53.366] [Nerdle] PROGRESS state=State.Playing position=26.3s advancing=True
[13:50:54.351] [SBL] PROGRESS state=State.Playing position=28.3s advancing=True
[13:50:54.355] [MGL] PROGRESS state=State.Playing position=27.7s advancing=True
[13:50:54.489] [SCL] PROGRESS state=State.Playing position=28.2s advancing=True
[13:50:54.494] [Rocket Ranch] PROGRESS state=State.Playing position=28.1s advancing=True
[13:50:55.185] [Sentinel] PROGRESS state=State.Playing position=28.4s advancing=True
[13:50:55.357] [SBL] PROGRESS state=State.Playing position=29.3s advancing=True
[13:50:55.361] [MGL] PROGRESS state=State.Playing position=28.7s advancing=True
[13:50:55.493] [SCL] PROGRESS state=State.Playing position=29.2s advancing=True
[13:50:55.533] [Rover1] PROGRESS state=State.Playing position=28.5s advancing=True
[13:50:56.362] [SBL] PROGRESS state=State.Playing position=30.3s advancing=True
[13:50:56.367] [MGL] PROGRESS state=State.Playing position=29.7s advancing=True
[13:50:56.385] [Nerdle] PROGRESS state=State.Playing position=29.3s advancing=True
[13:50:56.508] [Rocket Ranch] PROGRESS state=State.Playing position=30.1s advancing=True
[13:50:56.539] [Rover1] PROGRESS state=State.Playing position=29.5s advancing=True
[13:50:56.695] [Sentinel] PROGRESS state=State.Playing position=29.4s advancing=True
[13:50:57.042] [Rover1] PROGRESS state=State.Playing position=30.5s advancing=True
[13:50:57.370] [SBL] PROGRESS state=State.Playing position=31.3s advancing=True
[13:50:57.374] [MGL] PROGRESS state=State.Playing position=30.7s advancing=True
[13:50:57.508] [SCL] PROGRESS state=State.Playing position=31.2s advancing=True
[13:50:58.206] [Sentinel] PROGRESS state=State.Playing position=31.4s advancing=True
[13:50:58.376] [SBL] PROGRESS state=State.Playing position=32.3s advancing=True
[13:50:58.381] [MGL] PROGRESS state=State.Playing position=31.7s advancing=True
[13:50:58.514] [SCL] PROGRESS state=State.Playing position=32.2s advancing=True
[13:50:58.518] [Rocket Ranch] PROGRESS state=State.Playing position=32.1s advancing=True
[13:50:59.214] [Sentinel] PROGRESS state=State.Playing position=32.4s advancing=True
[13:50:59.384] [SBL] PROGRESS state=State.Playing position=33.3s advancing=True
[13:50:59.404] [Nerdle] PROGRESS state=State.Playing position=32.3s advancing=True
[13:50:59.521] [SCL] PROGRESS state=State.Playing position=33.2s advancing=True
[13:51:00.391] [SBL] PROGRESS state=State.Playing position=34.3s advancing=True
[13:51:00.411] [Nerdle] PROGRESS state=State.Playing position=33.3s advancing=True
[13:51:00.534] [Rocket Ranch] PROGRESS state=State.Playing position=34.1s advancing=True
[13:51:00.565] [Rover1] PROGRESS state=State.Playing position=33.5s advancing=True
[13:51:00.724] [Sentinel] PROGRESS state=State.Playing position=33.4s advancing=True
[13:51:01.070] [Rover1] PROGRESS state=State.Playing position=34.5s advancing=True
[13:51:01.228] [Sentinel] PROGRESS state=State.Playing position=34.4s advancing=True
[13:51:01.413] [SBL] PROGRESS state=State.Playing position=35.3s advancing=True
[13:51:01.416] [MGL] PROGRESS state=State.Playing position=34.7s advancing=True
[13:51:01.537] [SCL] PROGRESS state=State.Playing position=35.2s advancing=True
[13:51:01.542] [Rocket Ranch] PROGRESS state=State.Playing position=35.1s advancing=True
[13:51:02.077] [Rover1] PROGRESS state=State.Playing position=35.5s advancing=True
[13:51:02.235] [Sentinel] PROGRESS state=State.Playing position=35.4s advancing=True
[13:51:02.419] [SBL] PROGRESS state=State.Playing position=36.3s advancing=True
[13:51:02.422] [MGL] PROGRESS state=State.Playing position=35.7s advancing=True
[13:51:02.544] [SCL] PROGRESS state=State.Playing position=36.2s advancing=True
[13:51:03.052] [Rocket Ranch] PROGRESS state=State.Playing position=37.1s advancing=True
[13:51:03.243] [Sentinel] PROGRESS state=State.Playing position=36.4s advancing=True
[13:51:03.424] [SBL] PROGRESS state=State.Playing position=37.3s advancing=True
[13:51:03.429] [MGL] PROGRESS state=State.Playing position=36.7s advancing=True
[13:51:03.432] [Nerdle] PROGRESS state=State.Playing position=36.3s advancing=True
[13:51:03.552] [SCL] PROGRESS state=State.Playing position=37.2s advancing=True
[13:51:03.585] [Rover1] PROGRESS state=State.Playing position=36.5s advancing=True
[13:51:04.252] [Sentinel] PROGRESS state=State.Playing position=37.4s advancing=True
[13:51:04.431] [SBL] PROGRESS state=State.Playing position=38.3s advancing=True
[13:51:04.435] [MGL] PROGRESS state=State.Playing position=37.7s advancing=True
[13:51:04.591] [Rover1] PROGRESS state=State.Playing position=37.5s advancing=True
[13:51:05.094] [Rover1] PROGRESS state=State.Playing position=38.5s advancing=True
[13:51:05.437] [SBL] PROGRESS state=State.Playing position=39.3s advancing=True
[13:51:05.441] [MGL] PROGRESS state=State.Playing position=38.7s advancing=True
[13:51:05.446] [Nerdle] PROGRESS state=State.Playing position=38.3s advancing=True
[13:51:05.563] [SCL] PROGRESS state=State.Playing position=39.2s advancing=True
[13:51:05.568] [Rocket Ranch] PROGRESS state=State.Playing position=39.1s advancing=True
[13:51:06.101] [Rover1] PROGRESS state=State.Playing position=39.5s advancing=True
[13:51:06.443] [SBL] PROGRESS state=State.Playing position=40.3s advancing=True
[13:51:06.447] [MGL] PROGRESS state=State.Playing position=39.7s advancing=True
[13:51:06.453] [Nerdle] PROGRESS state=State.Playing position=39.3s advancing=True
[13:51:07.271] [Sentinel] PROGRESS state=State.Playing position=40.4s advancing=True
[13:51:07.450] [SBL] PROGRESS state=State.Playing position=41.3s advancing=True
[13:51:07.453] [MGL] PROGRESS state=State.Playing position=40.7s advancing=True
[13:51:07.458] [Nerdle] PROGRESS state=State.Playing position=40.3s advancing=True
[13:51:07.576] [SCL] PROGRESS state=State.Playing position=41.2s advancing=True
[13:51:07.581] [Rocket Ranch] PROGRESS state=State.Playing position=41.1s advancing=True
[13:51:07.610] [Rover1] PROGRESS state=State.Playing position=40.5s advancing=True
[13:51:08.455] [SBL] PROGRESS state=State.Playing position=42.3s advancing=True
[13:51:08.465] [Nerdle] PROGRESS state=State.Playing position=41.3s advancing=True
[13:51:08.617] [Rover1] PROGRESS state=State.Playing position=41.5s advancing=True
[13:51:09.121] [Rover1] PROGRESS state=State.Playing position=42.5s advancing=True
[13:51:09.463] [SBL] PROGRESS state=State.Playing position=43.3s advancing=True
[13:51:09.590] [SCL] PROGRESS state=State.Playing position=43.2s advancing=True
[13:51:09.593] [Rocket Ranch] PROGRESS state=State.Playing position=43.1s advancing=True
[13:51:10.127] [Rover1] PROGRESS state=State.Playing position=43.5s advancing=True
[13:51:10.292] [Sentinel] PROGRESS state=State.Playing position=43.4s advancing=True
[13:51:10.473] [MGL] PROGRESS state=State.Playing position=43.7s advancing=True
[13:51:11.299] [Sentinel] PROGRESS state=State.Playing position=44.4s advancing=True
[13:51:11.480] [MGL] PROGRESS state=State.Playing position=44.7s advancing=True
[13:51:11.485] [Nerdle] PROGRESS state=State.Playing position=44.3s advancing=True
[13:51:11.602] [SCL] PROGRESS state=State.Playing position=45.2s advancing=True
[13:51:11.605] [Rocket Ranch] PROGRESS state=State.Playing position=45.1s advancing=True
[13:51:11.636] [Rover1] PROGRESS state=State.Playing position=44.5s advancing=True
[13:51:12.305] [Sentinel] PROGRESS state=State.Playing position=45.4s advancing=True
[13:51:12.482] [SBL] PROGRESS state=State.Playing position=46.3s advancing=True
[13:51:12.487] [MGL] PROGRESS state=State.Playing position=45.7s advancing=True
[13:51:12.642] [Rover1] PROGRESS state=State.Playing position=45.5s advancing=True
[13:51:13.116] [Rocket Ranch] PROGRESS state=State.Playing position=47.1s advancing=True
[13:51:13.145] [Rover1] PROGRESS state=State.Playing position=46.5s advancing=True
[13:51:13.312] [Sentinel] PROGRESS state=State.Playing position=46.4s advancing=True
[13:51:13.488] [SBL] PROGRESS state=State.Playing position=47.3s advancing=True
[13:51:13.493] [MGL] PROGRESS state=State.Playing position=46.7s advancing=True
[13:51:13.614] [SCL] PROGRESS state=State.Playing position=47.2s advancing=True
[13:51:14.153] [Rover1] PROGRESS state=State.Playing position=47.5s advancing=True
[13:51:14.318] [Sentinel] PROGRESS state=State.Playing position=47.4s advancing=True
[13:51:14.500] [MGL] PROGRESS state=State.Playing position=47.7s advancing=True
[13:51:14.503] [Nerdle] PROGRESS state=State.Playing position=47.3s advancing=True
[13:51:14.624] [Rocket Ranch] PROGRESS state=State.Playing position=48.1s advancing=True
[13:51:15.160] [Rover1] PROGRESS state=State.Playing position=48.5s advancing=True
[13:51:15.499] [SBL] PROGRESS state=State.Playing position=49.3s advancing=True
[13:51:15.505] [MGL] PROGRESS state=State.Playing position=48.7s advancing=True
[13:51:15.510] [Nerdle] PROGRESS state=State.Playing position=48.3s advancing=True
[13:51:15.627] [SCL] PROGRESS state=State.Playing position=49.2s advancing=True
[13:51:16.506] [SBL] PROGRESS state=State.Playing position=50.3s advancing=True
[13:51:16.517] [Nerdle] PROGRESS state=State.Playing position=49.3s advancing=True
[13:51:16.636] [Rocket Ranch] PROGRESS state=State.Playing position=50.1s advancing=True
[13:51:17.173] [Rover1] PROGRESS state=State.Playing position=50.5s advancing=True
[13:51:17.338] [Sentinel] PROGRESS state=State.Playing position=50.4s advancing=True
[13:51:17.513] [SBL] PROGRESS state=State.Playing position=51.3s advancing=True
[13:51:17.518] [MGL] PROGRESS state=State.Playing position=50.7s advancing=True
[13:51:17.524] [Nerdle] PROGRESS state=State.Playing position=50.3s advancing=True
[13:51:17.639] [SCL] PROGRESS state=State.Playing position=51.2s advancing=True
[13:51:18.146] [Rocket Ranch] PROGRESS state=State.Playing position=52.1s advancing=True
[13:51:18.183] [Rover1] PROGRESS state=State.Playing position=51.5s advancing=True
[13:51:18.344] [Sentinel] PROGRESS state=State.Playing position=51.4s advancing=True
[13:51:18.519] [SBL] PROGRESS state=State.Playing position=52.3s advancing=True
[13:51:18.531] [Nerdle] PROGRESS state=State.Playing position=51.3s advancing=True
[13:51:19.023] [SBL] PROGRESS state=State.Playing position=53.3s advancing=True
[13:51:19.034] [Nerdle] PROGRESS state=State.Playing position=52.3s advancing=True
[13:51:19.151] [SCL] PROGRESS state=State.Playing position=53.2s advancing=True
[13:51:19.352] [Sentinel] PROGRESS state=State.Playing position=52.4s advancing=True
[13:51:19.532] [MGL] PROGRESS state=State.Playing position=52.7s advancing=True
[13:51:20.161] [Rocket Ranch] PROGRESS state=State.Playing position=54.1s advancing=True
[13:51:20.358] [Sentinel] PROGRESS state=State.Playing position=53.4s advancing=True
[13:51:20.533] [SBL] PROGRESS state=State.Playing position=54.3s advancing=True
[13:51:20.698] [Rover1] PROGRESS state=State.Playing position=53.5s advancing=True
[13:51:21.202] [Rover1] PROGRESS state=State.Playing position=54.5s advancing=True
[13:51:21.365] [Sentinel] PROGRESS state=State.Playing position=54.4s advancing=True
[13:51:21.540] [SBL] PROGRESS state=State.Playing position=55.3s advancing=True
[13:51:21.543] [MGL] PROGRESS state=State.Playing position=54.7s advancing=True
[13:51:21.666] [SCL] PROGRESS state=State.Playing position=55.2s advancing=True
[13:51:22.047] [MGL] PROGRESS state=State.Playing position=55.7s advancing=True
[13:51:22.209] [Rover1] PROGRESS state=State.Playing position=55.5s advancing=True
[13:51:22.371] [Sentinel] PROGRESS state=State.Playing position=55.4s advancing=True
[13:51:22.554] [Nerdle] PROGRESS state=State.Playing position=55.3s advancing=True
[13:51:22.677] [Rocket Ranch] PROGRESS state=State.Playing position=56.1s advancing=True
[13:51:23.049] [SBL] PROGRESS state=State.Playing position=57.3s advancing=True
[13:51:23.057] [Nerdle] PROGRESS state=State.Playing position=56.3s advancing=True
[13:51:23.176] [SCL] PROGRESS state=State.Playing position=57.2s advancing=True
[13:51:23.555] [MGL] PROGRESS state=State.Playing position=56.7s advancing=True
[13:51:24.222] [Rover1] PROGRESS state=State.Playing position=57.5s advancing=True
[13:51:24.384] [Sentinel] PROGRESS state=State.Playing position=57.4s advancing=True
[13:51:24.557] [SBL] PROGRESS state=State.Playing position=58.3s advancing=True
[13:51:24.689] [Rocket Ranch] PROGRESS state=State.Playing position=58.1s advancing=True
[13:51:25.227] [Rover1] PROGRESS state=State.Playing position=58.5s advancing=True
[13:51:25.563] [SBL] PROGRESS state=State.Playing position=59.3s advancing=True
[13:51:25.567] [MGL] PROGRESS state=State.Playing position=58.7s advancing=True
[13:51:25.574] [Nerdle] PROGRESS state=State.Playing position=58.3s advancing=True
[13:51:25.690] [SCL] PROGRESS state=State.Playing position=59.2s advancing=True
[13:51:26.071] [MGL] PROGRESS state=State.Playing position=59.7s advancing=True
[13:51:26.198] [Rocket Ranch] PROGRESS state=State.Playing position=60.1s advancing=True
[13:51:26.235] [Rover1] PROGRESS state=State.Playing position=59.5s advancing=True
[13:51:26.397] [Sentinel] PROGRESS state=State.Playing position=59.4s advancing=True
[13:51:26.580] [Nerdle] PROGRESS state=State.Playing position=59.3s advancing=True
[13:51:27.073] [SBL] PROGRESS state=State.Playing position=61.3s advancing=True
[13:51:27.200] [SCL] PROGRESS state=State.Playing position=61.2s advancing=True
[13:51:27.241] [Rover1] PROGRESS state=State.Playing position=60.5s advancing=True
[13:51:27.579] [MGL] PROGRESS state=State.Playing position=60.7s advancing=True
[13:51:28.089] [Nerdle] PROGRESS state=State.Playing position=61.3s advancing=True
[13:51:28.207] [SCL] PROGRESS state=State.Playing position=62.2s advancing=True
[13:51:28.210] [Rocket Ranch] PROGRESS state=State.Playing position=62.1s advancing=True
[13:51:28.250] [Rover1] PROGRESS state=State.Playing position=61.5s advancing=True
[13:51:28.409] [Sentinel] PROGRESS state=State.Playing position=61.4s advancing=True
[13:51:28.583] [SBL] PROGRESS state=State.Playing position=62.3s advancing=True
[13:51:28.587] [MGL] PROGRESS state=State.Playing position=61.7s advancing=True
[13:51:29.261] [Rover1] PROGRESS state=State.Playing position=62.5s advancing=True
[13:51:29.416] [Sentinel] PROGRESS state=State.Playing position=62.4s advancing=True
[13:51:29.589] [SBL] PROGRESS state=State.Playing position=63.3s advancing=True
[13:51:29.593] [MGL] PROGRESS state=State.Playing position=62.7s advancing=True
[13:51:29.716] [SCL] PROGRESS state=State.Playing position=63.2s advancing=True
[13:51:30.224] [Rocket Ranch] PROGRESS state=State.Playing position=64.1s advancing=True
[13:51:30.269] [Rover1] PROGRESS state=State.Playing position=63.5s advancing=True
[13:51:30.424] [Sentinel] PROGRESS state=State.Playing position=63.4s advancing=True
[13:51:30.594] [SBL] PROGRESS state=State.Playing position=64.3s advancing=True
[13:51:30.604] [Nerdle] PROGRESS state=State.Playing position=63.3s advancing=True
[13:51:31.099] [SBL] PROGRESS state=State.Playing position=65.3s advancing=True
[13:51:31.227] [SCL] PROGRESS state=State.Playing position=65.2s advancing=True
[13:51:31.237] [Rocket Ranch] PROGRESS state=State.Playing position=65.1s advancing=True
[13:51:31.606] [MGL] PROGRESS state=State.Playing position=64.7s advancing=True
[13:51:32.115] [Nerdle] PROGRESS state=State.Playing position=65.3s advancing=True
[13:51:32.240] [SCL] PROGRESS state=State.Playing position=66.2s advancing=True
[13:51:32.288] [Rover1] PROGRESS state=State.Playing position=65.5s advancing=True
[13:51:33.256] [Rocket Ranch] PROGRESS state=State.Playing position=67.1s advancing=True
[13:51:33.299] [Rover1] PROGRESS state=State.Playing position=66.5s advancing=True
[13:51:33.453] [Sentinel] PROGRESS state=State.Playing position=66.4s advancing=True
[13:51:33.616] [SBL] PROGRESS state=State.Playing position=67.3s advancing=True
[13:51:33.753] [SCL] PROGRESS state=State.Playing position=67.2s advancing=True
[13:51:34.123] [MGL] PROGRESS state=State.Playing position=67.7s advancing=True
[13:51:34.305] [Rover1] PROGRESS state=State.Playing position=67.5s advancing=True
[13:51:34.458] [Sentinel] PROGRESS state=State.Playing position=67.4s advancing=True
[13:51:34.632] [Nerdle] PROGRESS state=State.Playing position=67.3s advancing=True
[13:51:35.124] [SBL] PROGRESS state=State.Playing position=69.3s advancing=True
[13:51:35.133] [MGL] PROGRESS state=State.Playing position=68.7s advancing=True
[13:51:35.267] [SCL] PROGRESS state=State.Playing position=69.2s advancing=True
[13:51:35.273] [Rocket Ranch] PROGRESS state=State.Playing position=69.1s advancing=True
[13:51:36.131] [SBL] PROGRESS state=State.Playing position=70.3s advancing=True
[13:51:36.144] [Nerdle] PROGRESS state=State.Playing position=69.3s advancing=True
[13:51:36.274] [SCL] PROGRESS state=State.Playing position=70.2s advancing=True
[13:51:36.352] [Rover1] PROGRESS state=State.Playing position=69.5s advancing=True
[13:51:36.415] [SBL] STOP runtime=59.4s
[13:51:36.457] [SBL] VLC_EVENT=EventType.MediaPlayerStopped
[13:51:36.533] [SCL] STOP runtime=59.5s
[13:51:36.569] [SCL] VLC_EVENT=EventType.MediaPlayerStopped
[13:51:36.645] [MGL] STOP runtime=59.0s
[13:51:36.681] [MGL] VLC_EVENT=EventType.MediaPlayerStopped
[13:54:02.515] [SBL] RESOLVE_FEED starting original=https://youtube.com/watch
[13:54:02.515] [SCL] RESOLVE_FEED starting original=https://youtube.com/watch
[13:54:02.517] [MGL] RESOLVE_FEED starting original=https://youtube.com/watch
[13:54:02.518] [Sentinel] RESOLVE_FEED starting original=https://youtube.com/watch
[13:54:02.520] [Rover1] RESOLVE_FEED starting original=https://www.youtube.com/watch
[13:54:02.522] [Rocket Ranch] RESOLVE_FEED starting original=https://youtube.com/watch
[13:54:02.523] [Nerdle] RESOLVE_FEED starting original=https://www.youtube.com/watch
[13:54:05.552] [SBL] YOUTUBE_BROWSER_START count=1
[13:54:06.240] [Nerdle] YOUTUBE_BROWSER_START count=1
[13:54:06.974] [MGL] YOUTUBE_BROWSER_START count=1
[13:54:07.771] [Sentinel] YOUTUBE_BROWSER_START count=1
[13:54:08.823] [SCL] YOUTUBE_BROWSER_START count=1
[13:54:11.021] [Rocket Ranch] YOUTUBE_BROWSER_START count=1
[13:54:13.844] [Rover1] YOUTUBE_BROWSER_START count=1
[13:54:17.604] YOUTUBE_BROWSER_ATTACHED hwnd=1972188
[13:54:17.635] YOUTUBE_BROWSER_ATTACHED hwnd=1250478
[13:54:17.659] YOUTUBE_BROWSER_ATTACHED hwnd=1054172
[13:54:17.686] YOUTUBE_BROWSER_ATTACHED hwnd=2297780
[13:54:17.706] YOUTUBE_BROWSER_ATTACHED hwnd=2365378
[13:54:17.727] YOUTUBE_BROWSER_ATTACHED hwnd=1512264
[13:54:19.119] YOUTUBE_BROWSER_ATTACHED hwnd=1577890
[13:54:33.991] YOUTUBE_BROWSER_STOP
[13:54:34.024] YOUTUBE_BROWSER_STOP
[13:54:34.062] YOUTUBE_BROWSER_STOP
[13:54:34.499] YOUTUBE_BROWSER_STOP
[13:54:35.063] YOUTUBE_BROWSER_STOP
[13:54:36.067] YOUTUBE_BROWSER_STOP
[13:54:36.446] YOUTUBE_BROWSER_STOP
[13:54:36.558] [SBL] RESOLVE_FEED starting original=https://youtube.com/watch
[13:54:36.562] [SCL] RESOLVE_FEED starting original=https://youtube.com/watch
[13:54:36.588] [MGL] RESOLVE_FEED starting original=https://youtube.com/watch
[13:54:36.600] [Sentinel] RESOLVE_FEED starting original=https://youtube.com/watch
[13:54:36.616] [Rover1] RESOLVE_FEED starting original=https://www.youtube.com/watch
[13:54:36.636] [Rocket Ranch] RESOLVE_FEED starting original=https://youtube.com/watch
[13:54:38.608] [MGL] YOUTUBE_BROWSER_START count=1
[13:54:39.269] [SCL] YOUTUBE_BROWSER_START count=1
[13:54:39.994] [Rocket Ranch] YOUTUBE_BROWSER_START count=1
[13:54:40.783] [SBL] YOUTUBE_BROWSER_START count=1
[13:54:41.809] YOUTUBE_BROWSER_ATTACHED hwnd=2363442
[13:54:41.833] YOUTUBE_BROWSER_ATTACHED hwnd=2299068
[13:54:41.840] [Rover1] YOUTUBE_BROWSER_START count=1
[13:54:43.875] [Sentinel] YOUTUBE_BROWSER_START count=1
[13:54:46.687] YOUTUBE_BROWSER_ATTACHED hwnd=2103966
[13:54:46.730] YOUTUBE_BROWSER_ATTACHED hwnd=2363776
[13:54:46.761] YOUTUBE_BROWSER_ATTACHED hwnd=2036842
[13:54:48.153] YOUTUBE_BROWSER_ATTACHED hwnd=988900
[13:55:12.614] YOUTUBE_BROWSER_STOP
[13:55:12.651] YOUTUBE_BROWSER_STOP
[13:55:12.686] YOUTUBE_BROWSER_STOP
[13:55:13.089] YOUTUBE_BROWSER_STOP
[13:55:14.095] YOUTUBE_BROWSER_STOP
[14:06:56.989] YOUTUBE_GROUP_START count=6
[14:06:57.626] [SBL] YOUTUBE_EMBED window_title=Downlink YouTube dd188bb901cc4fd6a705af3ca061f1bd
[14:06:57.632] [SCL] YOUTUBE_EMBED window_title=Downlink YouTube 9bfa1b2c5ae240d7a7b67c05746cee1f
[14:06:57.635] [MGL] YOUTUBE_EMBED window_title=Downlink YouTube 287c68282e2b4a139d11008aac69c68c
[14:06:57.638] [Sentinel] YOUTUBE_EMBED window_title=Downlink YouTube 9b1670b9e98340d3884a5a8146fa73ed
[14:06:57.640] [Rover1] YOUTUBE_EMBED window_title=Downlink YouTube 7e1e7b81da00470ea23ffbb4aac1bc5c
[14:06:57.643] [Rocket Ranch] YOUTUBE_EMBED window_title=Downlink YouTube bb89e30641df4ef695ec868386f13f45
[14:06:59.178] YOUTUBE_EMBED_ATTACHED hwnd=2037158
[14:06:59.229] YOUTUBE_EMBED_ATTACHED hwnd=2560600
[14:06:59.349] YOUTUBE_EMBED_ATTACHED hwnd=1839126
[14:06:59.383] YOUTUBE_EMBED_ATTACHED hwnd=1185244
[14:06:59.457] YOUTUBE_EMBED_ATTACHED hwnd=2167736
[14:06:59.521] YOUTUBE_EMBED_ATTACHED hwnd=858156
[14:09:06.061] YOUTUBE_GROUP_START count=6
[14:09:06.710] [SBL] YOUTUBE_EMBED window_title=Downlink YouTube bb1e26a5aeab4828bd378536bc9b8e98
[14:09:06.717] [SCL] YOUTUBE_EMBED window_title=Downlink YouTube c7e69830c5b84d21a363fc01e8d2209d
[14:09:06.720] [MGL] YOUTUBE_EMBED window_title=Downlink YouTube cd994348280c455688670ccdaae7ab5b
[14:09:06.724] [Sentinel] YOUTUBE_EMBED window_title=Downlink YouTube 9958a7738e924f6bad2b0c22f348e260
[14:09:06.727] [Rover1] YOUTUBE_EMBED window_title=Downlink YouTube 33f33f4a24e643eb8fae171bc2dec276
[14:09:06.729] [Rocket Ranch] YOUTUBE_EMBED window_title=Downlink YouTube 7ae0fc4d3b1649f6a3660c8317632f2e
[14:09:08.206] YOUTUBE_EMBED_ATTACHED hwnd=2822228
[14:09:08.262] YOUTUBE_EMBED_ATTACHED hwnd=1451034
[14:09:08.391] YOUTUBE_EMBED_ATTACHED hwnd=2495542
[14:09:08.466] YOUTUBE_EMBED_ATTACHED hwnd=6231750
[14:09:08.498] YOUTUBE_EMBED_ATTACHED hwnd=3286026
[14:09:08.531] YOUTUBE_EMBED_ATTACHED hwnd=1713250
[14:10:20.382] YOUTUBE_GROUP_START count=6
[14:10:21.033] [SBL] YOUTUBE_EMBED window_title=Downlink YouTube c09feb5560e44dffbd0010f1d22005d1
[14:10:21.039] [SCL] YOUTUBE_EMBED window_title=Downlink YouTube e0865fb0e8cb46d59975c0687cb7f4c4
[14:10:21.042] [MGL] YOUTUBE_EMBED window_title=Downlink YouTube 33951140c83f49aab91368f8d477a60f
[14:10:21.045] [Sentinel] YOUTUBE_EMBED window_title=Downlink YouTube fc3be4558b3d4ce3b3b31b695fc99107
[14:10:21.048] [Rover1] YOUTUBE_EMBED window_title=Downlink YouTube c262756123ac41a7ab3ca279a95d34f5
[14:10:21.051] [Rocket Ranch] YOUTUBE_EMBED window_title=Downlink YouTube 12afa784cd3f46a1b6bacd195ceeed8c
[14:10:22.497] YOUTUBE_EMBED_ATTACHED hwnd=2626356
[14:10:22.558] YOUTUBE_EMBED_ATTACHED hwnd=3020166
[14:10:22.661] YOUTUBE_EMBED_ATTACHED hwnd=1582164
[14:10:22.712] YOUTUBE_EMBED_ATTACHED hwnd=1250566
[14:10:22.754] YOUTUBE_EMBED_ATTACHED hwnd=3543234
[14:10:22.792] YOUTUBE_EMBED_ATTACHED hwnd=1840300
[14:13:54.824] YOUTUBE_GROUP_START count=6
[14:13:55.483] [SBL] YOUTUBE_EMBED window_title=Downlink YouTube 8e0ca681423a42eb89b8bc5f9caaeda6
[14:13:55.488] [SCL] YOUTUBE_EMBED window_title=Downlink YouTube 16f61cbfa5f9482dba24a77401e97d6f
[14:13:55.491] [MGL] YOUTUBE_EMBED window_title=Downlink YouTube 32bf3fc7ae4c4ddd9ce7c20c049b25b2
[14:13:55.494] [Sentinel] YOUTUBE_EMBED window_title=Downlink YouTube e20745f3813f45d3b9777da895867718
[14:13:55.497] [Rover1] YOUTUBE_EMBED window_title=Downlink YouTube d13e8883baa3457d8668d5afdcca9bd4
[14:13:55.500] [Rocket Ranch] YOUTUBE_EMBED window_title=Downlink YouTube 8dfc734bf3d44a28993e4a50f40cba1d
[14:13:56.899] YOUTUBE_EMBED_ATTACHED hwnd=2696306
[14:13:57.218] YOUTUBE_EMBED_ATTACHED hwnd=1447528
[14:13:57.628] YOUTUBE_EMBED_ATTACHED hwnd=1840102
[14:13:58.048] YOUTUBE_EMBED_ATTACHED hwnd=2627558
[14:13:58.398] YOUTUBE_EMBED_ATTACHED hwnd=1513054
[14:13:58.821] YOUTUBE_EMBED_ATTACHED hwnd=1905814
[14:20:08.043] YOUTUBE_GROUP_START count=6
[14:20:08.043] YOUTUBE_GROUP_SKIPPED disabled_by_default
[14:24:04.241] YOUTUBE_GROUP_START count=6
[14:24:04.242] YOUTUBE_GROUP_SKIPPED disabled_by_default
[14:26:20.778] YOUTUBE_GROUP_START count=6
[14:26:20.779] YOUTUBE_GROUP_SKIPPED disabled_by_default
[14:30:24.272] [SBL] YOUTUBE_SLOT video_id=mhJRzQsLZGg
[14:30:24.282] [SCL] YOUTUBE_SLOT video_id=Jm8wRjD3xVA
[14:30:24.287] [MGL] YOUTUBE_SLOT video_id=cOmmvhDQ2HM
[14:30:24.292] [Sentinel] YOUTUBE_SLOT video_id=IQV0DlS1Ew0
[14:30:24.297] [Rover1] YOUTUBE_SLOT video_id=inCQ49QGmqQ
[14:30:24.302] [Rocket Ranch] YOUTUBE_SLOT video_id=qw3uaLRrYNY
[14:35:53.387] [Test] YOUTUBE_GROUP_TILE_START count=6
[14:35:55.422] YOUTUBE_GROUP_TILE_ATTACHED hwnd=2298854
[14:41:30.150] [Test] YOUTUBE_GROUP_TILE_START count=6
[14:41:31.479] YOUTUBE_WEBVIEW_START gui=qt title=Downlink YouTube 1ecee08eccee4b8aa7fa932c2f304091
[14:41:32.256] YOUTUBE_GROUP_TILE_ATTACHED hwnd=2106318
[14:45:38.250] [SBL] YOUTUBE_SLOT video_id=mhJRzQsLZGg
[14:45:38.264] [SCL] YOUTUBE_SLOT video_id=Jm8wRjD3xVA
[14:45:38.270] [MGL] YOUTUBE_SLOT video_id=cOmmvhDQ2HM
[14:45:38.275] [Sentinel] YOUTUBE_SLOT video_id=IQV0DlS1Ew0
[14:45:38.280] [Rover1] YOUTUBE_SLOT video_id=inCQ49QGmqQ
[14:45:38.285] [Rocket Ranch] YOUTUBE_SLOT video_id=qw3uaLRrYNY
[14:50:25.682] [SBL] YOUTUBE_SLOT video_id=mhJRzQsLZGg window_title=None
[14:50:25.689] [SCL] YOUTUBE_SLOT video_id=Jm8wRjD3xVA window_title=None
[14:50:25.693] [MGL] YOUTUBE_SLOT video_id=cOmmvhDQ2HM window_title=None
[14:50:25.701] [Sentinel] YOUTUBE_SLOT video_id=IQV0DlS1Ew0 window_title=None
[14:50:25.706] [Rover1] YOUTUBE_SLOT video_id=inCQ49QGmqQ window_title=None
[14:50:25.710] [Rocket Ranch] YOUTUBE_SLOT video_id=qw3uaLRrYNY window_title=None
[14:53:04.736] YOUTUBE_GROUP_START count=6
[14:53:05.477] [SBL] YOUTUBE_SLOT video_id=mhJRzQsLZGg window_title=Downlink YouTube 7a1b4b5f2d264d5398c3cf8332f65eb1
[14:53:05.481] [SCL] YOUTUBE_SLOT video_id=Jm8wRjD3xVA window_title=Downlink YouTube 6ad975d473cf42739c2e5551ef5f249e
[14:53:05.485] [MGL] YOUTUBE_SLOT video_id=cOmmvhDQ2HM window_title=Downlink YouTube 45dcecb71c8f41a29e9d751c29251f45
[14:53:05.488] [Sentinel] YOUTUBE_SLOT video_id=IQV0DlS1Ew0 window_title=Downlink YouTube 2151544c502d4dada1c64b60527f8a05
[14:53:05.490] [Rover1] YOUTUBE_SLOT video_id=inCQ49QGmqQ window_title=Downlink YouTube eb92bf293f424c4a93cc9863aceb879f
[14:53:05.493] [Rocket Ranch] YOUTUBE_SLOT video_id=qw3uaLRrYNY window_title=Downlink YouTube d3a8e868c6f04b5784c4aa6918a2a376
[14:53:08.638] YOUTUBE_EMBED_ATTACH_FAILED error=ArgumentError('argument 3: OverflowError: int too long to convert')
[14:53:08.723] YOUTUBE_EMBED_ATTACH_FAILED error=ArgumentError('argument 3: OverflowError: int too long to convert')
[14:53:08.735] YOUTUBE_EMBED_ATTACH_FAILED error=ArgumentError('argument 3: OverflowError: int too long to convert')
[14:53:08.820] YOUTUBE_EMBED_ATTACH_FAILED error=ArgumentError('argument 3: OverflowError: int too long to convert')
[14:53:08.905] YOUTUBE_EMBED_ATTACH_FAILED error=ArgumentError('argument 3: OverflowError: int too long to convert')
[14:53:08.910] YOUTUBE_EMBED_ATTACH_FAILED error=ArgumentError('argument 3: OverflowError: int too long to convert')
[14:54:30.573] YOUTUBE_GROUP_START count=6
[14:54:31.225] [SBL] YOUTUBE_SLOT video_id=mhJRzQsLZGg window_title=Downlink YouTube 8cb10e88358d46dea32806529ad336dd
[14:54:31.232] [SCL] YOUTUBE_SLOT video_id=Jm8wRjD3xVA window_title=Downlink YouTube a4f7e9348e8c4ee3915b674bcf59b850
[14:54:31.235] [MGL] YOUTUBE_SLOT video_id=cOmmvhDQ2HM window_title=Downlink YouTube e32505b0ba474022bb9fd84bdf855c5d
[14:54:31.237] [Sentinel] YOUTUBE_SLOT video_id=IQV0DlS1Ew0 window_title=Downlink YouTube d10ee6a2ab9c42ec932771f55da2b099
[14:54:31.241] [Rover1] YOUTUBE_SLOT video_id=inCQ49QGmqQ window_title=Downlink YouTube 53bc37574a1e4019b975719744a39690
[14:54:31.244] [Rocket Ranch] YOUTUBE_SLOT video_id=qw3uaLRrYNY window_title=Downlink YouTube 1082511d19d74d8da653e7d6863d0239
[14:54:32.719] YOUTUBE_EMBED_ATTACH_FAILED error=ArgumentError('argument 3: OverflowError: int too long to convert')
[14:54:32.812] YOUTUBE_EMBED_ATTACH_FAILED error=ArgumentError('argument 3: OverflowError: int too long to convert')
[14:54:32.898] YOUTUBE_EMBED_ATTACH_FAILED error=ArgumentError('argument 3: OverflowError: int too long to convert')
[14:54:32.907] YOUTUBE_EMBED_ATTACH_FAILED error=ArgumentError('argument 3: OverflowError: int too long to convert')
[14:54:32.000] YOUTUBE_EMBED_ATTACH_FAILED error=ArgumentError('argument 3: OverflowError: int too long to convert')
[14:54:33.086] YOUTUBE_EMBED_ATTACH_FAILED error=ArgumentError('argument 3: OverflowError: int too long to convert')
[14:55:51.012] YOUTUBE_GROUP_START count=6
[14:55:51.675] [SBL] YOUTUBE_SLOT video_id=mhJRzQsLZGg window_title=Downlink YouTube af2524a1a5bf406aacc5622a0d52d785
[14:55:51.680] [SCL] YOUTUBE_SLOT video_id=Jm8wRjD3xVA window_title=Downlink YouTube f3cd30fa3e304baf9afd0f40d445de81
[14:55:51.685] [MGL] YOUTUBE_SLOT video_id=cOmmvhDQ2HM window_title=Downlink YouTube dbd16d6880144512b5cf95e15329a913
[14:55:51.688] [Sentinel] YOUTUBE_SLOT video_id=IQV0DlS1Ew0 window_title=Downlink YouTube ca1a37b929b14d4e8450961b6f24fb62
[14:55:51.690] [Rover1] YOUTUBE_SLOT video_id=inCQ49QGmqQ window_title=Downlink YouTube d2277d7bdb29436fb40c4c7cd31e14bc
[14:55:51.692] [Rocket Ranch] YOUTUBE_SLOT video_id=qw3uaLRrYNY window_title=Downlink YouTube 9621f51f04164a1a8b8d9ea1398953eb
[14:55:53.239] YOUTUBE_EMBED_ATTACH_FAILED error=ArgumentError('argument 3: OverflowError: int too long to convert')
[14:55:53.326] YOUTUBE_EMBED_ATTACH_FAILED error=ArgumentError('argument 3: OverflowError: int too long to convert')
[14:55:53.337] YOUTUBE_EMBED_ATTACH_FAILED error=ArgumentError('argument 3: OverflowError: int too long to convert')
[14:55:53.428] YOUTUBE_EMBED_ATTACH_FAILED error=ArgumentError('argument 3: OverflowError: int too long to convert')
[14:55:53.513] YOUTUBE_EMBED_ATTACH_FAILED error=ArgumentError('argument 3: OverflowError: int too long to convert')
[14:55:53.522] YOUTUBE_EMBED_ATTACH_FAILED error=ArgumentError('argument 3: OverflowError: int too long to convert')
[14:58:07.411] YOUTUBE_GROUP_START count=6
[14:58:08.081] YOUTUBE_GROUP_PROCESS_STARTED pid=2480
[14:58:08.084] [SBL] YOUTUBE_SLOT video_id=mhJRzQsLZGg window_title=Downlink YouTube 7bb9f60a2e594b83a38b6559a3031923
[14:58:08.091] [SCL] YOUTUBE_SLOT video_id=Jm8wRjD3xVA window_title=Downlink YouTube b19ea9b1e1c549688dd335776aca85eb
[14:58:08.094] [MGL] YOUTUBE_SLOT video_id=cOmmvhDQ2HM window_title=Downlink YouTube 4a8e44e413044c068d96a3b6e2c9ae15
[14:58:08.096] [Sentinel] YOUTUBE_SLOT video_id=IQV0DlS1Ew0 window_title=Downlink YouTube f245640a30f34eecba2f413c08278d5a
[14:58:08.099] [Rover1] YOUTUBE_SLOT video_id=inCQ49QGmqQ window_title=Downlink YouTube 92abc3ea49c44d89837359231ed56f09
[14:58:08.101] [Rocket Ranch] YOUTUBE_SLOT video_id=qw3uaLRrYNY window_title=Downlink YouTube 672ffaf34bfc4d1ca2218ea9f7711197
[14:58:09.556] YOUTUBE_QT_WINDOW_CREATED title=Downlink YouTube 7bb9f60a2e594b83a38b6559a3031923 hwnd=2889872 video_id=mhJRzQsLZGg
[14:58:09.567] YOUTUBE_QT_WINDOW_CREATED title=Downlink YouTube b19ea9b1e1c549688dd335776aca85eb hwnd=2040872 video_id=Jm8wRjD3xVA
[14:58:09.580] YOUTUBE_QT_WINDOW_CREATED title=Downlink YouTube 4a8e44e413044c068d96a3b6e2c9ae15 hwnd=3023916 video_id=cOmmvhDQ2HM
[14:58:09.590] YOUTUBE_QT_WINDOW_CREATED title=Downlink YouTube f245640a30f34eecba2f413c08278d5a hwnd=1580496 video_id=IQV0DlS1Ew0
[14:58:09.601] YOUTUBE_QT_WINDOW_CREATED title=Downlink YouTube 92abc3ea49c44d89837359231ed56f09 hwnd=861248 video_id=inCQ49QGmqQ
[14:58:09.611] YOUTUBE_QT_WINDOW_CREATED title=Downlink YouTube 672ffaf34bfc4d1ca2218ea9f7711197 hwnd=3414966 video_id=qw3uaLRrYNY
[14:58:09.612] YOUTUBE_QT_READY count=6
[14:58:09.638] YOUTUBE_HWND_FOUND title=Downlink YouTube 7bb9f60a2e594b83a38b6559a3031923 hwnd=2889872 attempt=14
[14:58:09.639] YOUTUBE_EMBED_ATTACH_FAILED error=ArgumentError('argument 3: OverflowError: int too long to convert')
[14:58:09.645] YOUTUBE_HWND_FOUND title=Downlink YouTube b19ea9b1e1c549688dd335776aca85eb hwnd=2040872 attempt=14
[14:58:09.645] YOUTUBE_EMBED_ATTACH_FAILED error=ArgumentError('argument 3: OverflowError: int too long to convert')
[14:58:09.654] YOUTUBE_HWND_FOUND title=Downlink YouTube 4a8e44e413044c068d96a3b6e2c9ae15 hwnd=3023916 attempt=14
[14:58:09.655] YOUTUBE_EMBED_ATTACH_FAILED error=ArgumentError('argument 3: OverflowError: int too long to convert')
[14:58:09.659] YOUTUBE_HWND_FOUND title=Downlink YouTube f245640a30f34eecba2f413c08278d5a hwnd=1580496 attempt=14
[14:58:09.659] YOUTUBE_EMBED_ATTACH_FAILED error=ArgumentError('argument 3: OverflowError: int too long to convert')
[14:58:09.663] YOUTUBE_HWND_FOUND title=Downlink YouTube 92abc3ea49c44d89837359231ed56f09 hwnd=861248 attempt=14
[14:58:09.663] YOUTUBE_EMBED_ATTACH_FAILED error=ArgumentError('argument 3: OverflowError: int too long to convert')
[14:58:09.667] YOUTUBE_HWND_FOUND title=Downlink YouTube 672ffaf34bfc4d1ca2218ea9f7711197 hwnd=3414966 attempt=14
[14:58:09.668] YOUTUBE_EMBED_ATTACH_FAILED error=ArgumentError('argument 3: OverflowError: int too long to convert')
[15:01:34.470] YOUTUBE_GROUP_START count=6
[15:01:35.132] YOUTUBE_GROUP_PROCESS_STARTED pid=46940
[15:01:35.136] [SBL] YOUTUBE_SLOT video_id=mhJRzQsLZGg window_title=Downlink YouTube 86e21ac7bc444ef0aa53af7bef9bf76b
[15:01:35.145] [SCL] YOUTUBE_SLOT video_id=Jm8wRjD3xVA window_title=Downlink YouTube 08803f8f04a14ab9ac6a9fee62374274
[15:01:35.148] [MGL] YOUTUBE_SLOT video_id=cOmmvhDQ2HM window_title=Downlink YouTube 349de18ad7fb43ce928479af04fc9665
[15:01:35.153] [Sentinel] YOUTUBE_SLOT video_id=IQV0DlS1Ew0 window_title=Downlink YouTube 29c515bbc64a482099c2f49345f1e90d
[15:01:35.156] [Rover1] YOUTUBE_SLOT video_id=inCQ49QGmqQ window_title=Downlink YouTube 5aa245bb93694847a2cbcf51401d033e
[15:01:35.160] [Rocket Ranch] YOUTUBE_SLOT video_id=qw3uaLRrYNY window_title=Downlink YouTube 8e587a5530cc4411a33298a2393ef516
[15:01:36.571] YOUTUBE_QT_WINDOW_CREATED title=Downlink YouTube 86e21ac7bc444ef0aa53af7bef9bf76b hwnd=1905234 video_id=mhJRzQsLZGg
[15:01:36.582] YOUTUBE_QT_WINDOW_CREATED title=Downlink YouTube 08803f8f04a14ab9ac6a9fee62374274 hwnd=2237494 video_id=Jm8wRjD3xVA
[15:01:36.594] YOUTUBE_QT_WINDOW_CREATED title=Downlink YouTube 349de18ad7fb43ce928479af04fc9665 hwnd=3805940 video_id=cOmmvhDQ2HM
[15:01:36.605] YOUTUBE_QT_WINDOW_CREATED title=Downlink YouTube 29c515bbc64a482099c2f49345f1e90d hwnd=3017240 video_id=IQV0DlS1Ew0
[15:01:36.608] YOUTUBE_HWND_FOUND title=Downlink YouTube 86e21ac7bc444ef0aa53af7bef9bf76b hwnd=1905234 attempt=13
[15:01:36.608] YOUTUBE_EMBED_ATTACH_FAILED error=ArgumentError('argument 3: OverflowError: int too long to convert')
[15:01:36.617] YOUTUBE_QT_WINDOW_CREATED title=Downlink YouTube 5aa245bb93694847a2cbcf51401d033e hwnd=3806262 video_id=inCQ49QGmqQ
[15:01:36.618] YOUTUBE_HWND_FOUND title=Downlink YouTube 08803f8f04a14ab9ac6a9fee62374274 hwnd=2237494 attempt=13
[15:01:36.618] YOUTUBE_EMBED_ATTACH_FAILED error=ArgumentError('argument 3: OverflowError: int too long to convert')
[15:01:36.628] YOUTUBE_HWND_FOUND title=Downlink YouTube 349de18ad7fb43ce928479af04fc9665 hwnd=3805940 attempt=13
[15:01:36.629] YOUTUBE_QT_WINDOW_CREATED title=Downlink YouTube 8e587a5530cc4411a33298a2393ef516 hwnd=4199332 video_id=qw3uaLRrYNY
[15:01:36.629] YOUTUBE_EMBED_ATTACH_FAILED error=ArgumentError('argument 3: OverflowError: int too long to convert')
[15:01:36.629] YOUTUBE_QT_READY count=6
[15:01:36.633] YOUTUBE_HWND_FOUND title=Downlink YouTube 29c515bbc64a482099c2f49345f1e90d hwnd=3017240 attempt=13
[15:01:36.633] YOUTUBE_EMBED_ATTACH_FAILED error=ArgumentError('argument 3: OverflowError: int too long to convert')
[15:01:36.636] YOUTUBE_HWND_FOUND title=Downlink YouTube 5aa245bb93694847a2cbcf51401d033e hwnd=3806262 attempt=13
[15:01:36.637] YOUTUBE_EMBED_ATTACH_FAILED error=ArgumentError('argument 3: OverflowError: int too long to convert')
[15:01:36.640] YOUTUBE_HWND_FOUND title=Downlink YouTube 8e587a5530cc4411a33298a2393ef516 hwnd=4199332 attempt=13
[15:01:36.640] YOUTUBE_EMBED_ATTACH_FAILED error=ArgumentError('argument 3: OverflowError: int too long to convert')
[15:03:59.531] YOUTUBE_GROUP_START count=6
[15:04:00.232] YOUTUBE_GROUP_PROCESS_STARTED pid=67064
[15:04:00.236] [SBL] YOUTUBE_SLOT video_id=mhJRzQsLZGg window_title=Downlink YouTube 2d76a0d89afd4cbeb266d7698b2a416a
[15:04:00.249] [SCL] YOUTUBE_SLOT video_id=Jm8wRjD3xVA window_title=Downlink YouTube a07e8a06c1f0426dbfbc5639ea354144
[15:04:00.253] [MGL] YOUTUBE_SLOT video_id=cOmmvhDQ2HM window_title=Downlink YouTube 94da761ec86e42eaa7ff222ebbbf2d8c
[15:04:00.257] [Sentinel] YOUTUBE_SLOT video_id=IQV0DlS1Ew0 window_title=Downlink YouTube 3d9cec3dae044209a777794430ef0fa7
[15:04:00.260] [Rover1] YOUTUBE_SLOT video_id=inCQ49QGmqQ window_title=Downlink YouTube 29760e76d67047ac95ca3604ac8cf60c
[15:04:00.263] [Rocket Ranch] YOUTUBE_SLOT video_id=qw3uaLRrYNY window_title=Downlink YouTube 6785bfc4b72540e0aac30aedf49a2a25
[15:04:01.725] YOUTUBE_QT_WINDOW_CREATED title=Downlink YouTube 2d76a0d89afd4cbeb266d7698b2a416a hwnd=4065196 video_id=mhJRzQsLZGg
[15:04:01.728] YOUTUBE_HWND_FOUND title=Downlink YouTube 2d76a0d89afd4cbeb266d7698b2a416a hwnd=4065196 attempt=13
[15:04:01.729] YOUTUBE_EMBED_ATTACH_FAILED error=ArgumentError('argument 3: OverflowError: int too long to convert')
[15:04:01.738] YOUTUBE_QT_WINDOW_CREATED title=Downlink YouTube a07e8a06c1f0426dbfbc5639ea354144 hwnd=2499630 video_id=Jm8wRjD3xVA
[15:04:01.739] YOUTUBE_HWND_FOUND title=Downlink YouTube a07e8a06c1f0426dbfbc5639ea354144 hwnd=2499630 attempt=13
[15:04:01.740] YOUTUBE_EMBED_ATTACH_FAILED error=ArgumentError('argument 3: OverflowError: int too long to convert')
[15:04:01.750] YOUTUBE_QT_WINDOW_CREATED title=Downlink YouTube 94da761ec86e42eaa7ff222ebbbf2d8c hwnd=3740968 video_id=cOmmvhDQ2HM
[15:04:01.763] YOUTUBE_QT_WINDOW_CREATED title=Downlink YouTube 3d9cec3dae044209a777794430ef0fa7 hwnd=3675560 video_id=IQV0DlS1Ew0
[15:04:01.776] YOUTUBE_QT_WINDOW_CREATED title=Downlink YouTube 29760e76d67047ac95ca3604ac8cf60c hwnd=2299584 video_id=inCQ49QGmqQ
[15:04:01.789] YOUTUBE_QT_WINDOW_CREATED title=Downlink YouTube 6785bfc4b72540e0aac30aedf49a2a25 hwnd=3610564 video_id=qw3uaLRrYNY
[15:04:01.789] YOUTUBE_QT_READY count=6
[15:04:01.848] YOUTUBE_HWND_FOUND title=Downlink YouTube 94da761ec86e42eaa7ff222ebbbf2d8c hwnd=3740968 attempt=14
[15:04:01.849] YOUTUBE_EMBED_ATTACH_FAILED error=ArgumentError('argument 3: OverflowError: int too long to convert')
[15:04:01.853] YOUTUBE_HWND_FOUND title=Downlink YouTube 3d9cec3dae044209a777794430ef0fa7 hwnd=3675560 attempt=14
[15:04:01.853] YOUTUBE_EMBED_ATTACH_FAILED error=ArgumentError('argument 3: OverflowError: int too long to convert')
[15:04:01.858] YOUTUBE_HWND_FOUND title=Downlink YouTube 29760e76d67047ac95ca3604ac8cf60c hwnd=2299584 attempt=14
[15:04:01.858] YOUTUBE_EMBED_ATTACH_FAILED error=ArgumentError('argument 3: OverflowError: int too long to convert')
[15:04:01.861] YOUTUBE_HWND_FOUND title=Downlink YouTube 6785bfc4b72540e0aac30aedf49a2a25 hwnd=3610564 attempt=14
[15:04:01.862] YOUTUBE_EMBED_ATTACH_FAILED error=ArgumentError('argument 3: OverflowError: int too long to convert')
[15:12:10.962] YOUTUBE_GROUP_START count=6
[15:12:11.669] YOUTUBE_GROUP_PROCESS_STARTED pid=68248
[15:12:11.672] [SBL] YOUTUBE_SLOT video_id=mhJRzQsLZGg window_title=Downlink YouTube b5fdeab209794f7294f0d80f1edf1ff8
[15:12:11.679] [SCL] YOUTUBE_SLOT video_id=Jm8wRjD3xVA window_title=Downlink YouTube 7a6a63fc73ce4004b48347a290395545
[15:12:11.682] [MGL] YOUTUBE_SLOT video_id=cOmmvhDQ2HM window_title=Downlink YouTube 7416f840c43a49dababeb3816ab6cdc9
[15:12:11.685] [Sentinel] YOUTUBE_SLOT video_id=IQV0DlS1Ew0 window_title=Downlink YouTube 4ae16a56a60c483b96d290b6c83f9bbd
[15:12:11.687] [Rover1] YOUTUBE_SLOT video_id=inCQ49QGmqQ window_title=Downlink YouTube 08d65b7b9698416fadf2cf2bfe16666d
[15:12:11.691] [Rocket Ranch] YOUTUBE_SLOT video_id=qw3uaLRrYNY window_title=Downlink YouTube 8359dc78fdf84e3db31b54376f9a0c19
[15:12:13.166] YOUTUBE_QT_WINDOW_CREATED title=Downlink YouTube b5fdeab209794f7294f0d80f1edf1ff8 hwnd=2106466 video_id=mhJRzQsLZGg
[15:12:13.180] YOUTUBE_QT_WINDOW_CREATED title=Downlink YouTube 7a6a63fc73ce4004b48347a290395545 hwnd=1578716 video_id=Jm8wRjD3xVA
[15:12:13.193] YOUTUBE_QT_WINDOW_CREATED title=Downlink YouTube 7416f840c43a49dababeb3816ab6cdc9 hwnd=1054752 video_id=cOmmvhDQ2HM
[15:12:13.203] YOUTUBE_QT_WINDOW_CREATED title=Downlink YouTube 4ae16a56a60c483b96d290b6c83f9bbd hwnd=3810268 video_id=IQV0DlS1Ew0
[15:12:13.214] YOUTUBE_QT_WINDOW_CREATED title=Downlink YouTube 08d65b7b9698416fadf2cf2bfe16666d hwnd=3543182 video_id=inCQ49QGmqQ
[15:12:13.225] YOUTUBE_QT_WINDOW_CREATED title=Downlink YouTube 8359dc78fdf84e3db31b54376f9a0c19 hwnd=2167846 video_id=qw3uaLRrYNY
[15:12:13.225] YOUTUBE_QT_READY count=6
[15:12:13.254] YOUTUBE_HWND_FOUND title=Downlink YouTube b5fdeab209794f7294f0d80f1edf1ff8 hwnd=2106466 attempt=14
[15:12:13.255] YOUTUBE_EMBED_ATTACH_FAILED error=ArgumentError('argument 3: OverflowError: int too long to convert')
[15:12:13.260] YOUTUBE_HWND_FOUND title=Downlink YouTube 7a6a63fc73ce4004b48347a290395545 hwnd=1578716 attempt=14
[15:12:13.260] YOUTUBE_EMBED_ATTACH_FAILED error=ArgumentError('argument 3: OverflowError: int too long to convert')
[15:12:13.266] YOUTUBE_HWND_FOUND title=Downlink YouTube 7416f840c43a49dababeb3816ab6cdc9 hwnd=1054752 attempt=14
[15:12:13.267] YOUTUBE_EMBED_ATTACH_FAILED error=ArgumentError('argument 3: OverflowError: int too long to convert')
[15:12:13.273] YOUTUBE_HWND_FOUND title=Downlink YouTube 4ae16a56a60c483b96d290b6c83f9bbd hwnd=3810268 attempt=14
[15:12:13.273] YOUTUBE_EMBED_ATTACH_FAILED error=ArgumentError('argument 3: OverflowError: int too long to convert')
[15:12:13.280] YOUTUBE_HWND_FOUND title=Downlink YouTube 08d65b7b9698416fadf2cf2bfe16666d hwnd=3543182 attempt=14
[15:12:13.281] YOUTUBE_EMBED_ATTACH_FAILED error=ArgumentError('argument 3: OverflowError: int too long to convert')
[15:12:13.286] YOUTUBE_HWND_FOUND title=Downlink YouTube 8359dc78fdf84e3db31b54376f9a0c19 hwnd=2167846 attempt=14
[15:12:13.286] YOUTUBE_EMBED_ATTACH_FAILED error=ArgumentError('argument 3: OverflowError: int too long to convert')
[15:14:30.150] YOUTUBE_GROUP_START count=6
[15:14:30.868] YOUTUBE_GROUP_PROCESS_STARTED pid=59000
[15:14:30.872] [SBL] YOUTUBE_SLOT video_id=mhJRzQsLZGg window_title=Downlink YouTube 8d15c9cda21e492883fcabd07e506198
[15:14:30.879] [SCL] YOUTUBE_SLOT video_id=Jm8wRjD3xVA window_title=Downlink YouTube 3443877a3d044a339f99b93ae7b7ced3
[15:14:30.883] [MGL] YOUTUBE_SLOT video_id=cOmmvhDQ2HM window_title=Downlink YouTube 1987c3815b3a4534b9a07be39ec5e896
[15:14:30.886] [Sentinel] YOUTUBE_SLOT video_id=IQV0DlS1Ew0 window_title=Downlink YouTube 3e7dabd61e5d4f1697a38226f85aaa08
[15:14:30.889] [Rover1] YOUTUBE_SLOT video_id=inCQ49QGmqQ window_title=Downlink YouTube defd07b315ea4cbf9664a148a4f68524
[15:14:30.894] [Rocket Ranch] YOUTUBE_SLOT video_id=qw3uaLRrYNY window_title=Downlink YouTube 1f65e55a443e42adb7d8999f9f677dc7
[15:14:32.392] YOUTUBE_QT_WINDOW_CREATED title=Downlink YouTube 8d15c9cda21e492883fcabd07e506198 hwnd=2761716 video_id=mhJRzQsLZGg
[15:14:32.404] YOUTUBE_QT_WINDOW_CREATED title=Downlink YouTube 3443877a3d044a339f99b93ae7b7ced3 hwnd=3674380 video_id=Jm8wRjD3xVA
[15:14:32.415] YOUTUBE_QT_WINDOW_CREATED title=Downlink YouTube 1987c3815b3a4534b9a07be39ec5e896 hwnd=3084800 video_id=cOmmvhDQ2HM
[15:14:32.428] YOUTUBE_QT_WINDOW_CREATED title=Downlink YouTube 3e7dabd61e5d4f1697a38226f85aaa08 hwnd=3740202 video_id=IQV0DlS1Ew0
[15:14:32.441] YOUTUBE_QT_WINDOW_CREATED title=Downlink YouTube defd07b315ea4cbf9664a148a4f68524 hwnd=2303016 video_id=inCQ49QGmqQ
[15:14:32.451] YOUTUBE_QT_WINDOW_CREATED title=Downlink YouTube 1f65e55a443e42adb7d8999f9f677dc7 hwnd=2234506 video_id=qw3uaLRrYNY
[15:14:32.452] YOUTUBE_QT_READY count=6
[15:14:32.489] YOUTUBE_HWND_FOUND title=Downlink YouTube 8d15c9cda21e492883fcabd07e506198 hwnd=2761716 attempt=14
[15:14:32.490] YOUTUBE_EMBED_ATTACH_FAILED error=ArgumentError('argument 3: OverflowError: int too long to convert')
[15:14:32.494] YOUTUBE_HWND_FOUND title=Downlink YouTube 3443877a3d044a339f99b93ae7b7ced3 hwnd=3674380 attempt=14
[15:14:32.494] YOUTUBE_EMBED_ATTACH_FAILED error=ArgumentError('argument 3: OverflowError: int too long to convert')
[15:14:32.498] YOUTUBE_HWND_FOUND title=Downlink YouTube 1987c3815b3a4534b9a07be39ec5e896 hwnd=3084800 attempt=14
[15:14:32.499] YOUTUBE_EMBED_ATTACH_FAILED error=ArgumentError('argument 3: OverflowError: int too long to convert')
[15:14:32.502] YOUTUBE_HWND_FOUND title=Downlink YouTube 3e7dabd61e5d4f1697a38226f85aaa08 hwnd=3740202 attempt=14
[15:14:32.503] YOUTUBE_EMBED_ATTACH_FAILED error=ArgumentError('argument 3: OverflowError: int too long to convert')
[15:14:32.508] YOUTUBE_HWND_FOUND title=Downlink YouTube defd07b315ea4cbf9664a148a4f68524 hwnd=2303016 attempt=14
[15:14:32.509] YOUTUBE_EMBED_ATTACH_FAILED error=ArgumentError('argument 3: OverflowError: int too long to convert')
[15:14:32.512] YOUTUBE_HWND_FOUND title=Downlink YouTube 1f65e55a443e42adb7d8999f9f677dc7 hwnd=2234506 attempt=14
[15:14:32.513] YOUTUBE_EMBED_ATTACH_FAILED error=ArgumentError('argument 3: OverflowError: int too long to convert')
[15:17:45.412] YOUTUBE_GROUP_START count=6
[15:17:46.432] YOUTUBE_GROUP_PROCESS_STARTED pid=61136
[15:17:46.437] [SBL] YOUTUBE_SLOT video_id=mhJRzQsLZGg window_title=Downlink YouTube 9beb6907a0074277bbd400ff2e8e14da
[15:17:46.447] [SCL] YOUTUBE_SLOT video_id=Jm8wRjD3xVA window_title=Downlink YouTube 12893b33cd4541eb903e642331ef6c3a
[15:17:46.452] [MGL] YOUTUBE_SLOT video_id=cOmmvhDQ2HM window_title=Downlink YouTube 12f0d048512e4cbda404c628feb39f3f
[15:17:46.455] [Sentinel] YOUTUBE_SLOT video_id=IQV0DlS1Ew0 window_title=Downlink YouTube 72ace4592dde4908a3099f9e054066c2
[15:17:46.458] [Rover1] YOUTUBE_SLOT video_id=inCQ49QGmqQ window_title=Downlink YouTube c0847a988d3e4b32a8d68f7f66fd32b3
[15:17:46.465] [Rocket Ranch] YOUTUBE_SLOT video_id=qw3uaLRrYNY window_title=Downlink YouTube c62d38905c244134951128cac45d4489
[15:17:47.354] YOUTUBE_QT_IMPORT_OK
[15:17:47.893] YOUTUBE_QT_WINDOW_CREATED title=Downlink YouTube 9beb6907a0074277bbd400ff2e8e14da hwnd=1905866 video_id=mhJRzQsLZGg
[15:17:47.903] YOUTUBE_QT_WINDOW_CREATED title=Downlink YouTube 12893b33cd4541eb903e642331ef6c3a hwnd=1775324 video_id=Jm8wRjD3xVA
[15:17:47.913] YOUTUBE_QT_WINDOW_CREATED title=Downlink YouTube 12f0d048512e4cbda404c628feb39f3f hwnd=3478434 video_id=cOmmvhDQ2HM
[15:17:47.924] YOUTUBE_QT_WINDOW_CREATED title=Downlink YouTube 72ace4592dde4908a3099f9e054066c2 hwnd=3544886 video_id=IQV0DlS1Ew0
[15:17:47.934] YOUTUBE_QT_WINDOW_CREATED title=Downlink YouTube c0847a988d3e4b32a8d68f7f66fd32b3 hwnd=5574786 video_id=inCQ49QGmqQ
[15:17:47.944] YOUTUBE_QT_WINDOW_CREATED title=Downlink YouTube c62d38905c244134951128cac45d4489 hwnd=3150992 video_id=qw3uaLRrYNY
[15:17:47.945] YOUTUBE_QT_READY count=6
[15:17:47.949] YOUTUBE_HWND_FOUND title=Downlink YouTube 9beb6907a0074277bbd400ff2e8e14da hwnd=1905866 attempt=13
[15:17:47.949] YOUTUBE_EMBED_ATTACH_FAILED error=ArgumentError('argument 3: OverflowError: int too long to convert')
[15:17:47.953] YOUTUBE_HWND_FOUND title=Downlink YouTube 12893b33cd4541eb903e642331ef6c3a hwnd=1775324 attempt=13
[15:17:47.953] YOUTUBE_EMBED_ATTACH_FAILED error=ArgumentError('argument 3: OverflowError: int too long to convert')
[15:17:47.956] YOUTUBE_HWND_FOUND title=Downlink YouTube 12f0d048512e4cbda404c628feb39f3f hwnd=3478434 attempt=13
[15:17:47.957] YOUTUBE_EMBED_ATTACH_FAILED error=ArgumentError('argument 3: OverflowError: int too long to convert')
[15:17:47.960] YOUTUBE_HWND_FOUND title=Downlink YouTube 72ace4592dde4908a3099f9e054066c2 hwnd=3544886 attempt=13
[15:17:47.961] YOUTUBE_EMBED_ATTACH_FAILED error=ArgumentError('argument 3: OverflowError: int too long to convert')
[15:17:47.964] YOUTUBE_HWND_FOUND title=Downlink YouTube c0847a988d3e4b32a8d68f7f66fd32b3 hwnd=5574786 attempt=13
[15:17:47.964] YOUTUBE_EMBED_ATTACH_FAILED error=ArgumentError('argument 3: OverflowError: int too long to convert')
[15:17:47.969] YOUTUBE_HWND_FOUND title=Downlink YouTube c62d38905c244134951128cac45d4489 hwnd=3150992 attempt=13
[15:17:47.970] YOUTUBE_EMBED_ATTACH_FAILED error=ArgumentError('argument 3: OverflowError: int too long to convert')
[15:21:26.541] YOUTUBE_GROUP_START count=6
[15:21:27.586] YOUTUBE_GROUP_PROCESS_STARTED pid=62752
[15:21:27.590] [SBL] YOUTUBE_SLOT video_id=mhJRzQsLZGg window_title=Downlink YouTube ea3093a974c646ff862e56067b993aa5
[15:21:27.598] [SCL] YOUTUBE_SLOT video_id=Jm8wRjD3xVA window_title=Downlink YouTube 7328a40243954b43a44d463782c4ccae
[15:21:27.602] [MGL] YOUTUBE_SLOT video_id=cOmmvhDQ2HM window_title=Downlink YouTube 04e6c2aa90104ab2a9913f6192ef45b0
[15:21:27.605] [Sentinel] YOUTUBE_SLOT video_id=IQV0DlS1Ew0 window_title=Downlink YouTube ff8bfb43470e4be2b0f18462df22f0e7
[15:21:27.608] [Rover1] YOUTUBE_SLOT video_id=inCQ49QGmqQ window_title=Downlink YouTube fb09ad19dbb1491c8f2986c49447d1b1
[15:21:27.611] [Rocket Ranch] YOUTUBE_SLOT video_id=qw3uaLRrYNY window_title=Downlink YouTube b4e76934ff6b4ff3bbf32b3fc2b015a1
[15:21:28.510] YOUTUBE_QT_IMPORT_OK
[15:21:29.070] YOUTUBE_QT_WINDOW_CREATED title=Downlink YouTube ea3093a974c646ff862e56067b993aa5 hwnd=4002756 video_id=mhJRzQsLZGg
[15:21:29.085] YOUTUBE_HWND_FOUND title=Downlink YouTube ea3093a974c646ff862e56067b993aa5 hwnd=4002756 attempt=13
[15:21:29.086] YOUTUBE_EMBED_ATTACH_FAILED error=ArgumentError('argument 3: OverflowError: int too long to convert')
[15:21:29.116] YOUTUBE_QT_WINDOW_CREATED title=Downlink YouTube 7328a40243954b43a44d463782c4ccae hwnd=923704 video_id=Jm8wRjD3xVA
[15:21:29.160] YOUTUBE_QT_WINDOW_CREATED title=Downlink YouTube 04e6c2aa90104ab2a9913f6192ef45b0 hwnd=2955156 video_id=cOmmvhDQ2HM
[15:21:29.190] YOUTUBE_HWND_FOUND title=Downlink YouTube 7328a40243954b43a44d463782c4ccae hwnd=923704 attempt=14
[15:21:29.190] YOUTUBE_EMBED_ATTACH_FAILED error=ArgumentError('argument 3: OverflowError: int too long to convert')
[15:21:29.195] YOUTUBE_HWND_FOUND title=Downlink YouTube 04e6c2aa90104ab2a9913f6192ef45b0 hwnd=2955156 attempt=14
[15:21:29.196] YOUTUBE_EMBED_ATTACH_FAILED error=ArgumentError('argument 3: OverflowError: int too long to convert')
[15:21:29.208] YOUTUBE_QT_WINDOW_CREATED title=Downlink YouTube ff8bfb43470e4be2b0f18462df22f0e7 hwnd=3283088 video_id=IQV0DlS1Ew0
[15:21:29.258] YOUTUBE_QT_WINDOW_CREATED title=Downlink YouTube fb09ad19dbb1491c8f2986c49447d1b1 hwnd=3479438 video_id=inCQ49QGmqQ
[15:21:29.299] YOUTUBE_HWND_FOUND title=Downlink YouTube ff8bfb43470e4be2b0f18462df22f0e7 hwnd=3283088 attempt=15
[15:21:29.300] YOUTUBE_EMBED_ATTACH_FAILED error=ArgumentError('argument 3: OverflowError: int too long to convert')
[15:21:29.305] YOUTUBE_HWND_FOUND title=Downlink YouTube fb09ad19dbb1491c8f2986c49447d1b1 hwnd=3479438 attempt=15
[15:21:29.306] YOUTUBE_EMBED_ATTACH_FAILED error=ArgumentError('argument 3: OverflowError: int too long to convert')
[15:21:29.311] YOUTUBE_QT_WINDOW_CREATED title=Downlink YouTube b4e76934ff6b4ff3bbf32b3fc2b015a1 hwnd=3871814 video_id=qw3uaLRrYNY
[15:21:29.311] YOUTUBE_QT_READY count=6
[15:21:29.411] YOUTUBE_HWND_FOUND title=Downlink YouTube b4e76934ff6b4ff3bbf32b3fc2b015a1 hwnd=3871814 attempt=16
[15:21:29.411] YOUTUBE_EMBED_ATTACH_FAILED error=ArgumentError('argument 3: OverflowError: int too long to convert')
[15:23:08.252] YOUTUBE_GROUP_START count=6
[15:23:08.253] YOUTUBE_GROUP_SKIPPED disabled_by_default
[15:23:31.392] YOUTUBE_GROUP_START count=6
[15:25:06.976] YOUTUBE_GROUP_START count=6
[15:25:07.690] [SBL] YOUTUBE_EMBED window_title=Downlink YouTube 1f2f3c9adbe54971934b94d2267d3841 video_id=mhJRzQsLZGg
[15:25:07.696] [SCL] YOUTUBE_EMBED window_title=Downlink YouTube 3e7c1d57ae1c4d65809bff6a014a6f38 video_id=Jm8wRjD3xVA
[15:25:07.700] [MGL] YOUTUBE_EMBED window_title=Downlink YouTube 64d9912140f74844a758ab7a65a8acf1 video_id=cOmmvhDQ2HM
[15:25:07.702] [Sentinel] YOUTUBE_EMBED window_title=Downlink YouTube bdf5fe760c184191bf90b87894ab547c video_id=IQV0DlS1Ew0
[15:25:07.705] [Rover1] YOUTUBE_EMBED window_title=Downlink YouTube fa0536a12da942afb66ba6a42264f8e8 video_id=inCQ49QGmqQ
[15:25:07.707] [Rocket Ranch] YOUTUBE_EMBED window_title=Downlink YouTube ea003ee99f97418eb68f3d23c752d5e9 video_id=qw3uaLRrYNY
[15:25:09.149] YOUTUBE_EMBED_ATTACHED hwnd=2498772
[15:25:09.185] YOUTUBE_EMBED_ATTACHED hwnd=3482602
[15:25:09.286] YOUTUBE_EMBED_ATTACHED hwnd=3482626
[15:25:09.337] YOUTUBE_EMBED_ATTACHED hwnd=3089416
[15:25:09.369] YOUTUBE_EMBED_ATTACHED hwnd=5841944
[15:25:09.393] YOUTUBE_EMBED_ATTACHED hwnd=3220514
[15:27:02.257] YOUTUBE_GROUP_START count=6
[15:27:03.278] YOUTUBE_GROUP_PROCESS_STARTED pid=50204
[15:27:03.283] [SBL] YOUTUBE_SLOT video_id=mhJRzQsLZGg window_title=Downlink YouTube 7a22d26c35304da1a89dee158875573d
[15:27:03.289] [SCL] YOUTUBE_SLOT video_id=Jm8wRjD3xVA window_title=Downlink YouTube 291aa09d129a49c999786144834c60a3
[15:27:03.293] [MGL] YOUTUBE_SLOT video_id=cOmmvhDQ2HM window_title=Downlink YouTube 2b7912c72bd244b18170793f4d11f8e2
[15:27:03.295] [Sentinel] YOUTUBE_SLOT video_id=IQV0DlS1Ew0 window_title=Downlink YouTube 6a26fe026be64a34be38b697624e7b97
[15:27:03.298] [Rover1] YOUTUBE_SLOT video_id=inCQ49QGmqQ window_title=Downlink YouTube 826cba3cfbf44364a5c8deb204d3d129
[15:27:03.300] [Rocket Ranch] YOUTUBE_SLOT video_id=qw3uaLRrYNY window_title=Downlink YouTube b0b28638f0cf47b99b18bf09cc0a65a4
[15:27:04.195] YOUTUBE_QT_IMPORT_OK
[15:27:04.701] YOUTUBE_QT_WINDOW_CREATED title=Downlink YouTube 7a22d26c35304da1a89dee158875573d hwnd=5182372 video_id=mhJRzQsLZGg
[15:27:04.714] YOUTUBE_QT_WINDOW_CREATED title=Downlink YouTube 291aa09d129a49c999786144834c60a3 hwnd=4132842 video_id=Jm8wRjD3xVA
[15:27:04.725] YOUTUBE_QT_WINDOW_CREATED title=Downlink YouTube 2b7912c72bd244b18170793f4d11f8e2 hwnd=2758536 video_id=cOmmvhDQ2HM
[15:27:04.735] YOUTUBE_QT_WINDOW_CREATED title=Downlink YouTube 6a26fe026be64a34be38b697624e7b97 hwnd=3282656 video_id=IQV0DlS1Ew0
[15:27:04.745] YOUTUBE_EMBED_ATTACH_FAILED error=ArgumentError('argument 3: OverflowError: int too long to convert')
[15:27:04.748] YOUTUBE_QT_WINDOW_CREATED title=Downlink YouTube 826cba3cfbf44364a5c8deb204d3d129 hwnd=1774120 video_id=inCQ49QGmqQ
[15:27:04.750] YOUTUBE_EMBED_ATTACH_FAILED error=ArgumentError('argument 3: OverflowError: int too long to convert')
[15:27:04.758] YOUTUBE_QT_WINDOW_CREATED title=Downlink YouTube b0b28638f0cf47b99b18bf09cc0a65a4 hwnd=4132860 video_id=qw3uaLRrYNY
[15:27:04.759] YOUTUBE_QT_READY count=6
[15:27:04.760] YOUTUBE_EMBED_ATTACH_FAILED error=ArgumentError('argument 3: OverflowError: int too long to convert')
[15:27:04.764] YOUTUBE_EMBED_ATTACH_FAILED error=ArgumentError('argument 3: OverflowError: int too long to convert')
[15:27:04.768] YOUTUBE_EMBED_ATTACH_FAILED error=ArgumentError('argument 3: OverflowError: int too long to convert')
[15:27:04.772] YOUTUBE_EMBED_ATTACH_FAILED error=ArgumentError('argument 3: OverflowError: int too long to convert')
[15:29:11.080] YOUTUBE_GROUP_START count=6
[15:29:11.792] [SBL] YOUTUBE_EMBED window_title=Downlink YouTube 5f53c4eee42a42e6924229fcf4f4e05a video_id=mhJRzQsLZGg
[15:29:11.799] [SCL] YOUTUBE_EMBED window_title=Downlink YouTube 92723f7cba7a4af0bac9b59ebc43b089 video_id=Jm8wRjD3xVA
[15:29:11.802] [MGL] YOUTUBE_EMBED window_title=Downlink YouTube b21e3c1dbec5471a906fa032057adada video_id=cOmmvhDQ2HM
[15:29:11.805] [Sentinel] YOUTUBE_EMBED window_title=Downlink YouTube 80a939b6829d44948fd982f1787c4d74 video_id=IQV0DlS1Ew0
[15:29:11.807] [Rover1] YOUTUBE_EMBED window_title=Downlink YouTube 8032924d81db478f9b0db58dfb3e4713 video_id=inCQ49QGmqQ
[15:29:11.810] [Rocket Ranch] YOUTUBE_EMBED window_title=Downlink YouTube bcf9dade15604c1088a914d410d5ad98 video_id=qw3uaLRrYNY
[15:29:13.388] YOUTUBE_EMBED_ATTACHED hwnd=2497190
[15:29:13.429] YOUTUBE_EMBED_ATTACHED hwnd=4264254
[15:29:13.506] YOUTUBE_EMBED_ATTACHED hwnd=4591978
[15:29:13.547] YOUTUBE_EMBED_ATTACHED hwnd=4132884
[15:29:13.567] YOUTUBE_EMBED_ATTACHED hwnd=2040870
[15:29:13.597] YOUTUBE_EMBED_ATTACHED hwnd=4006956
[15:30:18.558] YOUTUBE_GROUP_DISABLED count=6
[15:30:18.560] [SBL] YOUTUBE_EMBED window_title=Downlink YouTube c9e4e86cdf7844bf89bfb475fe83359e video_id=mhJRzQsLZGg
[15:30:18.567] [SCL] YOUTUBE_EMBED window_title=Downlink YouTube a02b05bd12964467ba66f751bc81a713 video_id=Jm8wRjD3xVA
[15:30:18.570] [MGL] YOUTUBE_EMBED window_title=Downlink YouTube b52951c29b764f9ab0884e89c76501fd video_id=cOmmvhDQ2HM
[15:30:18.572] [Sentinel] YOUTUBE_EMBED window_title=Downlink YouTube fd8bdb3ae338402e9836dbf6a6fe42c8 video_id=IQV0DlS1Ew0
[15:30:18.579] [Rover1] YOUTUBE_EMBED window_title=Downlink YouTube 6c9e565b6e4e4e2584b897e991d49153 video_id=inCQ49QGmqQ
[15:30:18.582] [Rocket Ranch] YOUTUBE_EMBED window_title=Downlink YouTube 0bb203afedc74dae82b24f44610996a4 video_id=qw3uaLRrYNY
[15:36:16.135] YOUTUBE_GROUP_START count=6
[15:36:17.149] YOUTUBE_GROUP_PROCESS_STARTED pid=68944
[15:36:17.153] [Test] YOUTUBE_IFRAME_HOST count=6
[15:36:18.494] YOUTUBE_SINGLE_WINDOW_CREATED title='Downlink YouTube 0151943dd6d746b79ed00c4c81117706' hwnd=2562742 count=6
[15:36:18.496] YOUTUBE_SINGLE_BROWSER_READY count=6
[15:36:18.513] YOUTUBE_IFRAME_ATTACH_FAILED error=ArgumentError('argument 3: OverflowError: int too long to convert')
[15:38:01.626] YOUTUBE_GROUP_START count=6
[15:38:02.647] YOUTUBE_GROUP_PROCESS_STARTED pid=50556
[15:38:02.651] [Test] YOUTUBE_IFRAME_HOST count=6
[15:38:04.060] YOUTUBE_SINGLE_WINDOW_CREATED title='Downlink YouTube b5a2f427e1f04d76bd99de248c18f72a' hwnd=3548248 count=6
[15:38:04.061] YOUTUBE_SINGLE_BROWSER_READY count=6
[15:38:04.077] YOUTUBE_IFRAME_ATTACH_FAILED error=ArgumentError('argument 3: OverflowError: int too long to convert')
[15:42:04.180] YOUTUBE_GROUP_START count=6
[15:42:05.197] YOUTUBE_GROUP_PROCESS_STARTED pid=42672
[15:42:05.200] [Test] YOUTUBE_IFRAME_HOST count=6
[15:42:53.512] YOUTUBE_GROUP_START count=6
[15:42:54.535] YOUTUBE_GROUP_PROCESS_STARTED pid=71208
[15:42:54.539] [Test] YOUTUBE_IFRAME_HOST count=6
[15:42:56.023] YOUTUBE_SINGLE_WINDOW_CREATED title='Downlink YouTube a4f2662b36d048dabd7ce67d7768c460' hwnd=4397268 count=6
[15:42:56.024] YOUTUBE_SINGLE_BROWSER_READY count=6
[15:42:56.053] YOUTUBE_IFRAME_ATTACH_FAILED error=ArgumentError('argument 3: OverflowError: int too long to convert')
[15:44:01.189] YOUTUBE_GROUP_START count=6
[15:44:02.216] YOUTUBE_GROUP_PROCESS_STARTED pid=52544
[15:44:02.220] [Test] YOUTUBE_IFRAME_HOST count=6
[15:44:03.677] YOUTUBE_SINGLE_WINDOW_CREATED title='Downlink YouTube 3f5467b079b340589ebc38eb9cd12887' hwnd=3613750 count=6
[15:44:03.678] YOUTUBE_SINGLE_BROWSER_READY count=6
[15:44:03.737] YOUTUBE_IFRAME_ATTACH_FAILED error=ArgumentError('argument 3: OverflowError: int too long to convert')
[15:51:03.056] YOUTUBE_GROUP_START count=6
[15:51:04.088] YOUTUBE_GROUP_PROCESS_STARTED pid=61140
[15:51:04.093] [Test] YOUTUBE_IFRAME_HOST count=6
[15:51:05.029] YOUTUBE_QT_RUNTIME_FAILED error=AttributeError("'list' object has no attribute 'keys'")
[15:51:31.904] [Test] YOUTUBE_BROWSER_START count=6
[15:51:32.619] LAYOUT idx=0 row=0 col=0 items_in_row=1 relx=0.000 rely=0.000 relwidth=1.000 relheight=1.000
[15:51:34.104] YOUTUBE_BROWSER_ATTACHED hwnd=6361324
[15:55:48.624] [Test] YOUTUBE_BROWSER_START count=6
[15:55:49.340] LAYOUT idx=0 row=0 col=0 items_in_row=1 relx=0.000 rely=0.000 relwidth=1.000 relheight=1.000
[15:55:50.756] YOUTUBE_BROWSER_ATTACHED hwnd=4006942
[15:57:47.959] [Test] YOUTUBE_BROWSER_START count=1
[15:57:48.678] LAYOUT idx=0 row=0 col=0 items_in_row=1 relx=0.000 rely=0.000 relwidth=1.000 relheight=1.000
[15:57:48.679] YOUTUBE_BROWSER_STOP
[15:57:48.689] [Test] YOUTUBE_BROWSER_START count=1
[15:57:49.844] LAYOUT idx=0 row=0 col=0 items_in_row=1 relx=0.000 rely=0.000 relwidth=1.000 relheight=1.000
[15:57:49.844] YOUTUBE_BROWSER_STOP
[15:57:49.857] [Test] YOUTUBE_BROWSER_START count=1
[15:57:50.568] LAYOUT idx=0 row=0 col=0 items_in_row=1 relx=0.000 rely=0.000 relwidth=1.000 relheight=1.000
[15:57:50.569] YOUTUBE_BROWSER_STOP
[15:57:50.577] [Test] YOUTUBE_BROWSER_START count=1
[15:57:51.731] LAYOUT idx=0 row=0 col=0 items_in_row=1 relx=0.000 rely=0.000 relwidth=1.000 relheight=1.000
[15:57:51.732] YOUTUBE_BROWSER_STOP
[15:57:51.747] [Test] YOUTUBE_BROWSER_START count=1
[15:57:52.464] LAYOUT idx=0 row=0 col=0 items_in_row=1 relx=0.000 rely=0.000 relwidth=1.000 relheight=1.000
[15:57:52.465] YOUTUBE_BROWSER_STOP
[15:57:52.489] [Test] YOUTUBE_BROWSER_START count=1
[15:57:53.642] LAYOUT idx=0 row=0 col=0 items_in_row=1 relx=0.000 rely=0.000 relwidth=1.000 relheight=1.000
[15:57:53.652] LAYOUT idx=0 row=0 col=0 items_in_row=2 relx=0.000 rely=0.000 relwidth=0.500 relheight=1.000
[15:57:53.653] LAYOUT idx=1 row=0 col=1 items_in_row=2 relx=0.500 rely=0.000 relwidth=0.500 relheight=1.000
[15:57:53.661] LAYOUT idx=0 row=0 col=0 items_in_row=3 relx=0.000 rely=0.000 relwidth=0.333 relheight=1.000
[15:57:53.662] LAYOUT idx=1 row=0 col=1 items_in_row=3 relx=0.333 rely=0.000 relwidth=0.333 relheight=1.000
[15:57:53.662] LAYOUT idx=2 row=0 col=2 items_in_row=3 relx=0.667 rely=0.000 relwidth=0.333 relheight=1.000
[15:57:53.674] LAYOUT idx=0 row=0 col=0 items_in_row=2 relx=0.000 rely=0.000 relwidth=0.500 relheight=0.500
[15:57:53.674] LAYOUT idx=1 row=0 col=1 items_in_row=2 relx=0.500 rely=0.000 relwidth=0.500 relheight=0.500
[15:57:53.674] LAYOUT idx=2 row=1 col=0 items_in_row=2 relx=0.000 rely=0.500 relwidth=0.500 relheight=0.500
[15:57:53.675] LAYOUT idx=3 row=1 col=1 items_in_row=2 relx=0.500 rely=0.500 relwidth=0.500 relheight=0.500
[15:57:55.083] YOUTUBE_BROWSER_ATTACHED hwnd=4920748
[15:59:24.028] [Test] YOUTUBE_BROWSER_START count=6
[15:59:26.130] YOUTUBE_BROWSER_ATTACHED hwnd=4790182
[16:00:58.363] [Test] YOUTUBE_BROWSER_START count=1
[16:00:59.080] [Test] YOUTUBE_BROWSER_START count=1
[16:00:59.872] [Test] YOUTUBE_BROWSER_START count=1
[16:01:00.747] [Test] YOUTUBE_BROWSER_START count=1
[16:01:01.930] [Test] YOUTUBE_BROWSER_START count=1
[16:01:04.325] [Test] YOUTUBE_BROWSER_START count=1
[16:01:07.056] YOUTUBE_BROWSER_ATTACHED hwnd=4334646
[16:01:07.090] YOUTUBE_BROWSER_ATTACHED hwnd=3937050
[16:01:07.107] YOUTUBE_BROWSER_ATTACHED hwnd=5575576
[16:01:07.127] YOUTUBE_BROWSER_ATTACHED hwnd=3613800
[16:01:07.152] YOUTUBE_BROWSER_ATTACHED hwnd=1188806
[16:01:08.428] YOUTUBE_BROWSER_ATTACHED hwnd=1713164
[16:01:24.752] YOUTUBE_BROWSER_STOP
[16:01:24.787] YOUTUBE_BROWSER_STOP
[16:01:24.830] YOUTUBE_BROWSER_STOP
[16:01:24.870] YOUTUBE_BROWSER_STOP
[16:01:24.927] YOUTUBE_BROWSER_STOP
[16:01:24.999] YOUTUBE_BROWSER_STOP
[16:01:26.672] [Test] YOUTUBE_BROWSER_START count=1
[16:01:27.423] [Test] YOUTUBE_BROWSER_START count=1
[16:01:28.222] [Test] YOUTUBE_BROWSER_START count=1
[16:01:29.101] [Test] YOUTUBE_BROWSER_START count=1
[16:01:30.219] [Test] YOUTUBE_BROWSER_START count=1
[16:01:32.622] [Test] YOUTUBE_BROWSER_START count=1
[16:01:35.413] YOUTUBE_BROWSER_ATTACHED hwnd=269416
[16:01:35.449] YOUTUBE_BROWSER_ATTACHED hwnd=2626310
[16:01:35.478] YOUTUBE_BROWSER_ATTACHED hwnd=1120484
[16:01:35.499] YOUTUBE_BROWSER_ATTACHED hwnd=2625872
[16:01:35.523] YOUTUBE_BROWSER_ATTACHED hwnd=4462304
[16:01:36.792] YOUTUBE_BROWSER_ATTACHED hwnd=3082358
[16:01:42.563] YOUTUBE_BROWSER_STOP
[16:01:42.606] YOUTUBE_BROWSER_STOP
[16:01:42.647] YOUTUBE_BROWSER_STOP
[16:01:42.694] YOUTUBE_BROWSER_STOP
[16:01:42.766] YOUTUBE_BROWSER_STOP
[16:01:42.830] YOUTUBE_BROWSER_STOP
[16:01:44.156] [Test] YOUTUBE_BROWSER_START count=1
[16:01:44.173] [Test] YOUTUBE_BROWSER_START count=1
[16:01:44.190] [Test] YOUTUBE_BROWSER_START count=1
[16:01:44.204] [Test] YOUTUBE_BROWSER_START count=1
[16:01:44.219] [Test] YOUTUBE_BROWSER_START count=1
[16:01:44.235] [Test] YOUTUBE_BROWSER_START count=1
[16:01:45.937] YOUTUBE_BROWSER_ATTACHED hwnd=4592316
[16:01:45.991] YOUTUBE_BROWSER_ATTACHED hwnd=5574652
[16:01:46.064] YOUTUBE_BROWSER_ATTACHED hwnd=3286048
[16:01:46.322] YOUTUBE_BROWSER_ATTACHED hwnd=4201350
[16:01:46.529] YOUTUBE_BROWSER_ATTACHED hwnd=2167706
[16:01:46.776] YOUTUBE_BROWSER_ATTACHED hwnd=529750
[16:01:56.708] YOUTUBE_BROWSER_STOP
[16:01:56.746] YOUTUBE_BROWSER_STOP
[16:01:56.782] YOUTUBE_BROWSER_STOP
[16:01:56.820] YOUTUBE_BROWSER_STOP
[16:01:56.867] YOUTUBE_BROWSER_STOP
[16:01:56.935] YOUTUBE_BROWSER_STOP
[16:01:57.886] [Test] YOUTUBE_BROWSER_START count=1
[16:01:58.606] [Test] YOUTUBE_BROWSER_START count=1
[16:01:59.409] [Test] YOUTUBE_BROWSER_START count=1
[16:02:00.306] [Test] YOUTUBE_BROWSER_START count=1
[16:02:01.482] [Test] YOUTUBE_BROWSER_START count=1
[16:02:03.936] [Test] YOUTUBE_BROWSER_START count=1
[16:02:06.826] YOUTUBE_BROWSER_ATTACHED hwnd=1775856
[16:02:06.857] YOUTUBE_BROWSER_ATTACHED hwnd=4397456
[16:02:06.885] YOUTUBE_BROWSER_ATTACHED hwnd=1450940
[16:02:06.911] YOUTUBE_BROWSER_ATTACHED hwnd=400918
[16:02:06.926] YOUTUBE_BROWSER_ATTACHED hwnd=3281066
[16:02:08.198] YOUTUBE_BROWSER_ATTACHED hwnd=2364478
[16:02:12.161] YOUTUBE_BROWSER_STOP
[16:02:12.199] YOUTUBE_BROWSER_STOP
[16:02:12.238] YOUTUBE_BROWSER_STOP
[16:02:12.285] YOUTUBE_BROWSER_STOP
[16:02:12.343] YOUTUBE_BROWSER_STOP
[16:02:12.408] YOUTUBE_BROWSER_STOP
[16:02:13.419] [Test] YOUTUBE_BROWSER_START count=1
[16:02:13.434] [Test] YOUTUBE_BROWSER_START count=1
[16:02:13.447] [Test] YOUTUBE_BROWSER_START count=1
[16:02:13.461] [Test] YOUTUBE_BROWSER_START count=1
[16:02:13.476] [Test] YOUTUBE_BROWSER_START count=1
[16:02:13.491] [Test] YOUTUBE_BROWSER_START count=1
[16:02:15.198] YOUTUBE_BROWSER_ATTACHED hwnd=1450938
[16:02:15.270] YOUTUBE_BROWSER_ATTACHED hwnd=1773882
[16:02:15.377] YOUTUBE_BROWSER_ATTACHED hwnd=6684840
[16:02:15.556] YOUTUBE_BROWSER_ATTACHED hwnd=5509098
[16:02:15.725] YOUTUBE_BROWSER_ATTACHED hwnd=6886252
[16:02:15.855] YOUTUBE_BROWSER_ATTACHED hwnd=3939304
[16:02:24.588] YOUTUBE_BROWSER_STOP
[16:02:24.619] YOUTUBE_BROWSER_STOP
[16:02:24.657] YOUTUBE_BROWSER_STOP
[16:02:24.692] YOUTUBE_BROWSER_STOP
[16:02:24.737] YOUTUBE_BROWSER_STOP
[16:02:24.801] YOUTUBE_BROWSER_STOP
[16:02:24.943] [Test] YOUTUBE_BROWSER_START count=1
[16:02:26.274] [Test] YOUTUBE_BROWSER_START count=1
[16:02:27.098] [Test] YOUTUBE_BROWSER_START count=1
[16:02:27.981] [Test] YOUTUBE_BROWSER_START count=1
[16:02:29.115] [Test] YOUTUBE_BROWSER_START count=1
[16:02:31.571] [Test] YOUTUBE_BROWSER_START count=1
[16:02:34.140] [Test] YOUTUBE_BROWSER_START count=1
[16:02:39.947] YOUTUBE_BROWSER_ATTACHED hwnd=2626274
[16:02:39.975] YOUTUBE_BROWSER_ATTACHED hwnd=4260442
[16:02:40.003] YOUTUBE_BROWSER_ATTACHED hwnd=4264504
[16:02:40.040] YOUTUBE_BROWSER_ATTACHED hwnd=4593378
[16:02:40.069] YOUTUBE_BROWSER_ATTACHED hwnd=5707218
[16:02:40.093] YOUTUBE_BROWSER_ATTACHED hwnd=5902260
[16:02:41.454] YOUTUBE_BROWSER_ATTACHED hwnd=4396294
[16:03:02.871] YOUTUBE_BROWSER_STOP
[16:03:02.907] YOUTUBE_BROWSER_STOP
[16:03:02.947] YOUTUBE_BROWSER_STOP
[16:03:02.991] YOUTUBE_BROWSER_STOP
[16:03:03.048] YOUTUBE_BROWSER_STOP
[16:03:03.108] YOUTUBE_BROWSER_STOP
[16:03:03.180] YOUTUBE_BROWSER_STOP
[16:05:35.298] [SBL] RESOLVE_FEED starting original=https://youtube.com/watch
[16:05:35.298] [SCL] RESOLVE_FEED starting original=https://youtube.com/watch
[16:05:35.299] [SCL] RESOLVE_FEED failed error=UnboundLocalError("cannot access local variable 'yt_dlp' where it is not associated with a value")
[16:05:35.299] [SBL] RESOLVE_FEED failed error=UnboundLocalError("cannot access local variable 'yt_dlp' where it is not associated with a value")
[16:05:35.299] [MGL] RESOLVE_FEED starting original=https://youtube.com/watch
[16:05:35.301] [MGL] RESOLVE_FEED failed error=UnboundLocalError("cannot access local variable 'yt_dlp' where it is not associated with a value")
[16:05:35.301] [Sentinel] RESOLVE_FEED starting original=https://youtube.com/watch
[16:05:35.302] [Sentinel] RESOLVE_FEED failed error=UnboundLocalError("cannot access local variable 'yt_dlp' where it is not associated with a value")
[16:05:35.302] [Rover1] RESOLVE_FEED starting original=https://www.youtube.com/watch
[16:05:35.303] [Rover1] RESOLVE_FEED failed error=UnboundLocalError("cannot access local variable 'yt_dlp' where it is not associated with a value")
[16:05:35.303] [Rocket Ranch] RESOLVE_FEED starting original=https://youtube.com/watch
[16:05:35.304] [Rocket Ranch] RESOLVE_FEED failed error=UnboundLocalError("cannot access local variable 'yt_dlp' where it is not associated with a value")
[16:05:35.304] [Nerdle] RESOLVE_FEED starting original=https://www.youtube.com/watch
[16:05:35.306] [Nerdle] RESOLVE_FEED failed error=UnboundLocalError("cannot access local variable 'yt_dlp' where it is not associated with a value")
[16:06:45.297] [SBL] RESOLVE_FEED starting original=https://youtube.com/watch
[16:06:45.298] RESOLVE starting original=https://youtube.com/watch
[16:06:45.299] [SCL] RESOLVE_FEED starting original=https://youtube.com/watch
[16:06:45.300] RESOLVE starting original=https://youtube.com/watch
[16:06:45.300] [MGL] RESOLVE_FEED starting original=https://youtube.com/watch
[16:06:45.301] [Sentinel] RESOLVE_FEED starting original=https://youtube.com/watch
[16:06:45.303] RESOLVE starting original=https://youtube.com/watch
[16:06:45.302] RESOLVE starting original=https://youtube.com/watch
[16:06:45.302] [Rover1] RESOLVE_FEED starting original=https://www.youtube.com/watch
[16:06:45.304] [Rocket Ranch] RESOLVE_FEED starting original=https://youtube.com/watch
[16:06:45.305] [Nerdle] RESOLVE_FEED starting original=https://www.youtube.com/watch
[16:06:45.307] RESOLVE starting original=https://www.youtube.com/watch
[16:06:45.309] RESOLVE starting original=https://youtube.com/watch
[16:06:45.310] RESOLVE starting original=https://www.youtube.com/watch
[16:06:48.149] RESOLVE failed for https://youtube.com/watch: No valid playback URL found in metadata.
[16:06:48.198] [SBL] RESOLVE_FEED failed error=RuntimeError('Could not extract a playable stream from that link: No valid playback URL found in metadata.')
[16:06:48.199] RESOLVE failed for https://www.youtube.com/watch: No valid playback URL found in metadata.
[16:06:48.210] [Nerdle] RESOLVE_FEED failed error=RuntimeError('Could not extract a playable stream from that link: No valid playback URL found in metadata.')
[16:06:48.361] RESOLVE failed for https://youtube.com/watch: No valid playback URL found in metadata.
[16:06:48.362] [SCL] RESOLVE_FEED failed error=RuntimeError('Could not extract a playable stream from that link: No valid playback URL found in metadata.')
[16:06:48.483] RESOLVE failed for https://www.youtube.com/watch: No valid playback URL found in metadata.
[16:06:48.484] [Rover1] RESOLVE_FEED failed error=RuntimeError('Could not extract a playable stream from that link: No valid playback URL found in metadata.')
[16:06:48.731] RESOLVE failed for https://youtube.com/watch: No valid playback URL found in metadata.
[16:06:48.742] [MGL] RESOLVE_FEED failed error=RuntimeError('Could not extract a playable stream from that link: No valid playback URL found in metadata.')
[16:06:48.873] RESOLVE failed for https://youtube.com/watch: No valid playback URL found in metadata.
[16:06:48.873] [Rocket Ranch] RESOLVE_FEED failed error=RuntimeError('Could not extract a playable stream from that link: No valid playback URL found in metadata.')
[16:06:49.225] RESOLVE failed for https://youtube.com/watch: No valid playback URL found in metadata.
[16:06:49.226] [Sentinel] RESOLVE_FEED failed error=RuntimeError('Could not extract a playable stream from that link: No valid playback URL found in metadata.')
[16:07:43.165] [Test] YOUTUBE_BROWSER_START count=1
[16:07:43.890] [Test] YOUTUBE_BROWSER_START count=1
[16:07:44.690] [Test] YOUTUBE_BROWSER_START count=1
[16:07:45.546] [Test] YOUTUBE_BROWSER_START count=1
[16:07:46.482] [Test] YOUTUBE_BROWSER_START count=1
[16:07:47.679] [Test] YOUTUBE_BROWSER_START count=1
[16:07:50.505] [Test] YOUTUBE_BROWSER_START count=1
[16:07:54.796] YOUTUBE_BROWSER_ATTACHED hwnd=5055480
[16:07:54.837] YOUTUBE_BROWSER_ATTACHED hwnd=793252
[16:07:54.865] YOUTUBE_BROWSER_ATTACHED hwnd=4924532
[16:07:54.883] YOUTUBE_BROWSER_ATTACHED hwnd=3286066
[16:07:54.904] YOUTUBE_BROWSER_ATTACHED hwnd=4069614
[16:07:54.917] YOUTUBE_BROWSER_ATTACHED hwnd=4134680
[16:07:56.697] YOUTUBE_BROWSER_ATTACHED hwnd=6230948
[16:11:34.418] [Test] YOUTUBE_BROWSER_START count=1
[16:11:35.136] [Test] YOUTUBE_BROWSER_START count=1
[16:11:35.943] [Test] YOUTUBE_BROWSER_START count=1
[16:11:36.835] [Test] YOUTUBE_BROWSER_START count=1
[16:11:37.772] [Test] YOUTUBE_BROWSER_START count=1
[16:11:38.979] [Test] YOUTUBE_BROWSER_START count=1
[16:11:41.901] [Test] YOUTUBE_BROWSER_START count=1
[16:11:46.268] YOUTUBE_BROWSER_ATTACHED hwnd=2757766
[16:11:46.303] YOUTUBE_BROWSER_ATTACHED hwnd=5969012
[16:11:46.327] YOUTUBE_BROWSER_ATTACHED hwnd=8980050
[16:11:46.356] YOUTUBE_BROWSER_ATTACHED hwnd=1119560
[16:11:46.376] YOUTUBE_BROWSER_ATTACHED hwnd=2560264
[16:11:46.395] YOUTUBE_BROWSER_ATTACHED hwnd=2627432
[16:11:48.175] YOUTUBE_BROWSER_ATTACHED hwnd=2368428
[16:13:19.513] [Test] YOUTUBE_BROWSER_START count=1
[16:13:20.239] [Test] YOUTUBE_BROWSER_START count=1
[16:13:21.034] [Test] YOUTUBE_BROWSER_START count=1
[16:13:21.897] [Test] YOUTUBE_BROWSER_START count=1
[16:13:22.827] [Test] YOUTUBE_BROWSER_START count=1
[16:13:24.247] [Test] YOUTUBE_BROWSER_START count=1
[16:13:28.142] [Test] YOUTUBE_BROWSER_START count=1
[16:13:31.481] YOUTUBE_BROWSER_ATTACHED hwnd=6292476
[16:13:31.494] YOUTUBE_BROWSER_ATTACHED hwnd=4723560
[16:13:31.510] YOUTUBE_BROWSER_ATTACHED hwnd=5379588
[16:13:31.525] YOUTUBE_BROWSER_ATTACHED hwnd=4659030
[16:13:31.538] YOUTUBE_BROWSER_ATTACHED hwnd=4068888
[16:13:31.551] YOUTUBE_BROWSER_ATTACHED hwnd=793260
[16:13:33.345] YOUTUBE_BROWSER_ATTACHED hwnd=4924450
[16:13:46.207] YOUTUBE_BROWSER_STOP
[16:13:46.244] YOUTUBE_BROWSER_STOP
[16:13:46.283] YOUTUBE_BROWSER_STOP
[16:13:46.329] YOUTUBE_BROWSER_STOP
[16:13:46.384] YOUTUBE_BROWSER_STOP
[16:13:46.454] YOUTUBE_BROWSER_STOP
[16:13:46.527] YOUTUBE_BROWSER_STOP
[16:13:47.435] [Test] YOUTUBE_BROWSER_START count=1
[16:13:48.575] [Test] YOUTUBE_BROWSER_START count=1
[16:13:49.593] [Test] YOUTUBE_BROWSER_START count=1
[16:13:49.612] [Test] YOUTUBE_BROWSER_START count=1
[16:13:50.628] [Test] YOUTUBE_BROWSER_START count=1
[16:13:50.645] [Test] YOUTUBE_BROWSER_START count=1
[16:13:51.665] [Test] YOUTUBE_BROWSER_START count=1
[16:13:51.845] YOUTUBE_BROWSER_ATTACHED hwnd=990258
[16:13:51.928] YOUTUBE_BROWSER_ATTACHED hwnd=1644968
[16:13:52.022] YOUTUBE_BROWSER_ATTACHED hwnd=5512202
[16:13:53.334] YOUTUBE_BROWSER_ATTACHED hwnd=6755254
[16:13:53.372] YOUTUBE_BROWSER_ATTACHED hwnd=5906886
[16:13:54.745] YOUTUBE_BROWSER_ATTACHED hwnd=7147604
[16:13:54.773] YOUTUBE_BROWSER_ATTACHED hwnd=4921010
[16:16:20.978] [Test] YOUTUBE_BROWSER_START count=1
[16:16:21.714] [Test] YOUTUBE_BROWSER_START count=1
[16:16:22.519] [Test] YOUTUBE_BROWSER_START count=1
[16:16:23.387] [Test] YOUTUBE_BROWSER_START count=1
[16:16:24.364] [Test] YOUTUBE_BROWSER_START count=1
[16:16:25.821] [Test] YOUTUBE_BROWSER_START count=1
[16:16:29.739] [Test] YOUTUBE_BROWSER_START count=1
[16:16:33.120] YOUTUBE_BROWSER_ATTACHED hwnd=2233996
[16:16:33.143] YOUTUBE_BROWSER_ATTACHED hwnd=9570842
[16:16:33.164] YOUTUBE_BROWSER_ATTACHED hwnd=5445804
[16:16:33.177] YOUTUBE_BROWSER_ATTACHED hwnd=2171366
[16:16:33.193] YOUTUBE_BROWSER_ATTACHED hwnd=725158
[16:16:33.204] YOUTUBE_BROWSER_ATTACHED hwnd=3744550
[16:16:35.075] YOUTUBE_BROWSER_ATTACHED hwnd=5641324
[16:17:42.108] [Test] YOUTUBE_BROWSER_START count=1
[16:17:42.796] [Test] YOUTUBE_BROWSER_START count=1
[16:17:43.558] [Test] YOUTUBE_BROWSER_START count=1
[16:17:44.380] [Test] YOUTUBE_BROWSER_START count=1
[16:17:45.261] [Test] YOUTUBE_BROWSER_START count=1
[16:17:46.431] [Test] YOUTUBE_BROWSER_START count=1
[16:17:49.147] [Test] YOUTUBE_BROWSER_START count=1
[16:17:53.928] YOUTUBE_BROWSER_ATTACHED hwnd=6624380
[16:17:53.946] YOUTUBE_BROWSER_ATTACHED hwnd=6624680
[16:17:53.963] YOUTUBE_BROWSER_ATTACHED hwnd=3611130
[16:17:53.979] YOUTUBE_BROWSER_ATTACHED hwnd=7475330
[16:17:53.993] YOUTUBE_BROWSER_ATTACHED hwnd=2037076
[16:17:54.005] YOUTUBE_BROWSER_ATTACHED hwnd=5181868
[16:17:56.018] YOUTUBE_BROWSER_ATTACHED hwnd=16786338
[16:18:15.517] [Test] YOUTUBE_BROWSER_START count=1
[16:18:16.249] [Test] YOUTUBE_BROWSER_START count=1
[16:18:17.074] [Test] YOUTUBE_BROWSER_START count=1
[16:18:17.953] [Test] YOUTUBE_BROWSER_START count=1
[16:18:18.892] [Test] YOUTUBE_BROWSER_START count=1
[16:18:20.315] [Test] YOUTUBE_BROWSER_START count=1
[16:18:24.281] [Test] YOUTUBE_BROWSER_START count=1
[16:18:27.681] YOUTUBE_BROWSER_ATTACHED hwnd=6754016
[16:18:27.703] YOUTUBE_BROWSER_ATTACHED hwnd=3215688
[16:18:27.721] YOUTUBE_BROWSER_ATTACHED hwnd=3807088
[16:18:27.734] YOUTUBE_BROWSER_ATTACHED hwnd=5969622
[16:18:27.745] YOUTUBE_BROWSER_ATTACHED hwnd=3479424
[16:18:27.758] YOUTUBE_BROWSER_ATTACHED hwnd=4658804
[16:18:29.613] YOUTUBE_BROWSER_ATTACHED hwnd=5313478
[16:18:36.964] YOUTUBE_BROWSER_STOP
[16:18:37.006] YOUTUBE_BROWSER_STOP
[16:18:37.060] YOUTUBE_BROWSER_STOP
[16:18:37.116] YOUTUBE_BROWSER_STOP
[16:18:37.184] YOUTUBE_BROWSER_STOP
[16:18:37.243] YOUTUBE_BROWSER_STOP
[16:18:37.322] YOUTUBE_BROWSER_STOP
[16:19:14.407] [Test] YOUTUBE_BROWSER_START count=1
[16:19:15.223] [Test] YOUTUBE_BROWSER_START count=1
[16:19:16.100] [Test] YOUTUBE_BROWSER_START count=1
[16:19:17.069] [Test] YOUTUBE_BROWSER_START count=1
[16:19:18.086] [Test] YOUTUBE_BROWSER_START count=1
[16:19:19.638] [Test] YOUTUBE_BROWSER_START count=1
[16:19:24.046] [Test] YOUTUBE_BROWSER_START count=1
[16:19:27.785] YOUTUBE_BROWSER_ATTACHED hwnd=3151008
[16:19:27.818] YOUTUBE_BROWSER_ATTACHED hwnd=6165314
[16:19:27.837] YOUTUBE_BROWSER_ATTACHED hwnd=1253214
[16:19:27.855] YOUTUBE_BROWSER_ATTACHED hwnd=4659938
[16:19:27.873] YOUTUBE_BROWSER_ATTACHED hwnd=4462104
[16:19:27.885] YOUTUBE_BROWSER_ATTACHED hwnd=5970668
[16:19:31.588] YOUTUBE_BROWSER_ATTACHED hwnd=2234598
